chr2:96087969:A:T	A	T	0/0	1/1	0/0	1/1	1/1	1/1	0/1	1/1	0/1	./.	0/0	0/0	0/1	0/1	0/1	1/1	1/1	0/0	0/0	0/1	0/0
chr2:113554163:A:G	A	G	1/1	1/1	0/1	1/1	0/0	0/1	0/1	0/0	1/1	1/1	0/0	1/1	./.	0/0	0/0	0/0	0/0	0/0	1/1	0/1	1/1
chr2:116998300:G:T	G	T	1/1	0/0	0/0	0/0	0/0	0/1	0/1	1/1	0/0	1/1	./.	1/1	1/1	0/0	0/1	0/0	1/1	1/1	1/1	0/1	0/0
chr2:166955370:G:T	G	T	0/1	0/0	0/0	0/0	0/1	1/1	0/1	0/0	1/1	0/0	./.	0/0	1/1	1/1	0/1	1/1	0/0	1/1	1/1	0/1	0/1
chr2:326228327:A:G	A	G	0/0	0/0	0/1	0/0	0/1	0/0	0/1	1/1	1/1	1/1	1/1	1/1	0/0	0/1	0/1	0/1	1/1	0/1	0/0	0/0	1/1
chr2:389598939:A:T	T	A	0/1	1/1	0/0	1/1	0/0	1/1	0/1	1/1	1/1	./.	0/1	0/0	0/0	0/0	0/0	0/1	1/1	0/1	0/0	1/1	0/1
chr2:438131745:G:T	G	T	0/1	0/0	0/1	0/0	0/1	0/0	1/1	0/0	0/0	./.	1/1	1/1	0/1	1/1	1/1	0/1	0/0	0/1	0/0	1/1	0/1
chr2:514447390:C:T	T	C	0/1	0/1	0/0	0/1	0/1	0/1	0/1	0/1	0/1	1/1	0/0	0/1	0/1	0/1	0/1	0/1	0/1	0/1	0/1	0/1	0/1
chr2:582500604:A:G	G	A	0/1	0/1	0/1	0/1	1/1	0/0	0/1	0/1	1/1	./.	0/1	0/1	0/0	0/1	0/1	0/1	0/1	0/1	0/1	0/0	0/1
chr2:586411626:A:C	C	A	1/1	0/0	1/1	0/0	0/1	0/0	0/0	0/1	0/0	1/1	./.	1/1	1/1	0/0	0/0	1/1	0/1	0/0	1/1	1/1	0/1
chr2:641918445:C:T	C	T	0/0	1/1	1/1	1/1	0/0	0/0	0/0	0/1	0/1	1/1	1/1	0/0	0/0	0/0	0/0	1/1	0/0	1/1	0/0	1/1	1/1
chr2:646314536:A:T	T	A	0/0	0/0	0/0	0/0	0/0	0/1	1/1	1/1	0/1	0/0	0/1	1/1	0/0	1/1	1/1	0/1	0/1	0/1	1/1	0/1	0/1
chr2:704663332:C:T	C	T	0/0	1/1	0/1	1/1	0/0	1/1	0/0	0/1	0/0	1/1	0/0	0/0	0/1	1/1	1/1	1/1	0/1	0/1	./.	0/0	0/1
chr2:746975767:C:T	T	C	1/1	0/0	0/0	0/0	1/1	1/1	0/0	0/0	1/1	1/1	./.	1/1	0/0	0/0	0/1	1/1	0/1	1/1	0/0	0/0	0/1
chr2:749377018:A:G	G	A	0/0	0/0	0/0	./.	0/1	0/0	1/1	1/1	0/1	1/1	1/1	1/1	0/0	0/0	0/0	0/0	1/1	0/1	1/1	1/1	0/1
chr2:753593131:A:C	C	A	0/0	0/0	0/1	./.	0/0	1/1	1/1	1/1	1/1	1/1	0/0	1/1	0/0	0/0	0/0	1/1	0/1	0/1	0/0	1/1	0/0
chr2:757836466:A:C	C	A	0/0	0/1	0/1	0/1	0/1	0/1	0/1	0/1	0/0	0/1	0/1	0/1	0/1	0/1	0/1	1/1	0/1	0/1	1/1	0/1	0/0
chr2:788731038:A:G	G	A	1/1	1/1	0/1	./.	1/1	0/0	1/1	0/1	0/0	1/1	0/0	0/0	0/0	1/1	0/1	0/0	0/1	0/0	0/0	1/1	1/1
chr2:790312384:A:G	G	A	1/1	0/0	0/0	0/0	1/1	1/1	1/1	0/1	1/1	1/1	0/0	0/0	0/0	0/0	0/1	1/1	0/1	0/0	0/0	1/1	0/1
chr2:917225746:A:G	A	G	0/1	0/1	0/1	0/1	0/0	0/1	0/0	0/0	0/1	1/1	./.	1/1	0/1	1/1	0/1	0/1	0/0	1/1	0/1	0/1	0/1
chr2:927834304:C:T	T	C	0/0	0/1	0/1	0/1	0/0	0/1	0/1	0/1	0/1	0/1	0/1	0/1	0/1	0/1	1/1	0/1	1/1	0/1	0/0	0/1	0/1
chr2:1000291964:C:T	C	T	0/1	0/1	0/1	0/1	0/1	0/1	0/1	0/1	1/1	0/1	0/1	0/1	0/1	0/1	0/1	0/1	0/1	0/0	0/1	0/0	0/1
chr2:1009390765:C:T	C	T	1/1	0/0	0/1	0/0	1/1	1/1	0/0	1/1	0/0	0/0	0/0	0/1	1/1	0/0	0/1	0/0	1/1	1/1	0/0	1/1	0/1
chr2:1050715798:G:T	G	T	0/0	1/1	0/1	1/1	0/0	1/1	0/0	0/1	0/1	./.	0/0	1/1	0/1	1/1	0/1	1/1	0/0	0/1	1/1	0/0	0/0
chr2:1231126025:C:T	C	T	0/1	0/1	0/1	0/1	1/1	0/1	0/1	0/0	0/1	1/1	0/1	0/1	0/1	0/1	0/0	0/1	1/1	0/0	0/1	./.	0/1
chr2:1242037233:A:G	G	A	1/1	0/0	0/1	./.	0/0	1/1	1/1	0/1	0/1	0/1	0/1	0/0	1/1	0/0	0/0	1/1	0/1	0/1	1/1	0/1	0/0
chr2:1372326230:G:T	T	G	1/1	0/0	1/1	./.	1/1	0/0	1/1	0/1	0/1	1/1	0/0	0/1	0/0	0/0	0/0	1/1	1/1	0/0	0/0	1/1	0/1
chr2:1426119534:A:G	G	A	0/0	1/1	0/0	./.	1/1	1/1	0/0	0/0	0/1	0/0	1/1	0/1	1/1	1/1	1/1	0/0	0/0	1/1	1/1	0/0	0/0
chr2:1582440579:C:T	T	C	./.	0/0	0/0	0/0	1/1	1/1	1/1	1/1	0/1	0/1	0/0	0/1	0/0	0/0	0/1	0/1	1/1	0/0	1/1	1/1	0/1
chr2:1679602102:C:T	C	T	1/1	1/1	1/1	./.	0/0	0/1	0/0	0/0	1/1	1/1	0/0	0/1	0/0	1/1	0/1	0/1	0/0	0/0	0/0	1/1	1/1
chr2:1685349411:C:T	T	C	0/1	0/1	0/1	0/1	0/1	0/1	0/1	0/1	0/0	0/1	0/1	1/1	0/1	0/1	0/1	0/1	0/1	0/1	1/1	0/0	0/1
chr3:25490081:C:T	T	C	0/1	0/0	0/1	0/0	0/1	0/1	1/1	0/1	0/1	0/1	0/1	0/1	1/1	0/1	0/1	0/1	1/1	0/0	0/1	0/1	0/1
chr3:84140580:C:T	C	T	1/1	0/0	1/1	0/0	0/0	0/1	0/1	1/1	0/0	1/1	./.	1/1	1/1	0/0	0/1	1/1	0/0	0/0	0/0	1/1	0/1
chr3:106823902:A:G	G	A	0/0	1/1	0/0	1/1	0/0	0/0	0/1	0/0	0/0	./.	1/1	1/1	1/1	1/1	1/1	1/1	0/1	1/1	0/0	0/0	0/0
chr3:118430153:C:T	T	C	0/1	0/1	0/1	0/1	0/1	0/1	0/1	0/1	0/1	0/0	0/1	0/1	0/1	0/1	0/1	0/1	0/1	0/1	./.	0/1	0/1
chr3:118869325:A:G	G	A	0/1	0/1	0/1	0/1	0/1	0/1	0/1	0/1	0/0	0/1	./.	0/1	0/1	0/1	0/1	0/1	0/1	0/1	0/1	0/1	0/1
chr3:505519994:A:C	A	C	0/1	1/1	0/1	./.	0/0	0/0	0/0	1/1	0/0	0/0	1/1	1/1	1/1	0/0	0/1	1/1	0/0	1/1	1/1	0/0	0/1
chr3:572466023:A:G	A	G	1/1	0/0	0/0	./.	0/0	0/1	0/0	1/1	0/0	1/1	1/1	1/1	1/1	1/1	0/1	0/0	0/1	1/1	0/0	0/0	0/1
chr3:601621515:A:G	A	G	0/0	1/1	1/1	1/1	0/0	0/1	0/0	0/1	0/1	1/1	1/1	0/1	0/0	1/1	0/0	1/1	0/0	./.	0/0	0/1	0/1
chr3:640139594:C:T	C	T	0/1	0/1	0/0	0/1	0/0	0/0	0/1	1/1	1/1	0/0	0/0	1/1	0/0	0/1	1/1	1/1	0/1	0/1	1/1	0/0	1/1
chr3:669770720:C:T	C	T	0/1	0/1	0/1	0/1	0/1	0/1	0/1	0/1	0/1	0/1	0/1	0/1	0/1	0/1	0/0	0/1	0/1	0/1	0/1	0/1	0/1
chr3:688233880:C:T	C	T	0/0	0/0	1/1	0/0	0/1	0/1	1/1	0/0	0/1	1/1	0/1	0/0	0/0	1/1	0/1	0/0	1/1	0/0	1/1	1/1	1/1
chr3:709799367:A:C	A	C	./.	0/1	0/1	0/1	0/1	0/1	1/1	0/1	0/1	0/1	0/1	0/1	0/1	0/1	0/1	0/1	0/1	0/1	0/1	0/0	0/1
chr3:782698170:A:C	C	A	0/0	0/0	0/1	0/0	1/1	0/1	1/1	0/1	1/1	0/1	0/0	1/1	1/1	0/0	0/1	0/1	0/1	1/1	0/0	0/0	0/1
chr3:930781725:C:T	C	T	0/0	1/1	0/0	1/1	0/1	0/0	1/1	0/0	0/1	1/1	./.	0/0	1/1	0/0	0/0	1/1	0/1	0/0	1/1	1/1	0/1
chr3:954630350:G:T	G	T	1/1	0/0	0/0	0/0	1/1	0/0	1/1	0/0	0/1	0/0	0/0	1/1	1/1	0/0	0/1	1/1	1/1	0/0	1/1	1/1	0/0
chr3:1116829773:A:G	G	A	1/1	1/1	1/1	1/1	0/0	0/0	0/0	0/0	0/1	0/0	./.	0/0	1/1	1/1	0/1	1/1	0/0	0/1	1/1	0/0	0/1
chr3:1156911232:A:G	A	G	0/1	0/1	0/1	0/1	0/1	0/1	0/1	0/1	0/1	0/0	./.	0/1	1/1	0/1	0/1	0/1	0/1	0/1	0/1	0/1	0/1
chr3:1430897534:A:C	C	A	1/1	0/0	0/1	0/0	0/1	1/1	1/1	0/1	0/0	0/1	./.	0/1	1/1	1/1	0/1	0/0	1/1	1/1	0/0	0/0	0/0
chr4:35683435:C:T	T	C	0/0	0/0	0/1	0/0	0/0	1/1	0/0	1/1	0/1	0/0	./.	1/1	1/1	0/0	0/1	0/1	0/1	1/1	1/1	1/1	0/1
chr4:76012408:A:G	G	A	0/1	0/1	0/0	0/1	0/0	0/1	1/1	1/1	0/1	./.	0/1	0/1	0/1	0/1	0/1	1/1	0/0	0/1	0/1	1/1	0/0
chr4:282650191:C:T	C	T	0/0	1/1	0/1	0/0	1/1	0/0	0/0	0/0	1/1	1/1	0/0	1/1	1/1	0/1	0/1	1/1	0/0	0/0	0/0	1/1	0/1
chr4:369428679:C:T	C	T	1/1	1/1	0/1	1/1	0/1	1/1	0/0	0/1	0/0	0/0	0/1	1/1	1/1	0/0	0/1	0/0	0/0	0/0	./.	1/1	0/1
chr4:399495780:A:C	A	C	0/0	0/0	0/1	0/0	0/1	0/1	0/0	1/1	1/1	1/1	1/1	0/0	0/0	1/1	1/1	1/1	1/1	0/0	0/0	0/0	0/1
chr4:519073352:A:C	C	A	1/1	0/0	1/1	0/0	1/1	1/1	0/0	0/1	0/0	1/1	1/1	0/1	0/0	1/1	0/1	0/1	1/1	0/0	0/0	0/0	0/1
chr4:562908069:C:G	G	C	./.	1/1	0/0	1/1	0/1	1/1	0/0	0/1	0/0	1/1	1/1	0/0	0/0	0/0	0/0	0/1	1/1	0/0	1/1	1/1	0/1
chr4:583715748:C:T	C	T	1/1	0/0	1/1	./.	0/1	0/1	0/0	0/1	0/1	0/0	0/0	0/1	0/0	0/0	0/1	1/1	1/1	1/1	1/1	0/0	1/1
chr4:671146674:A:G	G	A	1/1	0/0	1/1	0/0	0/0	0/1	1/1	0/1	0/0	1/1	./.	1/1	0/0	1/1	1/1	0/1	0/0	0/0	1/1	0/0	0/1
chr4:707310010:G:T	G	T	0/0	1/1	0/0	1/1	0/1	1/1	0/0	0/1	1/1	./.	1/1	0/0	0/0	0/0	0/0	0/1	1/1	1/1	0/0	1/1	0/1
chr4:726098565:C:T	C	T	0/1	0/1	0/1	0/1	1/1	0/1	0/1	0/1	0/1	0/0	0/0	0/1	0/1	1/1	1/1	0/0	0/1	0/1	0/1	0/1	0/0
chr4:766520376:A:G	G	A	0/1	1/1	0/1	0/1	0/1	0/1	0/1	0/1	0/1	0/0	0/1	0/1	./.	0/1	0/1	1/1	0/0	0/1	0/1	0/1	0/1
chr4:904655316:C:T	C	T	1/1	0/1	1/1	0/0	0/0	./.	1/1	0/1	0/0	0/1	0/1	0/0	1/1	1/1	1/1	0/0	0/0	1/1	0/1	0/0	0/1
chr4:1004820079:A:C	A	C	0/0	0/0	1/1	0/0	0/1	1/1	0/0	0/0	0/1	1/1	1/1	1/1	0/0	0/1	0/1	0/0	0/1	1/1	0/0	1/1	0/1
chr4:1069901431:A:G	A	G	1/1	0/1	0/1	1/1	0/1	0/1	0/1	0/1	0/1	1/1	0/0	0/1	0/1	0/0	0/0	0/1	0/1	0/1	0/1	0/1	0/1
chr4:1225735889:C:T	C	T	0/1	0/1	0/1	0/1	0/1	0/1	0/1	0/1	0/0	1/1	./.	0/1	0/0	0/1	0/1	0/1	0/1	0/0	1/1	0/1	0/1
chr4:1248330187:A:G	A	G	0/1	1/1	0/0	1/1	0/1	0/0	0/1	0/1	1/1	1/1	1/1	0/1	0/0	0/0	0/0	0/1	0/1	0/1	0/0	./.	0/1
chr4:1255335465:C:T	C	T	0/0	0/1	0/1	1/1	0/1	0/1	0/1	0/1	0/1	0/0	./.	1/1	0/1	0/1	0/1	0/1	0/1	0/0	0/1	0/1	0/1
chr4:1260448718:C:T	T	C	0/1	0/1	0/1	0/0	0/1	0/1	0/1	0/1	0/1	0/1	0/1	0/1	1/1	0/1	1/1	0/1	0/1	0/0	0/1	0/1	0/1
chr4:1505900672:C:T	C	T	./.	1/1	0/1	1/1	1/1	0/1	1/1	1/1	0/0	0/0	0/0	0/0	0/0	0/0	0/0	0/1	1/1	0/0	1/1	1/1	0/0
chr4:1531751376:A:G	G	A	0/1	0/1	0/1	0/1	0/1	0/1	0/1	0/1	0/1	0/1	./.	0/0	0/1	0/1	0/1	1/1	0/1	0/1	0/1	0/1	0/1
chr4:1578032719:A:G	G	A	0/1	0/1	0/1	0/1	0/1	0/1	0/1	0/1	0/1	0/1	0/1	./.	0/1	0/1	0/1	0/1	0/1	0/1	0/0	1/1	0/1
chr5:24337734:A:T	T	A	1/1	1/1	1/1	1/1	0/1	0/1	0/0	0/1	0/0	./.	0/0	1/1	1/1	1/1	0/1	0/0	0/0	1/1	0/0	0/0	0/0
chr5:28835381:A:C	A	C	0/1	0/0	1/1	0/0	0/1	0/1	0/0	0/1	1/1	./.	0/1	0/0	0/0	1/1	1/1	0/0	0/0	1/1	1/1	0/0	1/1
chr5:80804829:C:G	G	C	0/0	1/1	0/0	1/1	0/1	0/1	1/1	0/1	0/0	0/0	0/0	1/1	./.	1/1	1/1	0/1	0/0	0/0	1/1	0/1	0/1
chr5:105954585:C:T	C	T	0/1	0/1	0/1	0/1	0/1	0/1	0/1	0/1	0/1	0/1	0/1	0/1	./.	0/0	0/1	0/1	0/1	0/1	0/1	0/1	0/1
chr5:157205807:C:T	C	T	0/0	1/1	0/0	./.	0/1	0/1	0/0	1/1	1/1	0/0	0/0	1/1	0/0	1/1	1/1	0/0	0/0	0/0	1/1	1/1	0/1
chr5:163813368:C:T	C	T	./.	0/1	0/0	1/1	1/1	1/1	1/1	0/1	0/0	1/1	1/1	0/0	0/0	0/0	0/1	0/1	0/0	1/1	0/0	0/1	0/1
chr5:435491031:A:G	G	A	0/1	0/1	1/1	0/1	0/1	0/1	0/1	0/1	0/0	0/0	./.	0/1	0/1	0/1	0/1	0/1	0/1	0/0	0/1	1/1	0/1
chr5:452818136:C:G	C	G	0/1	0/1	0/1	0/1	0/1	0/1	0/1	0/1	0/1	0/1	./.	0/1	0/1	0/1	0/1	0/1	0/1	0/0	0/1	0/1	0/1
chr5:724417340:A:G	G	A	0/0	1/1	1/1	1/1	1/1	0/0	0/0	0/0	0/0	./.	1/1	0/0	1/1	0/0	0/0	1/1	0/1	1/1	0/1	0/1	0/1
chr5:742986796:A:G	G	A	1/1	0/0	0/0	0/0	1/1	1/1	1/1	0/0	0/0	0/0	./.	0/0	0/0	1/1	1/1	1/1	0/1	0/0	0/0	1/1	1/1
chr5:816047640:A:C	C	A	0/0	1/1	0/1	./.	0/0	0/0	1/1	1/1	0/1	1/1	0/1	1/1	0/1	0/0	0/1	1/1	0/0	1/1	0/1	0/0	0/0
chr5:934548665:A:G	A	G	0/1	0/0	0/1	0/1	0/1	0/1	0/1	0/1	0/1	./.	1/1	0/0	0/0	0/1	0/1	0/1	0/1	1/1	0/1	0/1	0/1
chr5:957478078:G:T	G	T	./.	1/1	0/0	1/1	0/1	0/0	0/0	0/0	0/0	0/0	0/1	1/1	0/1	1/1	1/1	1/1	0/1	0/0	1/1	0/1	0/0
chr5:1023223431:A:G	A	G	1/1	0/1	1/1	0/1	0/1	0/1	0/0	1/1	0/1	0/0	./.	0/0	0/0	0/0	0/0	0/1	0/1	0/1	1/1	1/1	0/1
chr5:1028106634:C:T	C	T	1/1	0/0	0/1	0/0	1/1	1/1	1/1	0/1	0/0	0/0	0/0	0/1	1/1	0/1	0/1	1/1	0/1	0/0	0/1	0/1	./.
chr5:1051170209:A:G	G	A	1/1	0/0	1/1	0/0	1/1	0/0	0/1	0/1	0/0	./.	0/0	0/1	0/1	1/1	1/1	0/0	0/1	0/1	0/1	1/1	0/1
chr5:1154728947:C:T	C	T	0/0	0/1	0/0	0/1	1/1	1/1	0/0	1/1	0/0	1/1	1/1	0/0	0/1	0/0	0/1	0/1	1/1	0/0	./.	0/1	0/1
chr5:1185415343:A:G	A	G	0/1	0/1	1/1	0/1	0/1	0/1	0/1	0/1	0/1	0/1	0/1	0/1	0/0	0/1	0/1	./.	0/1	0/1	0/1	0/1	0/1
chr5:1290568347:A:G	G	A	1/1	0/0	1/1	./.	1/1	0/1	0/1	0/0	0/0	0/0	1/1	1/1	0/0	0/1	1/1	0/1	0/0	1/1	0/1	0/1	0/0
chr6:49501398:C:T	T	C	0/1	1/1	0/1	1/1	0/1	0/1	0/1	0/1	0/1	./.	0/1	0/1	0/1	0/1	0/1	0/1	0/1	0/1	0/0	0/0	0/1
chr6:51749213:A:G	G	A	0/1	0/0	0/1	0/0	0/0	1/1	1/1	0/1	0/0	./.	0/0	0/1	0/1	1/1	0/1	1/1	1/1	0/0	0/1	1/1	0/1
chr6:79784464:A:C	C	A	./.	0/1	0/1	0/1	0/1	0/1	1/1	0/1	0/1	0/1	0/1	0/1	0/1	0/0	0/1	1/1	0/1	0/1	0/0	0/1	0/1
chr6:456201107:C:T	T	C	0/1	0/0	0/1	0/0	0/1	0/0	1/1	0/1	0/1	0/1	0/1	0/1	0/1	0/1	1/1	0/0	0/0	0/1	1/1	1/1	0/1
chr6:658516587:C:T	C	T	0/1	0/1	0/1	0/1	0/1	0/1	1/1	0/1	0/1	0/1	0/1	0/1	1/1	0/1	0/1	0/1	0/0	0/0	0/1	0/1	0/1
chr6:713748933:C:T	C	T	0/1	1/1	0/1	1/1	0/1	0/1	0/1	0/0	0/0	0/1	0/1	0/1	1/1	0/1	0/0	0/1	./.	0/0	0/1	1/1	0/1
chr6:740398209:A:G	G	A	0/1	0/1	0/0	0/1	0/1	0/1	1/1	0/1	0/1	0/1	./.	0/1	0/1	0/1	0/1	0/1	0/1	0/1	0/1	0/1	0/1
chr6:899293109:C:T	C	T	0/1	0/0	0/0	0/0	1/1	0/1	1/1	0/0	0/1	0/1	./.	1/1	0/0	1/1	1/1	0/1	1/1	0/1	0/1	0/0	0/1
chr6:970470954:G:T	G	T	0/0	0/1	0/0	0/1	0/0	1/1	1/1	1/1	0/0	0/0	1/1	./.	1/1	0/0	0/1	0/1	0/0	0/1	0/0	1/1	1/1
chr6:1074315995:A:G	A	G	0/1	0/1	0/1	0/1	0/1	0/1	0/1	0/1	0/1	0/0	./.	0/1	0/1	0/1	0/1	0/1	0/1	0/1	0/1	0/1	1/1
chr6:1337842821:A:G	A	G	0/1	0/1	0/1	0/1	0/1	0/1	0/1	0/1	0/0	1/1	1/1	0/0	0/1	0/1	0/1	0/0	1/1	0/1	0/1	0/1	0/0
chr1L:2959066:A:C	C	A	0/1	0/1	0/1	0/1	0/1	0/1	0/1	0/1	0/1	0/1	0/1	0/1	0/1	0/1	0/1	0/1	0/1	0/1	0/1	0/0	0/1
chr1L:9139829:C:T	C	T	./.	1/1	0/0	1/1	1/1	0/0	1/1	1/1	0/1	0/0	1/1	0/0	1/1	0/0	0/1	0/0	0/1	0/0	1/1	0/0	0/1
chr1L:54193658:C:T	T	C	0/1	0/0	0/1	./.	0/0	1/1	0/0	0/1	0/1	0/1	0/0	0/1	0/0	1/1	0/1	0/1	0/1	0/1	1/1	1/1	0/1
chr1L:69241599:C:T	C	T	0/1	0/1	0/1	1/1	0/1	0/1	0/1	0/1	1/1	0/0	./.	0/0	0/1	0/0	0/1	0/1	1/1	0/0	0/1	1/1	0/1
chr1L:269222753:A:G	A	G	1/1	1/1	0/0	1/1	0/0	1/1	0/0	0/0	0/1	./.	0/0	1/1	1/1	0/0	1/1	0/0	1/1	0/0	0/0	1/1	0/1
chr1L:431271693:C:T	T	C	0/1	1/1	1/1	1/1	0/1	0/0	0/0	1/1	0/0	1/1	./.	1/1	0/0	0/0	0/0	0/0	0/0	1/1	0/0	1/1	1/1
chr1L:512215143:C:G	G	C	0/1	0/0	0/1	0/0	1/1	0/1	0/0	1/1	1/1	0/1	1/1	1/1	0/1	0/0	0/1	1/1	0/0	0/1	0/0	0/0	0/1
chr1L:576680331:C:T	C	T	0/1	0/1	0/0	1/1	0/1	0/1	0/1	0/1	0/1	0/1	./.	0/1	0/1	0/1	0/0	0/1	0/1	0/1	1/1	0/1	0/1
chr1L:590658208:A:G	A	G	0/0	0/0	0/0	./.	0/1	0/1	0/0	0/0	0/0	1/1	1/1	1/1	1/1	0/0	0/1	0/0	0/0	1/1	1/1	1/1	1/1
chr1L:636824825:G:T	G	T	0/0	0/0	0/0	0/0	0/1	0/1	1/1	1/1	1/1	1/1	./.	0/0	0/0	1/1	1/1	0/0	1/1	1/1	0/0	0/1	0/1
chr1L:680162444:A:G	G	A	0/1	0/1	1/1	0/1	0/1	0/1	0/1	0/1	0/1	./.	0/1	0/1	0/1	0/1	0/1	0/0	0/1	0/1	0/1	0/1	0/1
chr1L:687737649:A:G	A	G	0/1	0/0	0/1	0/0	0/1	0/1	0/1	0/1	0/1	0/1	0/1	1/1	0/1	0/1	0/1	0/1	0/1	0/1	0/1	1/1	0/1
chr1L:704383938:A:G	A	G	1/1	0/0	0/0	0/0	0/1	0/1	0/0	0/0	0/0	1/1	./.	1/1	1/1	0/0	0/1	1/1	0/0	1/1	1/1	1/1	0/1
chr1L:729425161:A:T	T	A	0/1	0/0	0/0	0/0	0/1	0/1	1/1	1/1	1/1	1/1	0/0	0/0	0/0	1/1	0/1	1/1	1/1	0/0	./.	0/0	0/1
chr1L:872162675:G:T	G	T	0/1	1/1	0/0	1/1	0/1	0/1	0/0	0/1	0/0	0/1	./.	1/1	1/1	0/0	0/0	0/0	0/1	1/1	0/0	0/1	1/1
chr1L:938458904:C:T	T	C	0/1	0/1	0/0	0/1	0/1	0/1	0/1	1/1	0/1	0/1	0/1	0/0	0/1	0/1	0/1	0/1	0/1	1/1	0/1	0/1	0/1
chr1L:984014418:A:G	G	A	0/1	0/1	0/0	0/1	0/1	0/1	0/1	0/1	0/1	./.	0/1	1/1	0/1	0/0	0/1	0/1	0/1	0/1	0/1	0/1	0/1
chr1L:1003589949:G:T	G	T	0/0	1/1	0/1	1/1	1/1	0/1	0/0	1/1	1/1	1/1	0/1	0/0	0/0	0/0	0/0	./.	0/1	0/0	1/1	0/0	0/1
chr1L:1008779296:C:T	T	C	0/1	0/1	0/1	0/1	0/1	0/1	0/1	0/1	0/1	0/1	./.	0/1	0/0	0/1	0/1	0/1	0/1	0/1	0/1	0/1	0/1
chr1L:1063778330:C:T	T	C	1/1	1/1	0/0	1/1	0/1	0/1	1/1	0/1	1/1	./.	0/0	0/1	0/0	0/0	0/0	0/1	0/1	0/0	1/1	0/1	0/1
chr1L:1068260783:A:G	G	A	1/1	0/0	./.	0/0	1/1	0/0	1/1	0/1	0/0	0/1	0/0	1/1	0/0	1/1	1/1	0/0	0/1	0/0	1/1	1/1	0/1
chr1L:1093851681:A:C	C	A	0/1	0/1	0/0	0/0	0/1	0/1	1/1	0/1	0/0	./.	0/1	1/1	0/0	1/1	0/1	0/1	0/1	0/1	1/1	0/1	0/1
chr1L:1093876408:C:T	C	T	1/1	0/0	1/1	./.	0/0	1/1	1/1	0/1	0/0	0/0	0/1	0/0	0/0	0/0	0/0	0/1	0/1	1/1	1/1	1/1	1/1
chr1L:1095410610:C:T	C	T	0/0	0/1	0/0	1/1	0/0	0/1	1/1	0/1	0/0	./.	1/1	0/0	1/1	0/0	0/0	0/1	0/1	0/1	1/1	1/1	0/1
chr1L:1100399669:G:T	G	T	0/1	0/1	1/1	0/0	0/0	0/1	0/1	0/1	0/1	./.	0/1	0/1	0/1	0/1	0/1	0/0	0/1	0/1	0/1	1/1	0/1
chr1L:1113158036:A:G	A	G	0/0	1/1	0/0	1/1	1/1	0/1	1/1	0/0	1/1	1/1	./.	1/1	0/0	0/0	0/0	0/0	0/1	0/0	1/1	0/0	0/1
chr1L:1121767612:A:G	G	A	0/1	0/1	0/0	0/1	0/1	0/1	0/1	0/1	0/0	0/1	1/1	0/0	0/0	./.	1/1	0/1	1/1	1/1	0/0	0/1	0/1
chr1L:1130961067:A:G	G	A	0/0	0/0	1/1	0/0	0/0	0/1	1/1	0/1	0/0	./.	0/0	1/1	1/1	1/1	1/1	0/1	0/1	0/0	1/1	0/1	0/0
chr1L:1305387731:C:T	T	C	0/1	0/1	0/1	0/1	0/1	0/1	0/1	0/1	0/1	./.	0/0	0/1	0/1	0/1	0/1	0/1	0/1	0/1	0/1	0/1	0/1
chr1L:1305473632:C:G	C	G	0/1	0/1	0/1	0/1	0/1	0/1	0/1	0/1	0/1	0/0	0/1	0/1	0/1	0/1	0/1	0/1	0/1	0/1	0/1	0/1	0/1
chr1L:1354760066:A:G	G	A	0/0	0/1	0/1	0/1	1/1	0/1	0/1	0/1	0/1	0/1	0/1	0/0	1/1	0/1	0/1	0/0	1/1	0/1	0/1	0/1	0/0
chr1L:1384049647:A:C	C	A	0/1	0/1	0/1	./.	0/1	0/1	1/1	0/1	0/1	0/0	0/1	0/1	0/1	0/1	0/1	0/1	0/1	0/0	0/1	1/1	0/1
chr1L:1410694018:A:T	T	A	0/1	1/1	0/1	1/1	0/1	0/0	1/1	0/1	0/0	0/0	0/1	0/0	1/1	0/1	1/1	0/1	0/1	0/1	0/1	0/0	0/0
chr1L:1848693651:A:T	A	T	0/1	0/1	0/1	1/1	0/0	0/1	0/1	0/1	0/1	1/1	0/0	0/1	0/1	0/1	0/1	0/1	0/1	0/1	0/1	0/1	0/1
chr1S:21695768:C:T	T	C	0/1	0/1	0/1	0/1	0/1	0/1	0/1	0/1	0/0	1/1	./.	0/1	0/0	0/1	0/1	1/1	0/1	0/1	0/1	0/1	0/1
chr1S:90738856:A:G	G	A	0/1	1/1	1/1	1/1	0/0	0/0	0/1	0/1	1/1	0/1	./.	0/1	0/0	0/1	0/1	1/1	0/1	0/1	0/0	0/0	0/1
chr1S:374134089:G:T	T	G	0/1	0/0	0/1	0/0	0/0	1/1	1/1	0/1	1/1	0/1	0/1	0/1	0/0	0/1	0/1	0/1	0/1	0/1	0/1	0/1	0/1
chr1S:428021948:A:G	G	A	0/0	1/1	0/0	1/1	1/1	1/1	0/1	0/1	0/0	./.	1/1	1/1	0/0	0/0	0/1	0/0	0/0	1/1	0/0	0/1	1/1
chr1S:582890125:A:G	G	A	0/1	0/1	0/1	0/1	0/1	0/1	0/1	0/1	0/1	0/0	0/1	0/1	0/1	0/1	0/1	0/1	0/1	0/1	0/1	0/1	0/1
chr1S:763067876:C:T	T	C	0/1	0/0	0/1	0/0	0/1	0/1	0/1	0/1	0/1	1/1	0/1	0/1	0/1	0/1	0/0	0/1	0/1	0/1	1/1	0/1	0/1
chr1S:986010042:A:G	A	G	1/1	1/1	1/1	1/1	0/1	0/1	0/0	0/1	1/1	0/1	0/0	0/1	0/0	1/1	./.	0/0	0/1	0/0	0/0	0/1	0/1
chr1S:1005171044:G:T	G	T	1/1	1/1	1/1	1/1	1/1	0/0	./.	0/0	0/1	0/1	1/1	0/0	0/0	1/1	0/0	1/1	0/0	0/0	0/0	0/1	0/1
chr1S:1302756340:A:G	G	A	0/0	0/0	1/1	0/0	0/1	0/1	0/0	1/1	1/1	0/0	1/1	1/1	0/0	1/1	0/0	1/1	0/0	0/0	1/1	0/1	0/1
chr1S:1341039316:A:G	G	A	0/1	0/1	0/0	1/1	0/1	0/0	0/0	0/0	0/1	1/1	0/1	0/1	0/1	0/0	0/1	./.	1/1	1/1	0/1	0/1	1/1
chr1S:1409286190:C:T	C	T	1/1	1/1	0/1	0/1	0/1	0/0	1/1	0/1	1/1	0/1	1/1	0/1	0/1	0/0	0/0	0/1	0/1	0/0	0/1	0/1	0/0
chr1S:1469594218:A:G	A	G	0/1	0/1	0/1	0/1	0/1	0/1	0/1	0/1	0/1	0/1	0/1	0/1	0/1	0/1	0/1	0/1	0/1	0/1	0/1	0/0	0/1
chr1S:1473412435:G:T	T	G	0/1	0/1	0/1	0/1	0/1	0/0	0/1	0/1	0/1	1/1	0/1	1/1	0/0	1/1	0/1	0/1	0/1	0/0	0/1	0/1	0/1
sca197:83164:A:G	A	G	0/1	1/1	1/1	1/1	0/1	0/0	0/0	1/1	0/1	1/1	./.	0/0	0/0	0/0	0/1	0/0	0/0	1/1	0/0	0/1	1/1
sca400:297455:A:G	A	G	0/1	0/1	0/1	0/1	0/1	0/1	0/1	0/1	0/1	0/1	0/0	0/1	0/1	0/1	0/1	0/1	0/1	0/1	0/1	0/1	0/1
