CHR,SNP,A1,A2,MAF,PIC
3,chr3:84140580:C:T,T,C,0.5,0.375
3,chr3:106823902:A:G,A,G,0.5,0.375
6,chr6:713748933:C:T,T,C,0.5,0.375
6,chr6:899293109:C:T,T,C,0.5,0.375
3,chr3:505519994:A:C,C,A,0.5,0.375
6,chr6:740398209:A:G,A,G,0.5,0.375
chr1S,chr1S:1409286190:C:T,T,C,0.5,0.375
chr1L,chr1L:269222753:A:G,G,A,0.5,0.375
chr1S,chr1S:1473412435:G:T,G,T,0.5,0.375
6,chr6:1074315995:A:G,G,A,0.5,0.375
2,chr2:389598939:A:T,A,T,0.5,0.375
2,chr2:326228327:A:G,G,A,0.5,0.375
6,chr6:658516587:C:T,T,C,0.5,0.375
chr1L,chr1L:431271693:C:T,C,T,0.5,0.375
2,chr2:586411626:A:C,A,C,0.5,0.375
6,chr6:79784464:A:C,A,C,0.5,0.375
6,chr6:51749213:A:G,A,G,0.5,0.375
6,chr6:49501398:C:T,C,T,0.5,0.375
5,chr5:1185415343:A:G,G,A,0.5,0.375
chr1L,chr1L:704383938:A:G,G,A,0.5,0.375
chr1L,chr1L:687737649:A:G,G,A,0.5,0.375
chr1L,chr1L:680162444:A:G,A,G,0.5,0.375
5,chr5:1290568347:A:G,A,G,0.5,0.375
5,chr5:1051170209:A:G,A,G,0.5,0.375
5,chr5:1028106634:C:T,T,C,0.5,0.375
chr1L,chr1L:576680331:C:T,T,C,0.5,0.375
chr1L,chr1L:1093851681:A:C,A,C,0.5,0.375
chr1L,chr1L:1068260783:A:G,A,G,0.5,0.375
2,chr2:704663332:C:T,T,C,0.5,0.375
5,chr5:816047640:A:C,A,C,0.5,0.375
5,chr5:724417340:A:G,A,G,0.5,0.375
chr1L,chr1L:938458904:C:T,C,T,0.5,0.375
chr1S,chr1S:1341039316:A:G,A,G,0.5,0.375
chr1L,chr1L:1093876408:C:T,T,C,0.5,0.375
5,chr5:24337734:A:T,A,T,0.5,0.375
4,chr4:1578032719:A:G,A,G,0.5,0.375
5,chr5:163813368:C:T,T,C,0.5,0.375
chr1L,chr1L:1063778330:C:T,C,T,0.5,0.375
4,chr4:1260448718:C:T,C,T,0.5,0.375
2,chr2:749377018:A:G,A,G,0.5,0.375
5,chr5:80804829:C:G,C,G,0.5,0.375
4,chr4:1531751376:A:G,A,G,0.5,0.375
chr1L,chr1L:636824825:G:T,T,G,0.5,0.375
2,chr2:1050715798:G:T,T,G,0.5,0.375
2,chr2:1679602102:C:T,T,C,0.5,0.375
chr1S,chr1S:428021948:A:G,A,G,0.5,0.375
3,chr3:572466023:A:G,G,A,0.5,0.375
2,chr2:1372326230:G:T,G,T,0.5,0.375
4,chr4:519073352:A:C,A,C,0.5,0.375
4,chr4:583715748:C:T,T,C,0.5,0.375
4,chr4:707310010:G:T,T,G,0.5,0.375
4,chr4:766520376:A:G,A,G,0.5,0.375
chr1L,chr1L:1384049647:A:C,A,C,0.5,0.375
4,chr4:562908069:C:G,C,G,0.5,0.375
2,chr2:788731038:A:G,A,G,0.5,0.375
2,chr2:917225746:A:G,G,A,0.5,0.375
4,chr4:1069901431:A:G,G,A,0.5,0.375
4,chr4:904655316:C:T,T,C,0.5,0.375
chr1S,chr1S:1005171044:G:T,T,G,0.5,0.375
chr1S,chr1S:986010042:A:G,G,A,0.5,0.375
2,chr2:1426119534:A:G,A,G,0.5,0.375
3,chr3:1156911232:A:G,G,A,0.5,0.375
2,chr2:1231126025:C:T,T,C,0.5,0.375
2,chr2:1242037233:A:G,A,G,0.5,0.375
chr1L,chr1L:1848693651:A:T,T,A,0.5,0.375
3,chr3:1116829773:A:G,A,G,0.5,0.375
chr1S,chr1S:21695768:C:T,C,T,0.5,0.375
3,chr3:640139594:C:T,T,C,0.5,0.375
3,chr3:688233880:C:T,T,C,0.5,0.375
4,chr4:369428679:C:T,T,C,0.5,0.375
4,chr4:35683435:C:T,C,T,0.5,0.375
4,chr4:76012408:A:G,A,G,0.5,0.375
3,chr3:1430897534:A:C,A,C,0.5,0.375
3,chr3:601621515:A:G,G,A,0.5,0.375
4,chr4:671146674:A:G,A,G,0.5,0.375
2,chr2:1582440579:C:T,C,T,0.5,0.375
2,chr2:1685349411:C:T,C,T,0.5,0.375
chr1S,chr1S:90738856:A:G,A,G,0.5,0.375
2,chr2:166955370:G:T,T,G,0.5,0.375
2,chr2:113554163:A:G,G,A,0.5,0.375
chr1L,chr1L:9139829:C:T,T,C,0.5,0.375
3,chr3:25490081:C:T,C,T,0.5,0.375
2,chr2:116998300:G:T,T,G,0.5,0.375
2,chr2:96087969:A:T,T,A,0.5,0.375
chr1L,chr1L:69241599:C:T,T,C,0.5,0.375
3,chr3:930781725:C:T,T,C,0.5,0.375
3,chr3:709799367:A:C,C,A,0.5,0.375
3,chr3:669770720:C:T,T,C,0.4762,0.37443291829145264
sca400,sca400:297455:A:G,G,A,0.4762,0.37443291829145264
chr1S,chr1S:582890125:A:G,A,G,0.4762,0.37443291829145264
chr1L,chr1L:2959066:A:C,A,C,0.4762,0.37443291829145264
chr1S,chr1S:1469594218:A:G,G,A,0.4762,0.37443291829145264
chr1S,chr1S:763067876:C:T,C,T,0.4762,0.37443291829145264
4,chr4:1004820079:A:C,C,A,0.4762,0.37443291829145264
2,chr2:1009390765:C:T,T,C,0.4762,0.37443291829145264
chr1L,chr1L:1410694018:A:T,A,T,0.4762,0.37443291829145264
2,chr2:790312384:A:G,A,G,0.4762,0.37443291829145264
4,chr4:726098565:C:T,T,C,0.4762,0.37443291829145264
chr1S,chr1S:374134089:G:T,G,T,0.4762,0.37443291829145264
4,chr4:399495780:A:C,C,A,0.4762,0.37443291829145264
4,chr4:282650191:C:T,T,C,0.4762,0.37443291829145264
6,chr6:1337842821:A:G,G,A,0.4762,0.37443291829145264
3,chr3:782698170:A:C,A,C,0.4762,0.37443291829145264
3,chr3:954630350:G:T,T,G,0.4762,0.37443291829145264
2,chr2:927834304:C:T,C,T,0.4762,0.37443291829145264
2,chr2:1000291964:C:T,T,C,0.4762,0.37443291829145264
2,chr2:514447390:C:T,C,T,0.4762,0.37443291829145264
chr1L,chr1L:512215143:C:G,C,G,0.4762,0.37443291829145264
2,chr2:646314536:A:T,A,T,0.4762,0.37443291829145264
chr1S,chr1S:1302756340:A:G,A,G,0.4762,0.37443291829145264
2,chr2:757836466:A:C,A,C,0.4762,0.37443291829145264
chr1L,chr1L:1354760066:A:G,A,G,0.4762,0.37443291829145264
2,chr2:641918445:C:T,T,C,0.4762,0.37443291829145264
chr1L,chr1L:1305473632:C:G,G,C,0.4762,0.37443291829145264
6,chr6:456201107:C:T,C,T,0.4762,0.37443291829145264
2,chr2:438131745:G:T,T,G,0.475,0.37437421875000004
2,chr2:582500604:A:G,A,G,0.475,0.37437421875000004
6,chr6:970470954:G:T,T,G,0.475,0.37437421875000004
chr1L,chr1L:54193658:C:T,C,T,0.475,0.37437421875000004
sca197,sca197:83164:A:G,G,A,0.475,0.37437421875000004
3,chr3:118430153:C:T,C,T,0.475,0.37437421875000004
3,chr3:118869325:A:G,A,G,0.475,0.37437421875000004
chr1L,chr1L:1305387731:C:T,C,T,0.475,0.37437421875000004
5,chr5:105954585:C:T,T,C,0.475,0.37437421875000004
4,chr4:1248330187:A:G,G,A,0.475,0.37437421875000004
4,chr4:1225735889:C:T,T,C,0.475,0.37437421875000004
4,chr4:1505900672:C:T,T,C,0.475,0.37437421875000004
chr1L,chr1L:1130961067:A:G,A,G,0.475,0.37437421875000004
chr1L,chr1L:1121767612:A:G,A,G,0.475,0.37437421875000004
5,chr5:28835381:A:C,C,A,0.475,0.37437421875000004
4,chr4:1255335465:C:T,T,C,0.475,0.37437421875000004
5,chr5:157205807:C:T,T,C,0.475,0.37437421875000004
chr1L,chr1L:1113158036:A:G,G,A,0.475,0.37437421875000004
chr1L,chr1L:1100399669:G:T,T,G,0.475,0.37437421875000004
chr1L,chr1L:984014418:A:G,A,G,0.475,0.37437421875000004
chr1L,chr1L:1003589949:G:T,T,G,0.475,0.37437421875000004
chr1L,chr1L:1008779296:C:T,C,T,0.475,0.37437421875000004
2,chr2:753593131:A:C,A,C,0.475,0.37437421875000004
chr1L,chr1L:729425161:A:T,A,T,0.475,0.37437421875000004
chr1L,chr1L:1095410610:C:T,T,C,0.475,0.37437421875000004
5,chr5:1154728947:C:T,T,C,0.475,0.37437421875000004
5,chr5:957478078:G:T,T,G,0.475,0.37437421875000004
5,chr5:1023223431:A:G,G,A,0.475,0.37437421875000004
chr1L,chr1L:590658208:A:G,G,A,0.475,0.37437421875000004
5,chr5:452818136:C:G,G,C,0.475,0.37437421875000004
2,chr2:746975767:C:T,C,T,0.475,0.37437421875000004
5,chr5:435491031:A:G,A,G,0.475,0.37437421875000004
5,chr5:742986796:A:G,A,G,0.475,0.37437421875000004
5,chr5:934548665:A:G,G,A,0.475,0.37437421875000004
chr1L,chr1L:872162675:G:T,T,G,0.475,0.37437421875000004
5,chr5:927033919:A:G,A,G,0.475,0.37437421875000004
2,chr2:603014028:A:T,T,A,0.475,0.37437421875000004
2,chr2:713391158:C:T,T,C,0.475,0.37437421875000004
chr1L,chr1L:745758700:C:T,C,T,0.475,0.37437421875000004
chr1S,chr1S:1290549708:C:T,C,T,0.475,0.37437421875000004
6,chr6:1004545335:A:G,G,A,0.475,0.37437421875000004
6,chr6:1023114866:A:G,G,A,0.475,0.37437421875000004
6,chr6:827107751:C:T,C,T,0.475,0.37437421875000004
6,chr6:870282357:A:G,G,A,0.475,0.37437421875000004
6,chr6:899271801:A:G,A,G,0.475,0.37437421875000004
2,chr2:1681559515:A:G,G,A,0.475,0.37437421875000004
2,chr2:479890095:A:G,A,G,0.475,0.37437421875000004
chr1S,chr1S:456700082:C:T,C,T,0.475,0.37437421875000004
3,chr3:251397158:A:G,G,A,0.475,0.37437421875000004
3,chr3:315530740:G:T,T,G,0.475,0.37437421875000004
3,chr3:521390571:C:G,G,C,0.475,0.37437421875000004
3,chr3:118429986:C:T,C,T,0.475,0.37437421875000004
3,chr3:161825328:C:G,C,G,0.475,0.37437421875000004
3,chr3:126791994:C:G,G,C,0.475,0.37437421875000004
3,chr3:280554474:C:G,C,G,0.475,0.37437421875000004
6,chr6:693213425:G:T,G,T,0.475,0.37437421875000004
chr1L,chr1L:438730025:C:T,T,C,0.475,0.37437421875000004
6,chr6:529879318:A:C,A,C,0.475,0.37437421875000004
chr1L,chr1L:506311946:C:T,C,T,0.475,0.37437421875000004
6,chr6:531830676:C:T,T,C,0.475,0.37437421875000004
chr1L,chr1L:549220466:A:G,A,G,0.475,0.37437421875000004
chr1S,chr1S:1467363916:C:T,T,C,0.475,0.37437421875000004
6,chr6:743668795:C:T,C,T,0.475,0.37437421875000004
6,chr6:55623769:A:G,A,G,0.475,0.37437421875000004
2,chr2:323585444:A:G,A,G,0.475,0.37437421875000004
6,chr6:86770962:A:C,A,C,0.475,0.37437421875000004
6,chr6:49275881:A:C,C,A,0.475,0.37437421875000004
6,chr6:75219629:C:T,C,T,0.475,0.37437421875000004
6,chr6:361009986:C:T,T,C,0.475,0.37437421875000004
4,chr4:563707644:A:G,G,A,0.475,0.37437421875000004
2,chr2:850111019:A:G,A,G,0.475,0.37437421875000004
4,chr4:392306211:C:T,T,C,0.475,0.37437421875000004
chr1L,chr1L:1793055637:A:G,G,A,0.475,0.37437421875000004
4,chr4:243549326:C:T,C,T,0.475,0.37437421875000004
4,chr4:206367119:C:T,T,C,0.475,0.37437421875000004
chr1S,chr1S:669637074:A:G,G,A,0.475,0.37437421875000004
chr1S,chr1S:782907716:A:T,A,T,0.475,0.37437421875000004
3,chr3:586961856:C:T,C,T,0.475,0.37437421875000004
4,chr4:113177851:C:T,T,C,0.475,0.37437421875000004
3,chr3:534481677:A:G,G,A,0.475,0.37437421875000004
2,chr2:1046169829:A:C,A,C,0.475,0.37437421875000004
chr1L,chr1L:1439346130:A:C,A,C,0.475,0.37437421875000004
chr1L,chr1L:1465192001:A:G,G,A,0.475,0.37437421875000004
3,chr3:621317578:C:T,T,C,0.475,0.37437421875000004
3,chr3:528105423:A:G,G,A,0.475,0.37437421875000004
chr1S,chr1S:790398003:G:T,G,T,0.475,0.37437421875000004
chr1L,chr1L:1299984571:C:T,T,C,0.475,0.37437421875000004
4,chr4:710188627:A:C,A,C,0.475,0.37437421875000004
4,chr4:602462738:C:T,T,C,0.475,0.37437421875000004
4,chr4:604020342:A:G,A,G,0.475,0.37437421875000004
4,chr4:647281045:A:C,C,A,0.475,0.37437421875000004
4,chr4:991687967:A:G,A,G,0.475,0.37437421875000004
4,chr4:985280593:A:G,A,G,0.475,0.37437421875000004
4,chr4:1056820269:A:G,A,G,0.475,0.37437421875000004
chr1L,chr1L:1255609720:A:G,A,G,0.475,0.37437421875000004
4,chr4:848196301:C:T,T,C,0.475,0.37437421875000004
chr1L,chr1L:1393026556:C:T,C,T,0.475,0.37437421875000004
4,chr4:689057072:G:T,T,G,0.475,0.37437421875000004
4,chr4:752643784:C:T,T,C,0.475,0.37437421875000004
4,chr4:483085598:A:G,A,G,0.475,0.37437421875000004
chr1S,chr1S:981735851:C:T,T,C,0.475,0.37437421875000004
2,chr2:1143501331:C:T,T,C,0.475,0.37437421875000004
2,chr2:1138852360:C:T,C,T,0.475,0.37437421875000004
3,chr3:975946072:C:T,T,C,0.475,0.37437421875000004
3,chr3:798306831:A:G,A,G,0.475,0.37437421875000004
3,chr3:873342428:C:T,T,C,0.475,0.37437421875000004
3,chr3:822607894:C:T,C,T,0.475,0.37437421875000004
3,chr3:710430406:C:T,T,C,0.475,0.37437421875000004
3,chr3:1437470803:C:T,C,T,0.475,0.37437421875000004
3,chr3:1477264850:A:G,A,G,0.475,0.37437421875000004
3,chr3:689643712:G:T,G,T,0.475,0.37437421875000004
3,chr3:1160307076:A:T,T,A,0.475,0.37437421875000004
3,chr3:1173004650:C:T,C,T,0.475,0.37437421875000004
3,chr3:984923621:A:G,A,G,0.475,0.37437421875000004
4,chr4:450581896:C:T,T,C,0.475,0.37437421875000004
chr1L,chr1L:1832777668:C:T,T,C,0.475,0.37437421875000004
chr1S,chr1S:538129:A:G,A,G,0.475,0.37437421875000004
3,chr3:1069858292:A:G,A,G,0.475,0.37437421875000004
chr1S,chr1S:1478392258:A:G,A,G,0.475,0.37437421875000004
2,chr2:1706298787:C:T,C,T,0.475,0.37437421875000004
3,chr3:11940978:A:C,A,C,0.475,0.37437421875000004
chr1S,chr1S:564852225:A:G,A,G,0.475,0.37437421875000004
3,chr3:123476991:A:G,G,A,0.475,0.37437421875000004
sca171,sca171:154527:G:T,T,G,0.475,0.37437421875000004
3,chr3:121959279:C:T,T,C,0.475,0.37437421875000004
chr1L,chr1L:236655005:C:T,C,T,0.475,0.37437421875000004
chr1L,chr1L:263228917:A:G,G,A,0.475,0.37437421875000004
chr1L,chr1L:49561806:A:G,G,A,0.475,0.37437421875000004
6,chr6:1251633574:A:C,C,A,0.475,0.37437421875000004
6,chr6:1339535217:C:T,T,C,0.475,0.37437421875000004
chr1L,chr1L:196513244:G:T,T,G,0.475,0.37437421875000004
chr1L,chr1L:4965200:A:C,C,A,0.475,0.37437421875000004
2,chr2:274549095:A:G,A,G,0.475,0.37437421875000004
2,chr2:256169847:C:T,C,T,0.475,0.37437421875000004
chr1L,chr1L:1339533:A:C,C,A,0.475,0.37437421875000004
6,chr6:1262431453:C:T,C,T,0.4524,0.37272397266324475
3,chr3:2942764:C:G,C,G,0.4524,0.37272397266324475
3,chr3:1238439194:C:T,T,C,0.4524,0.37272397266324475
chr1L,chr1L:1616109531:C:T,T,C,0.4524,0.37272397266324475
chr1L,chr1L:1734040186:A:G,A,G,0.4524,0.37272397266324475
3,chr3:536491641:C:T,T,C,0.4524,0.37272397266324475
3,chr3:498293190:G:T,T,G,0.4524,0.37272397266324475
4,chr4:666470981:A:G,G,A,0.4524,0.37272397266324475
chr1L,chr1L:1469341829:A:G,A,G,0.4524,0.37272397266324475
4,chr4:563308497:A:G,G,A,0.4524,0.37272397266324475
4,chr4:726098650:C:T,C,T,0.4524,0.37272397266324475
2,chr2:768608134:A:C,A,C,0.4524,0.37272397266324475
4,chr4:824503266:G:T,T,G,0.4524,0.37272397266324475
chr1L,chr1L:1146571688:A:T,A,T,0.4524,0.37272397266324475
4,chr4:1298329763:A:G,A,G,0.4524,0.37272397266324475
chr1L,chr1L:1027642613:G:T,T,G,0.4524,0.37272397266324475
chr1L,chr1L:1098252378:C:T,T,C,0.4524,0.37272397266324475
5,chr5:655170490:A:G,G,A,0.4524,0.37272397266324475
2,chr2:517167037:C:G,G,C,0.4524,0.37272397266324475
2,chr2:440975771:C:T,T,C,0.4524,0.37272397266324475
6,chr6:72809727:A:G,A,G,0.4524,0.37272397266324475
6,chr6:454866139:A:G,A,G,0.4524,0.37272397266324475
chr1S,chr1S:534074006:C:T,C,T,0.4524,0.37272397266324475
chr1S,chr1S:560265108:A:G,G,A,0.4524,0.37272397266324475
sca1755,sca1755:7977:A:T,T,A,0.4524,0.37272397266324475
chr1L,chr1L:101538961:A:C,C,A,0.45,0.37248749999999986
chr1L,chr1L:180115500:C:T,C,T,0.45,0.37248749999999986
chr1L,chr1L:191114335:A:G,A,G,0.45,0.37248749999999986
6,chr6:1329883391:C:T,T,C,0.45,0.37248749999999986
6,chr6:1339298661:A:G,G,A,0.45,0.37248749999999986
chr1S,chr1S:582755702:G:T,T,G,0.45,0.37248749999999986
2,chr2:1684093231:A:G,A,G,0.45,0.37248749999999986
2,chr2:30182536:C:T,C,T,0.45,0.37248749999999986
6,chr6:1062943689:G:T,T,G,0.45,0.37248749999999986
chr1S,chr1S:1472528930:C:T,T,C,0.45,0.37248749999999986
6,chr6:1128869349:C:T,C,T,0.45,0.37248749999999986
6,chr6:1131088765:C:T,C,T,0.45,0.37248749999999986
6,chr6:1018935833:A:G,A,G,0.45,0.37248749999999986
chr1L,chr1L:341171895:G:T,T,G,0.45,0.37248749999999986
6,chr6:820600346:C:T,T,C,0.45,0.37248749999999986
6,chr6:695168452:C:T,C,T,0.45,0.37248749999999986
2,chr2:469897586:A:G,A,G,0.45,0.37248749999999986
2,chr2:327664619:A:C,C,A,0.45,0.37248749999999986
6,chr6:594854036:A:G,G,A,0.45,0.37248749999999986
6,chr6:596377716:A:G,A,G,0.45,0.37248749999999986
6,chr6:628893128:C:T,T,C,0.45,0.37248749999999986
6,chr6:677923880:C:T,T,C,0.45,0.37248749999999986
6,chr6:691804933:A:G,G,A,0.45,0.37248749999999986
3,chr3:64745477:C:T,C,T,0.45,0.37248749999999986
3,chr3:101645370:A:G,A,G,0.45,0.37248749999999986
2,chr2:1686774896:A:G,G,A,0.45,0.37248749999999986
2,chr2:1696999272:A:G,A,G,0.45,0.37248749999999986
2,chr2:1584851978:G:T,T,G,0.45,0.37248749999999986
chr1L,chr1L:527954446:A:G,A,G,0.45,0.37248749999999986
2,chr2:427353190:A:G,G,A,0.45,0.37248749999999986
2,chr2:461549743:C:T,C,T,0.45,0.37248749999999986
6,chr6:338208355:C:T,C,T,0.45,0.37248749999999986
6,chr6:387850768:C:T,T,C,0.45,0.37248749999999986
6,chr6:224252144:A:G,A,G,0.45,0.37248749999999986
6,chr6:224252154:C:T,C,T,0.45,0.37248749999999986
6,chr6:252910746:A:G,G,A,0.45,0.37248749999999986
6,chr6:269349047:G:T,G,T,0.45,0.37248749999999986
3,chr3:275162110:A:G,A,G,0.45,0.37248749999999986
3,chr3:297598325:A:G,A,G,0.45,0.37248749999999986
chr1L,chr1L:656384948:C:T,T,C,0.45,0.37248749999999986
chr1L,chr1L:694460443:C:T,T,C,0.45,0.37248749999999986
5,chr5:1282547455:A:G,G,A,0.45,0.37248749999999986
5,chr5:1295434931:C:T,C,T,0.45,0.37248749999999986
5,chr5:1077311966:A:C,A,C,0.45,0.37248749999999986
5,chr5:1097798827:A:G,A,G,0.45,0.37248749999999986
5,chr5:1131802127:A:G,A,G,0.45,0.37248749999999986
5,chr5:1138941264:A:C,A,C,0.45,0.37248749999999986
5,chr5:968229852:G:T,T,G,0.45,0.37248749999999986
chr1L,chr1L:729653973:C:T,T,C,0.45,0.37248749999999986
chr1L,chr1L:750857741:G:T,G,T,0.45,0.37248749999999986
2,chr2:612872590:A:G,A,G,0.45,0.37248749999999986
2,chr2:629072360:C:T,C,T,0.45,0.37248749999999986
5,chr5:858683232:A:G,G,A,0.45,0.37248749999999986
3,chr3:447599270:C:T,C,T,0.45,0.37248749999999986
chr1S,chr1S:529340645:A:G,A,G,0.45,0.37248749999999986
3,chr3:261174495:C:T,C,T,0.45,0.37248749999999986
5,chr5:552608840:A:G,A,G,0.45,0.37248749999999986
2,chr2:757315486:C:G,G,C,0.45,0.37248749999999986
2,chr2:693203991:A:T,T,A,0.45,0.37248749999999986
chr1L,chr1L:1014276691:A:G,A,G,0.45,0.37248749999999986
chr1L,chr1L:1051019949:C:T,T,C,0.45,0.37248749999999986
chr1L,chr1L:1059700257:A:C,A,C,0.45,0.37248749999999986
5,chr5:399081883:C:T,T,C,0.45,0.37248749999999986
5,chr5:422011298:C:T,C,T,0.45,0.37248749999999986
5,chr5:131239533:A:G,A,G,0.45,0.37248749999999986
5,chr5:227736291:C:T,C,T,0.45,0.37248749999999986
5,chr5:95860778:A:G,G,A,0.45,0.37248749999999986
4,chr4:1583235700:A:G,A,G,0.45,0.37248749999999986
2,chr2:788854668:C:T,C,T,0.45,0.37248749999999986
2,chr2:789110202:A:G,G,A,0.45,0.37248749999999986
chr1L,chr1L:1198695243:A:C,A,C,0.45,0.37248749999999986
chr1L,chr1L:1221398788:A:G,A,G,0.45,0.37248749999999986
4,chr4:857817807:C:T,T,C,0.45,0.37248749999999986
chr1L,chr1L:1346701807:C:T,C,T,0.45,0.37248749999999986
4,chr4:840267990:C:T,C,T,0.45,0.37248749999999986
2,chr2:1035067886:A:G,G,A,0.45,0.37248749999999986
2,chr2:859504774:C:T,T,C,0.45,0.37248749999999986
2,chr2:885550814:C:T,T,C,0.45,0.37248749999999986
chr1L,chr1L:1399888352:A:G,A,G,0.45,0.37248749999999986
chr1L,chr1L:1406837242:C:T,C,T,0.45,0.37248749999999986
4,chr4:757446327:C:T,T,C,0.45,0.37248749999999986
4,chr4:598798178:A:G,A,G,0.45,0.37248749999999986
4,chr4:666115471:C:T,T,C,0.45,0.37248749999999986
4,chr4:666803085:A:G,G,A,0.45,0.37248749999999986
2,chr2:1076968626:A:G,A,G,0.45,0.37248749999999986
2,chr2:1084289608:A:G,A,G,0.45,0.37248749999999986
2,chr2:927846754:C:T,C,T,0.45,0.37248749999999986
chr1S,chr1S:450831415:C:T,T,C,0.45,0.37248749999999986
2,chr2:1447788975:C:T,T,C,0.45,0.37248749999999986
2,chr2:1474113115:A:G,G,A,0.45,0.37248749999999986
2,chr2:1492072722:A:T,T,A,0.45,0.37248749999999986
4,chr4:463352812:A:G,G,A,0.45,0.37248749999999986
chr1S,chr1S:967820456:C:G,C,G,0.45,0.37248749999999986
chr1S,chr1S:973204029:A:G,G,A,0.45,0.37248749999999986
chr1S,chr1S:982526692:A:C,A,C,0.45,0.37248749999999986
chr1L,chr1L:1527482940:A:G,G,A,0.45,0.37248749999999986
chr1L,chr1L:1544711166:A:C,A,C,0.45,0.37248749999999986
4,chr4:428837835:A:C,A,C,0.45,0.37248749999999986
4,chr4:431812317:C:T,T,C,0.45,0.37248749999999986
4,chr4:440398261:A:G,A,G,0.45,0.37248749999999986
4,chr4:361265711:A:G,A,G,0.45,0.37248749999999986
4,chr4:380678922:C:T,T,C,0.45,0.37248749999999986
4,chr4:322285868:A:C,A,C,0.45,0.37248749999999986
4,chr4:360230851:A:C,C,A,0.45,0.37248749999999986
chr1L,chr1L:1653279366:C:T,T,C,0.45,0.37248749999999986
4,chr4:245228098:C:T,T,C,0.45,0.37248749999999986
4,chr4:67973156:A:C,C,A,0.45,0.37248749999999986
4,chr4:82310208:C:T,T,C,0.45,0.37248749999999986
4,chr4:115355997:G:T,T,G,0.45,0.37248749999999986
3,chr3:1508034448:C:T,C,T,0.45,0.37248749999999986
2,chr2:1285388725:G:T,T,G,0.45,0.37248749999999986
4,chr4:1959616:A:G,A,G,0.45,0.37248749999999986
4,chr4:18879519:A:T,A,T,0.45,0.37248749999999986
3,chr3:1339438455:A:T,A,T,0.45,0.37248749999999986
3,chr3:979004299:C:T,T,C,0.45,0.37248749999999986
3,chr3:1063920952:A:G,G,A,0.45,0.37248749999999986
chr1S,chr1S:711579250:C:T,T,C,0.45,0.37248749999999986
chr1S,chr1S:784202141:A:G,G,A,0.45,0.37248749999999986
3,chr3:613678298:C:T,C,T,0.45,0.37248749999999986
3,chr3:621317612:G:T,T,G,0.45,0.37248749999999986
chr1S,chr1S:863442767:A:T,T,A,0.45,0.37248749999999986
3,chr3:930781571:C:T,C,T,0.45,0.37248749999999986
3,chr3:975946078:A:G,G,A,0.45,0.37248749999999986
3,chr3:802628882:A:C,C,A,0.45,0.37248749999999986
3,chr3:885935502:C:T,T,C,0.45,0.37248749999999986
3,chr3:764302148:G:T,G,T,0.45,0.37248749999999986
3,chr3:770893679:C:G,C,G,0.45,0.37248749999999986
2,chr2:234425184:A:C,C,A,0.45,0.37248749999999986
2,chr2:145006955:A:G,G,A,0.45,0.37248749999999986
chr1S,chr1S:1481288859:C:T,C,T,0.45,0.37248749999999986
2,chr2:9540873:G:T,G,T,0.45,0.37248749999999986
2,chr2:17558675:C:T,T,C,0.4286,0.36985006160767675
4,chr4:1055255077:C:T,T,C,0.4286,0.36985006160767675
chr1L,chr1L:226779146:A:G,A,G,0.4286,0.36985006160767675
chr1S,chr1S:610232914:A:G,A,G,0.4286,0.36985006160767675
3,chr3:306111180:A:G,A,G,0.4286,0.36985006160767675
3,chr3:748255047:G:T,T,G,0.4286,0.36985006160767675
5,chr5:104395667:A:G,G,A,0.4286,0.36985006160767675
5,chr5:47985427:A:G,A,G,0.4286,0.36985006160767675
4,chr4:1532202528:A:G,A,G,0.4286,0.36985006160767675
2,chr2:1203153807:C:G,C,G,0.4286,0.36985006160767675
3,chr3:1460298848:G:T,T,G,0.4286,0.36985006160767675
2,chr2:42875924:C:T,T,C,0.4286,0.36985006160767675
2,chr2:39554389:C:T,T,C,0.4286,0.36985006160767675
chr1S,chr1S:1467683847:C:T,C,T,0.4286,0.36985006160767675
2,chr2:401530096:A:G,G,A,0.4286,0.36985006160767675
2,chr2:1038972691:A:G,G,A,0.4286,0.36985006160767675
6,chr6:59052045:A:G,G,A,0.4286,0.36985006160767675
chr1L,chr1L:634792802:G:T,T,G,0.4286,0.36985006160767675
3,chr3:1088723172:C:G,G,C,0.4286,0.36985006160767675
6,chr6:55935158:C:T,C,T,0.4286,0.36985006160767675
4,chr4:121630421:A:C,C,A,0.4286,0.36985006160767675
chr1L,chr1L:1672698081:C:T,T,C,0.4286,0.36985006160767675
4,chr4:394321614:A:G,A,G,0.4286,0.36985006160767675
3,chr3:550417539:A:G,A,G,0.4286,0.36985006160767675
4,chr4:88240005:A:T,T,A,0.4286,0.36985006160767675
3,chr3:1173258429:C:T,T,C,0.4286,0.36985006160767675
4,chr4:1037643481:C:T,C,T,0.425,0.36931171875
chr1L,chr1L:233431231:C:T,T,C,0.425,0.36931171875
6,chr6:1329883286:A:G,A,G,0.425,0.36931171875
sca652,sca652:32175:C:G,C,G,0.425,0.36931171875
4,chr4:850806206:C:G,G,C,0.425,0.36931171875
4,chr4:773888860:C:T,T,C,0.425,0.36931171875
4,chr4:985280594:G:T,G,T,0.425,0.36931171875
6,chr6:966967092:A:G,A,G,0.425,0.36931171875
3,chr3:791514963:A:G,A,G,0.425,0.36931171875
chr1L,chr1L:1253172707:A:G,G,A,0.425,0.36931171875
4,chr4:1250161414:C:T,C,T,0.425,0.36931171875
chr1L,chr1L:343791954:C:T,T,C,0.425,0.36931171875
chr1L,chr1L:298105330:G:T,G,T,0.425,0.36931171875
6,chr6:1018924272:A:G,A,G,0.425,0.36931171875
4,chr4:1110009339:A:G,G,A,0.425,0.36931171875
5,chr5:111337012:A:G,A,G,0.425,0.36931171875
4,chr4:499608032:A:G,G,A,0.425,0.36931171875
4,chr4:486600789:A:C,A,C,0.425,0.36931171875
4,chr4:498646861:A:C,C,A,0.425,0.36931171875
chr1S,chr1S:704442444:C:T,C,T,0.425,0.36931171875
2,chr2:1592023727:A:G,G,A,0.425,0.36931171875
chr1S,chr1S:25930104:A:G,G,A,0.425,0.36931171875
4,chr4:583001469:A:C,C,A,0.425,0.36931171875
3,chr3:927130738:C:G,C,G,0.425,0.36931171875
3,chr3:1065168311:A:G,G,A,0.425,0.36931171875
4,chr4:533429285:C:T,T,C,0.425,0.36931171875
2,chr2:723246918:G:T,T,G,0.425,0.36931171875
2,chr2:716812084:A:G,G,A,0.425,0.36931171875
chr1S,chr1S:1232659655:G:T,G,T,0.425,0.36931171875
chr1L,chr1L:1545555871:A:G,A,G,0.425,0.36931171875
4,chr4:1086337368:A:G,A,G,0.425,0.36931171875
2,chr2:1057004947:A:C,A,C,0.425,0.36931171875
2,chr2:1093225509:A:G,G,A,0.425,0.36931171875
4,chr4:1185406906:C:G,C,G,0.425,0.36931171875
4,chr4:1238142137:A:G,A,G,0.425,0.36931171875
chr1L,chr1L:1180837150:A:G,A,G,0.425,0.36931171875
4,chr4:728661551:C:T,C,T,0.425,0.36931171875
4,chr4:1430880160:A:C,A,C,0.425,0.36931171875
6,chr6:740398227:A:G,A,G,0.425,0.36931171875
5,chr5:18431039:C:T,C,T,0.425,0.36931171875
2,chr2:1582004895:A:C,C,A,0.425,0.36931171875
chr1L,chr1L:1161449835:C:T,T,C,0.425,0.36931171875
2,chr2:1535038828:C:G,G,C,0.425,0.36931171875
5,chr5:11707788:A:G,A,G,0.425,0.36931171875
chr1S,chr1S:456699972:A:G,A,G,0.425,0.36931171875
5,chr5:108320264:G:T,T,G,0.425,0.36931171875
6,chr6:1018787202:A:G,G,A,0.425,0.36931171875
6,chr6:125052418:C:T,T,C,0.425,0.36931171875
6,chr6:35118207:C:G,C,G,0.425,0.36931171875
chr1L,chr1L:1003589702:A:G,A,G,0.425,0.36931171875
chr1L,chr1L:1595905223:C:T,T,C,0.425,0.36931171875
chr1L,chr1L:1609478639:G:T,G,T,0.425,0.36931171875
4,chr4:460772740:C:T,T,C,0.425,0.36931171875
4,chr4:363586844:A:T,T,A,0.425,0.36931171875
chr1S,chr1S:1067524007:A:G,G,A,0.425,0.36931171875
6,chr6:328340321:C:T,T,C,0.425,0.36931171875
6,chr6:330079242:C:T,T,C,0.425,0.36931171875
6,chr6:197896262:A:C,A,C,0.425,0.36931171875
3,chr3:289738669:A:G,A,G,0.425,0.36931171875
3,chr3:167120737:A:G,G,A,0.425,0.36931171875
3,chr3:56884729:C:T,T,C,0.425,0.36931171875
2,chr2:1164930316:A:G,G,A,0.425,0.36931171875
chr1S,chr1S:1006592242:G:T,G,T,0.425,0.36931171875
3,chr3:964297434:C:T,T,C,0.425,0.36931171875
chr1L,chr1L:1659818988:A:G,A,G,0.425,0.36931171875
5,chr5:435491036:A:G,G,A,0.425,0.36931171875
3,chr3:640095627:C:T,C,T,0.425,0.36931171875
3,chr3:571351118:C:T,T,C,0.425,0.36931171875
3,chr3:560346554:A:G,A,G,0.425,0.36931171875
5,chr5:689663513:A:G,A,G,0.425,0.36931171875
5,chr5:722280299:A:C,A,C,0.425,0.36931171875
4,chr4:295689328:C:T,T,C,0.425,0.36931171875
2,chr2:697133763:G:T,T,G,0.425,0.36931171875
chr1S,chr1S:389231547:A:G,A,G,0.425,0.36931171875
chr1S,chr1S:833229990:C:T,T,C,0.425,0.36931171875
3,chr3:1009311795:A:G,G,A,0.425,0.36931171875
2,chr2:697133806:A:G,G,A,0.425,0.36931171875
2,chr2:1437247418:C:T,T,C,0.425,0.36931171875
chr1S,chr1S:833229942:C:T,C,T,0.425,0.36931171875
5,chr5:907302349:G:T,T,G,0.425,0.36931171875
4,chr4:152711482:C:T,C,T,0.425,0.36931171875
chr1L,chr1L:867191321:A:G,A,G,0.425,0.36931171875
5,chr5:720709465:G:T,G,T,0.425,0.36931171875
5,chr5:685214403:A:G,A,G,0.425,0.36931171875
chr1L,chr1L:722389540:C:T,T,C,0.425,0.36931171875
chr1L,chr1L:680080244:A:C,C,A,0.425,0.36931171875
chr1S,chr1S:1259730725:G:T,T,G,0.425,0.36931171875
6,chr6:20662975:A:G,A,G,0.425,0.36931171875
2,chr2:1117754890:C:T,T,C,0.425,0.36931171875
5,chr5:1015141105:A:C,A,C,0.425,0.36931171875
5,chr5:1007725478:C:T,T,C,0.425,0.36931171875
5,chr5:1051825274:G:T,G,T,0.425,0.36931171875
2,chr2:1133450186:C:T,C,T,0.425,0.36931171875
5,chr5:953890387:A:G,A,G,0.425,0.36931171875
5,chr5:1143949288:A:G,G,A,0.425,0.36931171875
4,chr4:96304716:C:T,C,T,0.425,0.36931171875
2,chr2:1305071892:G:T,T,G,0.425,0.36931171875
2,chr2:620787297:G:T,T,G,0.425,0.36931171875
chr1L,chr1L:790714823:A:T,A,T,0.425,0.36931171875
3,chr3:427029005:A:G,A,G,0.425,0.36931171875
3,chr3:432246018:A:G,A,G,0.425,0.36931171875
6,chr6:1303204713:A:C,A,C,0.425,0.36931171875
chr1S,chr1S:610233006:A:G,G,A,0.425,0.36931171875
2,chr2:1015440803:A:C,C,A,0.425,0.36931171875
2,chr2:906024324:G:T,T,G,0.425,0.36931171875
chr1L,chr1L:1362773955:C:T,T,C,0.425,0.36931171875
chr1L,chr1L:1383857327:C:T,C,T,0.425,0.36931171875
2,chr2:110511652:C:T,T,C,0.425,0.36931171875
6,chr6:1086473465:C:T,T,C,0.425,0.36931171875
3,chr3:578096436:C:G,C,G,0.425,0.36931171875
2,chr2:110511443:A:G,A,G,0.425,0.36931171875
chr1S,chr1S:628840433:C:T,T,C,0.4048,0.3657726826119169
chr1L,chr1L:1296158295:C:T,T,C,0.4048,0.3657726826119169
2,chr2:282471114:A:C,A,C,0.4048,0.3657726826119169
2,chr2:1101114930:A:C,A,C,0.4048,0.3657726826119169
chr1S,chr1S:458369686:C:T,T,C,0.4048,0.3657726826119169
5,chr5:790850662:C:T,C,T,0.4048,0.3657726826119169
5,chr5:833302479:C:T,T,C,0.4048,0.3657726826119169
chr1L,chr1L:1848634444:G:T,T,G,0.4048,0.3657726826119169
chr1L,chr1L:971942779:A:T,T,A,0.4048,0.3657726826119169
5,chr5:972569119:A:G,A,G,0.4048,0.3657726826119169
3,chr3:1238439176:A:G,G,A,0.4048,0.3657726826119169
4,chr4:297847665:A:G,A,G,0.4048,0.3657726826119169
6,chr6:791493313:A:G,A,G,0.4048,0.3657726826119169
chr1L,chr1L:1523159010:A:G,A,G,0.4048,0.3657726826119169
chr1S,chr1S:1258954018:C:T,T,C,0.4048,0.3657726826119169
3,chr3:601540360:C:T,T,C,0.4048,0.3657726826119169
chr1L,chr1L:1820878581:C:T,T,C,0.4048,0.3657726826119169
3,chr3:977365781:A:C,C,A,0.4048,0.3657726826119169
chr1L,chr1L:1817846679:A:C,C,A,0.4048,0.3657726826119169
3,chr3:573771207:G:T,T,G,0.4048,0.3657726826119169
4,chr4:335765627:A:G,A,G,0.4048,0.3657726826119169
4,chr4:1110009273:A:T,A,T,0.4048,0.3657726826119169
sca422,sca422:458831:A:C,A,C,0.4048,0.3657726826119169
chr1L,chr1L:256928515:C:T,T,C,0.4048,0.3657726826119169
3,chr3:338760445:C:T,T,C,0.4048,0.3657726826119169
3,chr3:98767681:C:T,T,C,0.4048,0.3657726826119169
5,chr5:10120480:A:G,A,G,0.4048,0.3657726826119169
chr1L,chr1L:1168403842:A:C,A,C,0.4048,0.3657726826119169
chr1L,chr1L:1185529000:A:T,A,T,0.4048,0.3657726826119169
4,chr4:747240361:C:T,C,T,0.4048,0.3657726826119169
4,chr4:766520455:C:T,T,C,0.4048,0.3657726826119169
chr1S,chr1S:225786094:A:G,A,G,0.4048,0.3657726826119169
3,chr3:785882523:A:C,A,C,0.4048,0.3657726826119169
4,chr4:1069901585:C:T,T,C,0.4048,0.3657726826119169
6,chr6:904897377:A:G,G,A,0.4048,0.3657726826119169
4,chr4:1069901446:A:C,A,C,0.4048,0.3657726826119169
2,chr2:811153475:A:G,A,G,0.4048,0.3657726826119169
4,chr4:661898324:C:T,T,C,0.4048,0.3657726826119169
chr1L,chr1L:372669643:A:T,T,A,0.4048,0.3657726826119169
chr1L,chr1L:851368723:A:G,G,A,0.4,0.36479999999999996
4,chr4:78504509:G:T,G,T,0.4,0.36479999999999996
chr1L,chr1L:136206516:A:T,A,T,0.4,0.36479999999999996
4,chr4:98146729:G:T,T,G,0.4,0.36479999999999996
4,chr4:86534170:G:T,T,G,0.4,0.36479999999999996
2,chr2:897757092:A:G,A,G,0.4,0.36479999999999996
sca1755,sca1755:7893:C:T,T,C,0.4,0.36479999999999996
3,chr3:585063043:A:G,A,G,0.4,0.36479999999999996
chr1S,chr1S:1418926104:C:T,C,T,0.4,0.36479999999999996
2,chr2:250321438:A:T,A,T,0.4,0.36479999999999996
2,chr2:885550795:C:T,T,C,0.4,0.36479999999999996
2,chr2:892408143:A:G,A,G,0.4,0.36479999999999996
3,chr3:736621388:C:T,T,C,0.4,0.36479999999999996
3,chr3:578592987:A:G,A,G,0.4,0.36479999999999996
chr1L,chr1L:702689128:A:T,T,A,0.4,0.36479999999999996
6,chr6:60439506:A:T,A,T,0.4,0.36479999999999996
chr1S,chr1S:1361156859:C:T,C,T,0.4,0.36479999999999996
chr1S,chr1S:1356988467:A:G,A,G,0.4,0.36479999999999996
chr1S,chr1S:1278417162:A:C,A,C,0.4,0.36479999999999996
chr1S,chr1S:1341039120:C:T,T,C,0.4,0.36479999999999996
3,chr3:1160307105:G:T,T,G,0.4,0.36479999999999996
chr1S,chr1S:13139115:A:G,G,A,0.4,0.36479999999999996
5,chr5:934689836:A:G,A,G,0.4,0.36479999999999996
chr1L,chr1L:948790593:C:T,T,C,0.4,0.36479999999999996
5,chr5:802404081:G:T,T,G,0.4,0.36479999999999996
3,chr3:229370562:A:G,G,A,0.4,0.36479999999999996
3,chr3:275161969:A:C,C,A,0.4,0.36479999999999996
4,chr4:234903314:C:T,C,T,0.4,0.36479999999999996
chr1L,chr1L:1761966378:A:C,A,C,0.4,0.36479999999999996
5,chr5:874777659:A:T,A,T,0.4,0.36479999999999996
2,chr2:623380435:C:T,T,C,0.4,0.36479999999999996
4,chr4:19646777:A:C,C,A,0.4,0.36479999999999996
2,chr2:624921738:G:T,T,G,0.4,0.36479999999999996
chr1L,chr1L:722389593:C:T,T,C,0.4,0.36479999999999996
5,chr5:1006892098:A:G,A,G,0.4,0.36479999999999996
chr1L,chr1L:778878806:A:G,A,G,0.4,0.36479999999999996
5,chr5:943325962:C:T,T,C,0.4,0.36479999999999996
2,chr2:884214612:G:T,T,G,0.4,0.36479999999999996
chr1L,chr1L:1437093121:G:T,T,G,0.4,0.36479999999999996
chr1L,chr1L:1305350048:C:T,T,C,0.4,0.36479999999999996
chr1L,chr1L:1320412163:G:T,T,G,0.4,0.36479999999999996
3,chr3:633091244:A:G,A,G,0.4,0.36479999999999996
2,chr2:753125834:C:T,C,T,0.4,0.36479999999999996
3,chr3:560346442:C:T,C,T,0.4,0.36479999999999996
3,chr3:575420193:C:T,C,T,0.4,0.36479999999999996
chr1S,chr1S:372770390:A:G,G,A,0.4,0.36479999999999996
5,chr5:287034733:A:T,T,A,0.4,0.36479999999999996
4,chr4:382119373:C:T,T,C,0.4,0.36479999999999996
4,chr4:369428477:A:C,C,A,0.4,0.36479999999999996
5,chr5:295642138:C:T,T,C,0.4,0.36479999999999996
2,chr2:1411372384:C:T,T,C,0.4,0.36479999999999996
3,chr3:621317609:G:T,T,G,0.4,0.36479999999999996
chr1S,chr1S:1053772117:A:G,A,G,0.4,0.36479999999999996
chr1L,chr1L:1076839844:A:G,G,A,0.4,0.36479999999999996
6,chr6:331397760:G:T,T,G,0.4,0.36479999999999996
6,chr6:183631085:C:T,T,C,0.4,0.36479999999999996
3,chr3:133745807:C:T,T,C,0.4,0.36479999999999996
6,chr6:293411740:A:G,A,G,0.4,0.36479999999999996
3,chr3:142365159:A:G,A,G,0.4,0.36479999999999996
5,chr5:546897517:C:T,T,C,0.4,0.36479999999999996
chr1L,chr1L:1633394456:C:T,T,C,0.4,0.36479999999999996
4,chr4:300742374:A:G,G,A,0.4,0.36479999999999996
2,chr2:667647588:A:G,G,A,0.4,0.36479999999999996
2,chr2:647443216:G:T,T,G,0.4,0.36479999999999996
2,chr2:765509570:A:G,A,G,0.4,0.36479999999999996
chr1S,chr1S:812235731:A:G,A,G,0.4,0.36479999999999996
chr1S,chr1S:833230149:A:G,G,A,0.4,0.36479999999999996
6,chr6:64699384:C:T,T,C,0.4,0.36479999999999996
6,chr6:79784495:C:T,C,T,0.4,0.36479999999999996
3,chr3:1052204244:C:T,T,C,0.4,0.36479999999999996
6,chr6:40553028:C:T,C,T,0.4,0.36479999999999996
chr1L,chr1L:1599904122:C:T,T,C,0.4,0.36479999999999996
4,chr4:434721821:C:T,T,C,0.4,0.36479999999999996
4,chr4:445684924:G:T,G,T,0.4,0.36479999999999996
4,chr4:362996912:C:T,T,C,0.4,0.36479999999999996
5,chr5:435325890:C:T,T,C,0.4,0.36479999999999996
3,chr3:623850934:A:G,A,G,0.4,0.36479999999999996
5,chr5:518549949:C:T,C,T,0.4,0.36479999999999996
4,chr4:495377919:A:G,A,G,0.4,0.36479999999999996
2,chr2:564872185:C:T,T,C,0.4,0.36479999999999996
6,chr6:509537594:C:T,T,C,0.4,0.36479999999999996
6,chr6:457490496:C:T,T,C,0.4,0.36479999999999996
chr1S,chr1S:30392726:A:G,G,A,0.4,0.36479999999999996
3,chr3:500567:C:G,C,G,0.4,0.36479999999999996
chr1S,chr1S:19018598:C:T,T,C,0.4,0.36479999999999996
3,chr3:962013047:C:T,C,T,0.4,0.36479999999999996
chr1S,chr1S:1228654796:G:T,T,G,0.4,0.36479999999999996
3,chr3:931421077:A:G,A,G,0.4,0.36479999999999996
3,chr3:1065168326:A:G,A,G,0.4,0.36479999999999996
5,chr5:262052165:A:C,C,A,0.4,0.36479999999999996
chr1L,chr1L:1567572363:A:G,A,G,0.4,0.36479999999999996
chr1S,chr1S:1228654764:A:G,A,G,0.4,0.36479999999999996
chr1S,chr1S:998674117:A:G,A,G,0.4,0.36479999999999996
chr1S,chr1S:1037570119:C:T,T,C,0.4,0.36479999999999996
chr1S,chr1S:734282311:C:T,T,C,0.4,0.36479999999999996
chr1S,chr1S:920346658:A:T,T,A,0.4,0.36479999999999996
chr1S,chr1S:964935888:G:T,G,T,0.4,0.36479999999999996
chr1S,chr1S:115884064:A:G,A,G,0.4,0.36479999999999996
3,chr3:770912049:G:T,T,G,0.4,0.36479999999999996
chr1L,chr1L:1186942083:A:G,A,G,0.4,0.36479999999999996
chr1L,chr1L:1183933077:A:G,G,A,0.4,0.36479999999999996
3,chr3:358428142:A:T,T,A,0.4,0.36479999999999996
3,chr3:502090811:A:C,C,A,0.4,0.36479999999999996
2,chr2:1582098113:C:T,T,C,0.4,0.36479999999999996
2,chr2:1523182177:A:G,A,G,0.4,0.36479999999999996
3,chr3:315530759:C:T,C,T,0.4,0.36479999999999996
5,chr5:11707766:C:T,T,C,0.4,0.36479999999999996
2,chr2:1163494886:A:T,A,T,0.4,0.36479999999999996
5,chr5:56300214:C:T,C,T,0.4,0.36479999999999996
4,chr4:1583235859:C:T,T,C,0.4,0.36479999999999996
2,chr2:775752929:C:T,T,C,0.4,0.36479999999999996
2,chr2:1003189817:A:G,A,G,0.4,0.36479999999999996
chr1S,chr1S:943156382:A:C,A,C,0.4,0.36479999999999996
2,chr2:333064397:G:T,T,G,0.4,0.36479999999999996
6,chr6:659241758:A:G,A,G,0.4,0.36479999999999996
chr1L,chr1L:343791982:A:G,A,G,0.4,0.36479999999999996
6,chr6:846850674:A:T,T,A,0.4,0.36479999999999996
6,chr6:713749038:A:G,A,G,0.4,0.36479999999999996
3,chr3:818267974:A:G,A,G,0.4,0.36479999999999996
3,chr3:860108844:A:T,T,A,0.4,0.36479999999999996
chr1S,chr1S:136864782:G:T,G,T,0.4,0.36479999999999996
chr1S,chr1S:287184823:A:C,C,A,0.4,0.36479999999999996
6,chr6:936168502:A:C,A,C,0.4,0.36479999999999996
chr1S,chr1S:246957626:A:G,A,G,0.4,0.36479999999999996
4,chr4:1057385199:G:T,T,G,0.4,0.36479999999999996
2,chr2:780931404:A:G,A,G,0.4,0.36479999999999996
4,chr4:1108391443:C:T,T,C,0.4,0.36479999999999996
chr1S,chr1S:86571354:G:T,G,T,0.4,0.36479999999999996
chr1L,chr1L:279206682:A:G,A,G,0.4,0.36479999999999996
6,chr6:999859738:A:G,A,G,0.4,0.36479999999999996
6,chr6:966968135:G:T,T,G,0.4,0.36479999999999996
4,chr4:701021925:A:G,A,G,0.4,0.36479999999999996
4,chr4:776812911:A:G,G,A,0.4,0.36479999999999996
4,chr4:773726792:A:G,A,G,0.4,0.36479999999999996
4,chr4:947310204:A:G,A,G,0.4,0.36479999999999996
4,chr4:701807237:A:G,G,A,0.4,0.36479999999999996
sca273,sca273:120645:C:T,T,C,0.4,0.36479999999999996
chr1S,chr1S:583200467:A:G,G,A,0.4,0.36479999999999996
2,chr2:126531089:G:T,T,G,0.4,0.36479999999999996
chr1L,chr1L:10086891:A:G,A,G,0.4,0.36479999999999996
chr1L,chr1L:62230721:A:G,G,A,0.4,0.36479999999999996
2,chr2:153538086:C:T,T,C,0.4,0.36479999999999996
2,chr2:915513256:A:G,G,A,0.381,0.360437932158
chr1L,chr1L:323484173:C:T,T,C,0.381,0.360437932158
6,chr6:673000874:A:T,A,T,0.381,0.360437932158
4,chr4:755340277:C:T,T,C,0.381,0.360437932158
3,chr3:785882508:C:T,T,C,0.381,0.360437932158
chr1L,chr1L:971942788:A:G,G,A,0.381,0.360437932158
chr1S,chr1S:610232713:A:G,A,G,0.381,0.360437932158
chr1L,chr1L:102417947:G:T,T,G,0.381,0.360437932158
chr1L,chr1L:126472824:A:G,G,A,0.381,0.360437932158
6,chr6:1369546845:A:G,G,A,0.381,0.360437932158
6,chr6:1350867519:A:C,C,A,0.381,0.360437932158
2,chr2:714352744:A:G,A,G,0.381,0.360437932158
chr1L,chr1L:807601237:C:T,C,T,0.381,0.360437932158
2,chr2:1262359827:G:T,T,G,0.381,0.360437932158
3,chr3:63619429:C:T,T,C,0.381,0.360437932158
6,chr6:35809355:A:G,A,G,0.381,0.360437932158
chr1L,chr1L:1848693799:C:T,T,C,0.381,0.360437932158
5,chr5:1165282808:A:G,A,G,0.381,0.360437932158
3,chr3:306111147:C:T,T,C,0.381,0.360437932158
4,chr4:603622507:A:G,G,A,0.381,0.360437932158
2,chr2:968232882:A:G,A,G,0.381,0.360437932158
2,chr2:1056968633:A:G,G,A,0.381,0.360437932158
chr1L,chr1L:865716843:A:C,A,C,0.381,0.360437932158
4,chr4:227085825:C:T,T,C,0.381,0.360437932158
2,chr2:840745928:A:G,G,A,0.381,0.360437932158
2,chr2:1041919013:C:T,T,C,0.381,0.360437932158
chr1S,chr1S:534074181:C:T,C,T,0.381,0.360437932158
chr1S,chr1S:1258954015:A:G,A,G,0.381,0.360437932158
5,chr5:122434019:C:T,C,T,0.381,0.360437932158
3,chr3:224989073:A:C,C,A,0.381,0.360437932158
chr1L,chr1L:1672698137:C:T,T,C,0.381,0.360437932158
sca299,sca299:2150:G:T,G,T,0.381,0.360437932158
5,chr5:429492448:A:G,G,A,0.381,0.360437932158
5,chr5:845394559:A:C,A,C,0.381,0.360437932158
chr1L,chr1L:277316370:C:T,T,C,0.375,0.35888671875
3,chr3:678908471:A:G,A,G,0.375,0.35888671875
chr1S,chr1S:348610024:A:G,A,G,0.375,0.35888671875
chr1L,chr1L:50822793:A:T,T,A,0.375,0.35888671875
sca329,sca329:54565:C:T,T,C,0.375,0.35888671875
2,chr2:227103816:C:T,C,T,0.375,0.35888671875
chr1S,chr1S:1468605533:C:T,T,C,0.375,0.35888671875
2,chr2:399573196:C:T,T,C,0.375,0.35888671875
chr1S,chr1S:236954715:C:T,T,C,0.375,0.35888671875
chr1S,chr1S:247244023:A:G,A,G,0.375,0.35888671875
chr1L,chr1L:1354977510:A:C,A,C,0.375,0.35888671875
4,chr4:888763419:C:T,T,C,0.375,0.35888671875
4,chr4:905477405:C:T,T,C,0.375,0.35888671875
4,chr4:905477436:A:G,A,G,0.375,0.35888671875
chr1L,chr1L:1290514724:A:T,T,A,0.375,0.35888671875
4,chr4:790984295:A:G,A,G,0.375,0.35888671875
2,chr2:153393711:C:T,T,C,0.375,0.35888671875
sca652,sca652:32008:C:T,C,T,0.375,0.35888671875
sca1803,sca1803:13840:A:T,T,A,0.375,0.35888671875
chr1L,chr1L:54193548:A:G,G,A,0.375,0.35888671875
6,chr6:469923743:A:G,G,A,0.375,0.35888671875
6,chr6:469563451:A:C,A,C,0.375,0.35888671875
3,chr3:124799188:C:T,C,T,0.375,0.35888671875
2,chr2:1592023763:A:G,A,G,0.375,0.35888671875
3,chr3:1965577:C:T,C,T,0.375,0.35888671875
4,chr4:766520373:A:G,A,G,0.375,0.35888671875
chr1L,chr1L:1222846496:A:G,A,G,0.375,0.35888671875
chr1L,chr1L:1193639419:A:G,G,A,0.375,0.35888671875
6,chr6:772378631:A:G,G,A,0.375,0.35888671875
4,chr4:1306949430:A:G,A,G,0.375,0.35888671875
6,chr6:691804798:C:T,T,C,0.375,0.35888671875
6,chr6:650761710:C:T,T,C,0.375,0.35888671875
6,chr6:755681560:A:G,A,G,0.375,0.35888671875
6,chr6:630700170:C:T,C,T,0.375,0.35888671875
2,chr2:512372441:C:T,C,T,0.375,0.35888671875
2,chr2:356990732:C:T,T,C,0.375,0.35888671875
chr1L,chr1L:300220436:A:G,A,G,0.375,0.35888671875
4,chr4:1143919288:A:G,A,G,0.375,0.35888671875
2,chr2:472726704:A:T,A,T,0.375,0.35888671875
6,chr6:831258326:C:T,T,C,0.375,0.35888671875
3,chr3:848328454:C:T,C,T,0.375,0.35888671875
3,chr3:821840392:C:T,C,T,0.375,0.35888671875
chr1S,chr1S:94617650:A:C,A,C,0.375,0.35888671875
4,chr4:1027294566:C:T,C,T,0.375,0.35888671875
chr1L,chr1L:279206467:C:T,T,C,0.375,0.35888671875
chr1L,chr1L:293061239:C:G,C,G,0.375,0.35888671875
4,chr4:721423175:A:G,G,A,0.375,0.35888671875
4,chr4:714474144:A:G,A,G,0.375,0.35888671875
chr1S,chr1S:329081709:C:G,C,G,0.375,0.35888671875
2,chr2:927834363:C:T,T,C,0.375,0.35888671875
chr1S,chr1S:426293267:A:G,A,G,0.375,0.35888671875
4,chr4:681953489:C:T,T,C,0.375,0.35888671875
3,chr3:138114811:C:T,C,T,0.375,0.35888671875
6,chr6:260017827:A:G,A,G,0.375,0.35888671875
6,chr6:242637055:A:G,A,G,0.375,0.35888671875
6,chr6:237896181:A:G,A,G,0.375,0.35888671875
3,chr3:504817980:A:G,A,G,0.375,0.35888671875
3,chr3:505310428:G:T,T,G,0.375,0.35888671875
2,chr2:1647870067:A:G,A,G,0.375,0.35888671875
3,chr3:175063839:A:G,A,G,0.375,0.35888671875
2,chr2:1431366405:A:G,A,G,0.375,0.35888671875
2,chr2:1426113162:C:T,T,C,0.375,0.35888671875
6,chr6:116056846:G:T,T,G,0.375,0.35888671875
4,chr4:1505794211:A:G,A,G,0.375,0.35888671875
2,chr2:581270191:C:T,T,C,0.375,0.35888671875
2,chr2:1066427395:C:T,T,C,0.375,0.35888671875
chr1L,chr1L:598617528:G:T,T,G,0.375,0.35888671875
6,chr6:556614400:G:T,T,G,0.375,0.35888671875
2,chr2:811153528:A:G,A,G,0.375,0.35888671875
2,chr2:788689793:A:G,A,G,0.375,0.35888671875
3,chr3:612896591:A:T,A,T,0.375,0.35888671875
chr1S,chr1S:683674999:A:G,A,G,0.375,0.35888671875
chr1S,chr1S:874549276:A:G,A,G,0.375,0.35888671875
3,chr3:328298630:A:C,A,C,0.375,0.35888671875
2,chr2:1370612633:G:T,T,G,0.375,0.35888671875
2,chr2:1405297740:G:T,T,G,0.375,0.35888671875
chr1L,chr1L:1147891467:C:T,C,T,0.375,0.35888671875
3,chr3:415175156:C:T,T,C,0.375,0.35888671875
4,chr4:1314847545:A:C,A,C,0.375,0.35888671875
chr1L,chr1L:1171380466:A:G,A,G,0.375,0.35888671875
2,chr2:915513300:A:T,A,T,0.375,0.35888671875
2,chr2:777114355:A:C,A,C,0.375,0.35888671875
2,chr2:1084289648:C:T,T,C,0.375,0.35888671875
chr1L,chr1L:553673152:C:T,C,T,0.375,0.35888671875
3,chr3:1300683470:A:G,A,G,0.375,0.35888671875
3,chr3:1286090545:C:T,C,T,0.375,0.35888671875
3,chr3:1508034548:A:T,T,A,0.375,0.35888671875
2,chr2:1125070523:A:C,A,C,0.375,0.35888671875
5,chr5:1040328158:A:T,T,A,0.375,0.35888671875
5,chr5:1185415342:C:T,T,C,0.375,0.35888671875
5,chr5:97138092:C:T,C,T,0.375,0.35888671875
5,chr5:64760196:A:G,G,A,0.375,0.35888671875
4,chr4:573404824:C:T,T,C,0.375,0.35888671875
5,chr5:44373426:C:G,G,C,0.375,0.35888671875
4,chr4:468197024:A:G,A,G,0.375,0.35888671875
4,chr4:580902296:A:C,A,C,0.375,0.35888671875
chr1L,chr1L:1482953138:C:T,C,T,0.375,0.35888671875
4,chr4:532624046:A:T,A,T,0.375,0.35888671875
chr1S,chr1S:1291689719:A:G,G,A,0.375,0.35888671875
chr1S,chr1S:1291594786:A:G,A,G,0.375,0.35888671875
5,chr5:18790108:A:G,A,G,0.375,0.35888671875
chr1L,chr1L:1846069343:A:G,A,G,0.375,0.35888671875
chr1L,chr1L:1845086413:A:G,A,G,0.375,0.35888671875
chr1L,chr1L:1813983994:C:T,T,C,0.375,0.35888671875
chr1S,chr1S:843753540:C:T,T,C,0.375,0.35888671875
4,chr4:436663349:C:T,C,T,0.375,0.35888671875
5,chr5:278124837:A:G,A,G,0.375,0.35888671875
chr1L,chr1L:1678478535:A:G,A,G,0.375,0.35888671875
5,chr5:868757399:C:T,T,C,0.375,0.35888671875
chr1S,chr1S:514282201:C:T,T,C,0.375,0.35888671875
2,chr2:609356379:C:T,T,C,0.375,0.35888671875
5,chr5:1053709092:A:G,G,A,0.375,0.35888671875
chr1L,chr1L:1782147915:C:T,T,C,0.375,0.35888671875
4,chr4:34345396:A:G,A,G,0.375,0.35888671875
5,chr5:999632040:A:G,A,G,0.375,0.35888671875
chr1S,chr1S:1230624817:A:G,A,G,0.375,0.35888671875
5,chr5:855771225:C:T,T,C,0.375,0.35888671875
5,chr5:838387260:A:G,A,G,0.375,0.35888671875
5,chr5:760109293:A:G,A,G,0.375,0.35888671875
5,chr5:790850472:C:T,C,T,0.375,0.35888671875
5,chr5:937236356:C:T,T,C,0.375,0.35888671875
4,chr4:253187073:A:C,A,C,0.375,0.35888671875
chr1L,chr1L:1097523895:C:T,C,T,0.375,0.35888671875
chr1S,chr1S:1074826932:A:C,A,C,0.375,0.35888671875
5,chr5:498143311:C:T,C,T,0.375,0.35888671875
chr1L,chr1L:1042808346:C:T,C,T,0.375,0.35888671875
4,chr4:421684879:C:T,C,T,0.375,0.35888671875
5,chr5:721848419:G:T,G,T,0.375,0.35888671875
3,chr3:521660598:C:T,T,C,0.375,0.35888671875
chr1S,chr1S:372042765:G:T,T,G,0.375,0.35888671875
5,chr5:488135969:G:T,T,G,0.375,0.35888671875
4,chr4:305392271:C:T,C,T,0.375,0.35888671875
5,chr5:436732036:C:T,C,T,0.375,0.35888671875
5,chr5:429565026:C:T,T,C,0.375,0.35888671875
5,chr5:649397447:C:T,T,C,0.375,0.35888671875
chr1L,chr1L:1653279520:A:G,A,G,0.375,0.35888671875
chr1L,chr1L:1568499108:A:G,G,A,0.375,0.35888671875
4,chr4:428837653:A:G,A,G,0.375,0.35888671875
3,chr3:633091329:A:G,A,G,0.375,0.35888671875
5,chr5:437699785:G:T,G,T,0.375,0.35888671875
6,chr6:1054210334:A:G,A,G,0.375,0.35888671875
2,chr2:89215855:C:T,T,C,0.375,0.35888671875
2,chr2:86457263:A:G,A,G,0.375,0.35888671875
chr1S,chr1S:615673934:C:T,T,C,0.375,0.35888671875
6,chr6:1300543745:C:G,G,C,0.375,0.35888671875
2,chr2:1005278790:A:C,A,C,0.375,0.35888671875
6,chr6:1309890835:G:T,T,G,0.375,0.35888671875
2,chr2:89215863:C:T,T,C,0.375,0.35888671875
sca277,sca277:160896:C:T,T,C,0.3571,0.35374560371086383
2,chr2:114347841:G:T,G,T,0.3571,0.35374560371086383
chr1L,chr1L:222510516:C:T,T,C,0.3571,0.35374560371086383
chr1L,chr1L:1407041152:A:G,A,G,0.3571,0.35374560371086383
chr1L,chr1L:1354760134:G:T,T,G,0.3571,0.35374560371086383
6,chr6:1356248786:C:T,T,C,0.3571,0.35374560371086383
4,chr4:809053346:C:T,T,C,0.3571,0.35374560371086383
chr1L,chr1L:1305557584:G:T,T,G,0.3571,0.35374560371086383
5,chr5:694465380:C:T,C,T,0.3571,0.35374560371086383
2,chr2:679369370:C:T,C,T,0.3571,0.35374560371086383
chr1L,chr1L:922435930:C:T,T,C,0.3571,0.35374560371086383
chr1L,chr1L:913176765:A:G,G,A,0.3571,0.35374560371086383
4,chr4:773877182:C:T,T,C,0.3571,0.35374560371086383
4,chr4:1054081533:A:C,A,C,0.3571,0.35374560371086383
5,chr5:1203487864:C:T,T,C,0.3571,0.35374560371086383
4,chr4:15831660:C:T,C,T,0.3571,0.35374560371086383
4,chr4:1004820306:A:G,A,G,0.3571,0.35374560371086383
3,chr3:1088723243:C:T,T,C,0.3571,0.35374560371086383
4,chr4:1005822055:A:G,G,A,0.3571,0.35374560371086383
4,chr4:501790188:A:G,G,A,0.3571,0.35374560371086383
2,chr2:602049156:C:T,C,T,0.3571,0.35374560371086383
2,chr2:704024903:A:G,A,G,0.3571,0.35374560371086383
3,chr3:785175012:C:T,T,C,0.3571,0.35374560371086383
2,chr2:811490744:A:T,A,T,0.3571,0.35374560371086383
3,chr3:122171283:C:T,T,C,0.3571,0.35374560371086383
3,chr3:25490069:A:T,T,A,0.3571,0.35374560371086383
6,chr6:1070368577:A:C,C,A,0.3571,0.35374560371086383
5,chr5:663763697:A:C,A,C,0.3571,0.35374560371086383
2,chr2:563425033:A:C,A,C,0.3571,0.35374560371086383
4,chr4:1358504935:C:T,C,T,0.3571,0.35374560371086383
chr1L,chr1L:1446714622:A:C,C,A,0.3571,0.35374560371086383
chr1L,chr1L:1440176135:A:T,T,A,0.3571,0.35374560371086383
chr1L,chr1L:1120374905:A:G,A,G,0.3571,0.35374560371086383
3,chr3:398213509:C:T,T,C,0.3571,0.35374560371086383
2,chr2:3525101:G:T,T,G,0.3571,0.35374560371086383
6,chr6:1070368497:C:T,T,C,0.3571,0.35374560371086383
chr1S,chr1S:1438881537:C:T,C,T,0.3571,0.35374560371086383
2,chr2:396400890:C:T,C,T,0.3571,0.35374560371086383
3,chr3:334632276:A:G,A,G,0.3571,0.35374560371086383
6,chr6:128489523:A:G,A,G,0.3571,0.35374560371086383
6,chr6:37638855:A:C,A,C,0.3571,0.35374560371086383
3,chr3:515406916:A:G,A,G,0.3571,0.35374560371086383
3,chr3:669770745:A:G,A,G,0.35,0.35148749999999995
chr1S,chr1S:308306665:G:T,T,G,0.35,0.35148749999999995
chr1S,chr1S:273354056:A:G,A,G,0.35,0.35148749999999995
chr1L,chr1L:1325945703:A:G,A,G,0.35,0.35148749999999995
2,chr2:651696613:A:G,A,G,0.35,0.35148749999999995
2,chr2:654097741:A:G,A,G,0.35,0.35148749999999995
chr1L,chr1L:990777231:C:T,T,C,0.35,0.35148749999999995
4,chr4:431051997:A:C,C,A,0.35,0.35148749999999995
chr1S,chr1S:351652076:G:T,T,G,0.35,0.35148749999999995
4,chr4:418100071:A:T,A,T,0.35,0.35148749999999995
4,chr4:317168566:A:G,A,G,0.35,0.35148749999999995
4,chr4:291625054:A:G,A,G,0.35,0.35148749999999995
4,chr4:433421827:A:G,A,G,0.35,0.35148749999999995
4,chr4:201435790:C:T,T,C,0.35,0.35148749999999995
5,chr5:872725257:G:T,T,G,0.35,0.35148749999999995
3,chr3:231765123:G:T,G,T,0.35,0.35148749999999995
3,chr3:229370539:C:T,C,T,0.35,0.35148749999999995
5,chr5:720461495:C:T,C,T,0.35,0.35148749999999995
5,chr5:681221927:G:T,G,T,0.35,0.35148749999999995
5,chr5:670908591:A:G,G,A,0.35,0.35148749999999995
chr1L,chr1L:1729670419:C:T,T,C,0.35,0.35148749999999995
chr1L,chr1L:900468051:C:G,C,G,0.35,0.35148749999999995
chr1S,chr1S:1083544890:A:G,G,A,0.35,0.35148749999999995
4,chr4:382119243:C:T,C,T,0.35,0.35148749999999995
5,chr5:422011290:C:T,T,C,0.35,0.35148749999999995
chr1L,chr1L:1062297971:A:G,A,G,0.35,0.35148749999999995
5,chr5:307835209:C:T,T,C,0.35,0.35148749999999995
5,chr5:295283040:C:T,T,C,0.35,0.35148749999999995
5,chr5:858618780:A:G,A,G,0.35,0.35148749999999995
chr1L,chr1L:857109403:A:C,A,C,0.35,0.35148749999999995
2,chr2:713391288:G:T,T,G,0.35,0.35148749999999995
2,chr2:704663545:A:G,A,G,0.35,0.35148749999999995
2,chr2:591460761:A:G,G,A,0.35,0.35148749999999995
5,chr5:1024089876:A:G,A,G,0.35,0.35148749999999995
chr1L,chr1L:758753062:C:T,T,C,0.35,0.35148749999999995
2,chr2:706403240:G:T,T,G,0.35,0.35148749999999995
chr1L,chr1L:778878835:A:G,G,A,0.35,0.35148749999999995
chr1L,chr1L:1472557937:A:G,A,G,0.35,0.35148749999999995
2,chr2:1275046233:C:T,T,C,0.35,0.35148749999999995
2,chr2:1221676950:G:T,T,G,0.35,0.35148749999999995
2,chr2:1344797505:C:T,T,C,0.35,0.35148749999999995
chr1L,chr1L:842065347:A:G,A,G,0.35,0.35148749999999995
chr1L,chr1L:1095410690:A:G,A,G,0.35,0.35148749999999995
5,chr5:419766076:C:T,C,T,0.35,0.35148749999999995
2,chr2:745904356:C:T,T,C,0.35,0.35148749999999995
2,chr2:715908441:C:G,C,G,0.35,0.35148749999999995
chr1S,chr1S:1218383247:C:T,T,C,0.35,0.35148749999999995
chr1L,chr1L:1554912329:C:T,C,T,0.35,0.35148749999999995
chr1L,chr1L:1527449409:G:T,G,T,0.35,0.35148749999999995
4,chr4:512873690:A:G,A,G,0.35,0.35148749999999995
chr1L,chr1L:1801540216:C:T,T,C,0.35,0.35148749999999995
5,chr5:166411457:A:C,A,C,0.35,0.35148749999999995
5,chr5:1191056873:C:T,T,C,0.35,0.35148749999999995
5,chr5:1036666252:A:G,A,G,0.35,0.35148749999999995
2,chr2:1150812478:C:T,T,C,0.35,0.35148749999999995
5,chr5:129529521:A:G,G,A,0.35,0.35148749999999995
chr1L,chr1L:1618936819:A:G,G,A,0.35,0.35148749999999995
chr1S,chr1S:372770378:C:T,C,T,0.35,0.35148749999999995
2,chr2:756599587:C:T,T,C,0.35,0.35148749999999995
4,chr4:317487998:C:T,T,C,0.35,0.35148749999999995
4,chr4:234903451:C:T,C,T,0.35,0.35148749999999995
4,chr4:203378257:G:T,T,G,0.35,0.35148749999999995
5,chr5:516386909:A:G,A,G,0.35,0.35148749999999995
4,chr4:259160965:G:T,T,G,0.35,0.35148749999999995
5,chr5:790850437:C:T,T,C,0.35,0.35148749999999995
chr1L,chr1L:1771323162:A:C,C,A,0.35,0.35148749999999995
2,chr2:147722824:C:G,C,G,0.35,0.35148749999999995
2,chr2:145007043:A:G,A,G,0.35,0.35148749999999995
4,chr4:883186037:C:T,C,T,0.35,0.35148749999999995
chr1S,chr1S:268699454:A:G,A,G,0.35,0.35148749999999995
chr1L,chr1L:1303313479:G:T,G,T,0.35,0.35148749999999995
4,chr4:939356149:C:T,T,C,0.35,0.35148749999999995
chr1L,chr1L:201588421:G:T,T,G,0.35,0.35148749999999995
6,chr6:1113376039:C:T,C,T,0.35,0.35148749999999995
chr1S,chr1S:171315952:A:T,T,A,0.35,0.35148749999999995
6,chr6:1344040557:A:G,G,A,0.35,0.35148749999999995
3,chr3:1086969736:C:T,T,C,0.35,0.35148749999999995
2,chr2:906043048:G:T,T,G,0.35,0.35148749999999995
4,chr4:1013158541:C:G,G,C,0.35,0.35148749999999995
4,chr4:1034066614:A:C,A,C,0.35,0.35148749999999995
4,chr4:1010178883:A:C,A,C,0.35,0.35148749999999995
4,chr4:700169061:A:G,A,G,0.35,0.35148749999999995
4,chr4:706700650:A:G,G,A,0.35,0.35148749999999995
4,chr4:1110009518:A:G,A,G,0.35,0.35148749999999995
chr1L,chr1L:279206527:A:G,A,G,0.35,0.35148749999999995
chr1L,chr1L:331628747:C:T,T,C,0.35,0.35148749999999995
chr1S,chr1S:85286264:C:T,T,C,0.35,0.35148749999999995
4,chr4:9957263:A:T,A,T,0.35,0.35148749999999995
3,chr3:1376059207:G:T,T,G,0.35,0.35148749999999995
3,chr3:1376338254:C:T,T,C,0.35,0.35148749999999995
5,chr5:1126956412:A:G,A,G,0.35,0.35148749999999995
6,chr6:964649457:G:T,T,G,0.35,0.35148749999999995
5,chr5:139584514:A:C,A,C,0.35,0.35148749999999995
5,chr5:1191056860:A:G,G,A,0.35,0.35148749999999995
chr1L,chr1L:644521690:C:T,T,C,0.35,0.35148749999999995
chr1L,chr1L:644521593:C:T,C,T,0.35,0.35148749999999995
6,chr6:73392906:C:T,T,C,0.35,0.35148749999999995
6,chr6:66202095:A:C,C,A,0.35,0.35148749999999995
2,chr2:1445266093:G:T,G,T,0.35,0.35148749999999995
6,chr6:64699173:A:G,G,A,0.35,0.35148749999999995
3,chr3:1005195631:A:G,G,A,0.35,0.35148749999999995
chr1S,chr1S:1346541210:C:T,C,T,0.35,0.35148749999999995
4,chr4:586042869:A:G,A,G,0.35,0.35148749999999995
3,chr3:1099237585:C:T,T,C,0.35,0.35148749999999995
chr1S,chr1S:1311100993:C:T,T,C,0.35,0.35148749999999995
chr1L,chr1L:1473246706:A:G,G,A,0.35,0.35148749999999995
2,chr2:631237601:C:T,C,T,0.35,0.35148749999999995
6,chr6:56465444:A:G,A,G,0.35,0.35148749999999995
2,chr2:1630126204:A:G,A,G,0.35,0.35148749999999995
3,chr3:1175126448:C:T,C,T,0.35,0.35148749999999995
3,chr3:1173004759:A:G,A,G,0.35,0.35148749999999995
6,chr6:64338610:G:T,T,G,0.35,0.35148749999999995
3,chr3:166519760:A:G,A,G,0.35,0.35148749999999995
chr1S,chr1S:8119122:A:T,T,A,0.35,0.35148749999999995
chr1L,chr1L:1842936961:C:T,C,T,0.35,0.35148749999999995
chr1L,chr1L:1438451442:C:G,G,C,0.35,0.35148749999999995
chr1L,chr1L:1449099798:G:T,T,G,0.35,0.35148749999999995
chr1L,chr1L:1440176097:G:T,T,G,0.35,0.35148749999999995
2,chr2:1522892154:C:T,T,C,0.35,0.35148749999999995
2,chr2:454734886:C:T,T,C,0.35,0.35148749999999995
3,chr3:331166882:A:G,A,G,0.35,0.35148749999999995
6,chr6:328862631:A:G,A,G,0.35,0.35148749999999995
2,chr2:1678871028:C:T,T,C,0.35,0.35148749999999995
2,chr2:1474145042:A:G,A,G,0.35,0.35148749999999995
3,chr3:414954451:C:T,T,C,0.35,0.35148749999999995
chr1L,chr1L:632634067:C:G,C,G,0.35,0.35148749999999995
4,chr4:587218817:C:T,T,C,0.35,0.35148749999999995
4,chr4:1429752034:C:T,C,T,0.35,0.35148749999999995
6,chr6:249534047:G:T,T,G,0.35,0.35148749999999995
6,chr6:272601017:C:T,T,C,0.35,0.35148749999999995
6,chr6:133228901:C:T,T,C,0.35,0.35148749999999995
6,chr6:136717709:C:T,T,C,0.35,0.35148749999999995
chr1L,chr1L:1802669311:C:T,T,C,0.35,0.35148749999999995
5,chr5:51505488:A:G,G,A,0.35,0.35148749999999995
4,chr4:1545724644:C:T,T,C,0.35,0.35148749999999995
5,chr5:109366377:G:T,T,G,0.35,0.35148749999999995
3,chr3:460205101:A:G,A,G,0.35,0.35148749999999995
3,chr3:460266660:C:T,C,T,0.35,0.35148749999999995
4,chr4:516306106:A:G,A,G,0.35,0.35148749999999995
chr1S,chr1S:1289816486:A:C,A,C,0.35,0.35148749999999995
chr1S,chr1S:784231378:A:G,A,G,0.35,0.35148749999999995
chr1S,chr1S:784202125:C:T,T,C,0.35,0.35148749999999995
chr1S,chr1S:676587259:C:T,T,C,0.35,0.35148749999999995
chr1S,chr1S:859072667:A:T,A,T,0.35,0.35148749999999995
chr1S,chr1S:859072594:C:T,T,C,0.35,0.35148749999999995
2,chr2:772060222:G:T,T,G,0.35,0.35148749999999995
4,chr4:1305543391:A:G,G,A,0.35,0.35148749999999995
4,chr4:1234528357:A:G,A,G,0.35,0.35148749999999995
2,chr2:1054672775:A:G,G,A,0.35,0.35148749999999995
2,chr2:564771021:C:T,C,T,0.35,0.35148749999999995
6,chr6:706052456:A:C,A,C,0.35,0.35148749999999995
2,chr2:312918679:C:T,T,C,0.35,0.35148749999999995
6,chr6:785256925:A:G,A,G,0.35,0.35148749999999995
2,chr2:434473859:A:G,A,G,0.35,0.35148749999999995
2,chr2:449879388:A:G,G,A,0.35,0.35148749999999995
3,chr3:740801431:C:T,C,T,0.35,0.35148749999999995
6,chr6:774388220:C:T,C,T,0.35,0.35148749999999995
6,chr6:758595215:C:T,T,C,0.35,0.35148749999999995
2,chr2:364755732:A:C,A,C,0.35,0.35148749999999995
2,chr2:1619616058:C:T,C,T,0.35,0.35148749999999995
chr1L,chr1L:388625372:A:G,A,G,0.35,0.35148749999999995
chr1L,chr1L:421438028:C:T,T,C,0.35,0.35148749999999995
6,chr6:569674632:A:G,G,A,0.35,0.35148749999999995
chr1S,chr1S:565993140:G:T,T,G,0.35,0.35148749999999995
chr1L,chr1L:574459551:A:G,A,G,0.35,0.35148749999999995
6,chr6:639330835:A:G,A,G,0.35,0.35148749999999995
2,chr2:314013320:C:T,T,C,0.35,0.35148749999999995
2,chr2:345793169:C:T,C,T,0.35,0.35148749999999995
2,chr2:355309337:A:G,A,G,0.35,0.35148749999999995
6,chr6:848234431:C:T,T,C,0.35,0.35148749999999995
6,chr6:858305698:A:G,A,G,0.35,0.35148749999999995
6,chr6:902064253:A:C,C,A,0.35,0.35148749999999995
4,chr4:1106667372:C:T,T,C,0.35,0.35148749999999995
chr1L,chr1L:1277515504:A:G,A,G,0.35,0.35148749999999995
chr1L,chr1L:1244600290:C:T,T,C,0.35,0.35148749999999995
chr1L,chr1L:1203987924:A:T,T,A,0.35,0.35148749999999995
4,chr4:1307660345:A:G,A,G,0.35,0.35148749999999995
3,chr3:1075627649:C:T,T,C,0.35,0.35148749999999995
4,chr4:763877287:A:G,A,G,0.35,0.35148749999999995
4,chr4:768705917:A:G,A,G,0.35,0.35148749999999995
sca1133,sca1133:291827:A:C,A,C,0.35,0.35148749999999995
2,chr2:21780993:C:T,C,T,0.35,0.35148749999999995
sca141,sca141:46515:A:G,G,A,0.35,0.35148749999999995
sca212,sca212:58055:C:T,T,C,0.35,0.35148749999999995
chr1S,chr1S:23372771:A:G,G,A,0.35,0.35148749999999995
chr1L,chr1L:28775673:C:T,T,C,0.35,0.35148749999999995
3,chr3:952799655:C:T,T,C,0.35,0.35148749999999995
3,chr3:975946105:C:T,T,C,0.35,0.35148749999999995
chr1S,chr1S:1362365955:A:C,A,C,0.35,0.35148749999999995
2,chr2:105204307:A:G,A,G,0.35,0.35148749999999995
chr1L,chr1L:65440345:A:G,A,G,0.35,0.35148749999999995
sca299,sca299:2177:C:T,T,C,0.35,0.35148749999999995
2,chr2:167970761:A:C,C,A,0.35,0.35148749999999995
5,chr5:435594322:C:T,T,C,0.35,0.35148749999999995
chr1S,chr1S:1478392053:G:T,T,G,0.35,0.35148749999999995
chr1S,chr1S:1450546488:C:T,T,C,0.35,0.35148749999999995
5,chr5:452817945:G:T,T,G,0.35,0.35148749999999995
5,chr5:435835624:A:G,G,A,0.35,0.35148749999999995
chr1S,chr1S:570894323:A:C,A,C,0.35,0.35148749999999995
chr1L,chr1L:258256389:G:T,G,T,0.35,0.35148749999999995
chr1S,chr1S:582755708:C:T,T,C,0.35,0.35148749999999995
3,chr3:704976592:A:C,A,C,0.35,0.35148749999999995
3,chr3:718648922:C:G,C,G,0.35,0.35148749999999995
6,chr6:1376956772:A:G,A,G,0.35,0.35148749999999995
3,chr3:706851547:G:T,T,G,0.3333,0.34566666518513567
2,chr2:22888162:C:T,T,C,0.3333,0.34566666518513567
5,chr5:437451907:A:C,C,A,0.3333,0.34566666518513567
5,chr5:655170730:A:G,A,G,0.3333,0.34566666518513567
sca644,sca644:415262:A:G,A,G,0.3333,0.34566666518513567
chr1L,chr1L:1212989087:A:G,A,G,0.3333,0.34566666518513567
chr1L,chr1L:1210977027:C:T,T,C,0.3333,0.34566666518513567
2,chr2:840278596:C:T,T,C,0.3333,0.34566666518513567
chr1L,chr1L:565349753:C:T,T,C,0.3333,0.34566666518513567
6,chr6:547080454:A:G,A,G,0.3333,0.34566666518513567
chr1L,chr1L:467125892:A:G,G,A,0.3333,0.34566666518513567
chr1L,chr1L:409715213:C:T,T,C,0.3333,0.34566666518513567
chr1L,chr1L:404565288:A:G,A,G,0.3333,0.34566666518513567
2,chr2:1610300032:C:T,T,C,0.3333,0.34566666518513567
chr1S,chr1S:83667269:A:T,T,A,0.3333,0.34566666518513567
chr1S,chr1S:52290220:G:T,T,G,0.3333,0.34566666518513567
3,chr3:909201458:A:C,C,A,0.3333,0.34566666518513567
3,chr3:855680291:A:G,G,A,0.3333,0.34566666518513567
2,chr2:401530260:A:G,G,A,0.3333,0.34566666518513567
2,chr2:590674779:A:C,C,A,0.3333,0.34566666518513567
chr1L,chr1L:620008107:C:T,C,T,0.3333,0.34566666518513567
3,chr3:142365434:A:G,G,A,0.3333,0.34566666518513567
4,chr4:661898214:A:G,A,G,0.3333,0.34566666518513567
4,chr4:1454888952:C:T,C,T,0.3333,0.34566666518513567
2,chr2:1681657366:A:G,A,G,0.3333,0.34566666518513567
3,chr3:53577813:G:T,T,G,0.3333,0.34566666518513567
3,chr3:224937273:G:T,G,T,0.3333,0.34566666518513567
6,chr6:37638772:A:G,A,G,0.3333,0.34566666518513567
6,chr6:125052555:C:T,T,C,0.3333,0.34566666518513567
chr1S,chr1S:657701369:C:T,T,C,0.3333,0.34566666518513567
2,chr2:897756968:C:T,T,C,0.3333,0.34566666518513567
3,chr3:1238439147:C:T,T,C,0.3333,0.34566666518513567
4,chr4:18879313:A:G,A,G,0.3333,0.34566666518513567
5,chr5:1269261567:C:T,T,C,0.3333,0.34566666518513567
chr1L,chr1L:693682117:G:T,G,T,0.3333,0.34566666518513567
chr1S,chr1S:982526679:C:T,T,C,0.3333,0.34566666518513567
5,chr5:971107563:C:G,C,G,0.3333,0.34566666518513567
chr1S,chr1S:458369664:C:T,T,C,0.3333,0.34566666518513567
3,chr3:434259586:A:G,A,G,0.3333,0.34566666518513567
3,chr3:1460299043:C:T,T,C,0.3333,0.34566666518513567
2,chr2:1163494940:C:T,T,C,0.3333,0.34566666518513567
chr1L,chr1L:1725080446:A:G,G,A,0.3333,0.34566666518513567
chr1S,chr1S:468639541:A:C,A,C,0.3333,0.34566666518513567
5,chr5:805623426:C:T,C,T,0.3333,0.34566666518513567
5,chr5:934689767:C:T,T,C,0.3333,0.34566666518513567
chr1S,chr1S:967820451:A:G,A,G,0.3333,0.34566666518513567
chr1L,chr1L:1627408032:A:G,A,G,0.3333,0.34566666518513567
chr1L,chr1L:1014730740:A:T,A,T,0.3333,0.34566666518513567
chr1S,chr1S:307812340:C:T,T,C,0.3333,0.34566666518513567
4,chr4:812444727:A:G,G,A,0.3333,0.34566666518513567
2,chr2:3260023:A:G,A,G,0.325,0.34249921874999995
2,chr2:7545460:G:T,G,T,0.325,0.34249921874999995
chr1S,chr1S:1467363956:C:T,T,C,0.325,0.34249921874999995
chr1S,chr1S:1460511401:A:G,A,G,0.325,0.34249921874999995
2,chr2:363611239:C:T,T,C,0.325,0.34249921874999995
2,chr2:405471224:A:G,A,G,0.325,0.34249921874999995
chr1L,chr1L:208155042:C:T,C,T,0.325,0.34249921874999995
chr1L,chr1L:202168870:A:C,A,C,0.325,0.34249921874999995
6,chr6:1296421934:A:G,G,A,0.325,0.34249921874999995
chr1L,chr1L:49561815:A:T,T,A,0.325,0.34249921874999995
chr1L,chr1L:49561807:A:G,G,A,0.325,0.34249921874999995
chr1L,chr1L:4965337:G:T,T,G,0.325,0.34249921874999995
2,chr2:519531024:A:G,A,G,0.325,0.34249921874999995
2,chr2:514447466:A:G,A,G,0.325,0.34249921874999995
2,chr2:637557362:A:G,A,G,0.325,0.34249921874999995
2,chr2:605637157:C:T,C,T,0.325,0.34249921874999995
2,chr2:602613571:A:G,A,G,0.325,0.34249921874999995
2,chr2:708119501:C:T,C,T,0.325,0.34249921874999995
2,chr2:718310909:A:C,A,C,0.325,0.34249921874999995
2,chr2:718074992:A:G,A,G,0.325,0.34249921874999995
6,chr6:817423940:G:T,T,G,0.325,0.34249921874999995
6,chr6:810924015:A:G,A,G,0.325,0.34249921874999995
chr1L,chr1L:323899487:C:T,T,C,0.325,0.34249921874999995
chr1L,chr1L:323526204:C:G,G,C,0.325,0.34249921874999995
6,chr6:970470924:A:C,C,A,0.325,0.34249921874999995
6,chr6:966967042:G:T,G,T,0.325,0.34249921874999995
6,chr6:1225460780:C:T,C,T,0.325,0.34249921874999995
6,chr6:1221970758:A:G,A,G,0.325,0.34249921874999995
6,chr6:1096012111:C:G,G,C,0.325,0.34249921874999995
chr1S,chr1S:1180447278:A:G,A,G,0.325,0.34249921874999995
chr1S,chr1S:1152396655:G:T,G,T,0.325,0.34249921874999995
chr1S,chr1S:1110754303:A:G,G,A,0.325,0.34249921874999995
2,chr2:788689779:C:T,T,C,0.325,0.34249921874999995
2,chr2:915513260:A:G,G,A,0.325,0.34249921874999995
2,chr2:864261216:A:C,A,C,0.325,0.34249921874999995
2,chr2:1032434796:G:T,G,T,0.325,0.34249921874999995
2,chr2:1028600053:C:T,T,C,0.325,0.34249921874999995
2,chr2:1000291863:C:T,T,C,0.325,0.34249921874999995
2,chr2:941841199:C:T,C,T,0.325,0.34249921874999995
2,chr2:923152229:C:T,T,C,0.325,0.34249921874999995
2,chr2:1085752867:A:G,A,G,0.325,0.34249921874999995
6,chr6:694689461:C:T,T,C,0.325,0.34249921874999995
6,chr6:691784190:A:G,A,G,0.325,0.34249921874999995
6,chr6:727350385:A:G,A,G,0.325,0.34249921874999995
6,chr6:726285151:G:T,T,G,0.325,0.34249921874999995
6,chr6:697229530:A:T,A,T,0.325,0.34249921874999995
6,chr6:696099601:A:G,G,A,0.325,0.34249921874999995
6,chr6:846259954:A:C,C,A,0.325,0.34249921874999995
2,chr2:1039378547:A:G,G,A,0.325,0.34249921874999995
2,chr2:1173102074:C:T,T,C,0.325,0.34249921874999995
2,chr2:1106639930:C:T,T,C,0.325,0.34249921874999995
6,chr6:334260119:A:G,A,G,0.325,0.34249921874999995
6,chr6:321661732:C:T,C,T,0.325,0.34249921874999995
6,chr6:306473827:A:G,A,G,0.325,0.34249921874999995
chr1L,chr1L:606249388:A:G,G,A,0.325,0.34249921874999995
chr1L,chr1L:599844302:A:G,A,G,0.325,0.34249921874999995
chr1L,chr1L:574459660:C:T,T,C,0.325,0.34249921874999995
chr1L,chr1L:570000387:G:T,T,G,0.325,0.34249921874999995
6,chr6:580754041:C:T,C,T,0.325,0.34249921874999995
6,chr6:538318133:A:G,G,A,0.325,0.34249921874999995
6,chr6:522741346:A:G,A,G,0.325,0.34249921874999995
2,chr2:1231125968:C:T,C,T,0.325,0.34249921874999995
chr1S,chr1S:933318234:C:T,C,T,0.325,0.34249921874999995
2,chr2:1385444128:C:T,T,C,0.325,0.34249921874999995
chr1S,chr1S:801582696:C:T,T,C,0.325,0.34249921874999995
2,chr2:1567387866:C:T,T,C,0.325,0.34249921874999995
2,chr2:1538592148:A:C,C,A,0.325,0.34249921874999995
2,chr2:1655768077:A:T,A,T,0.325,0.34249921874999995
2,chr2:1636969018:C:T,T,C,0.325,0.34249921874999995
chr1L,chr1L:722389594:C:T,T,C,0.325,0.34249921874999995
chr1L,chr1L:700010693:G:T,T,G,0.325,0.34249921874999995
6,chr6:179216441:A:G,A,G,0.325,0.34249921874999995
6,chr6:412324554:C:T,C,T,0.325,0.34249921874999995
6,chr6:370087489:A:G,A,G,0.325,0.34249921874999995
6,chr6:366731741:C:T,T,C,0.325,0.34249921874999995
3,chr3:5495657:G:T,T,G,0.325,0.34249921874999995
2,chr2:1700904186:C:T,C,T,0.325,0.34249921874999995
chr1S,chr1S:580032276:A:G,A,G,0.325,0.34249921874999995
3,chr3:56884725:A:G,A,G,0.325,0.34249921874999995
3,chr3:175063853:A:G,A,G,0.325,0.34249921874999995
3,chr3:170701141:C:T,T,C,0.325,0.34249921874999995
3,chr3:161825293:C:G,G,C,0.325,0.34249921874999995
3,chr3:127504226:A:G,A,G,0.325,0.34249921874999995
5,chr5:904488918:C:T,T,C,0.325,0.34249921874999995
chr1L,chr1L:794440852:C:T,T,C,0.325,0.34249921874999995
5,chr5:988434899:A:C,A,C,0.325,0.34249921874999995
5,chr5:951763552:C:T,T,C,0.325,0.34249921874999995
5,chr5:1138641181:C:T,C,T,0.325,0.34249921874999995
6,chr6:8936345:A:G,A,G,0.325,0.34249921874999995
chr1S,chr1S:562201068:A:G,A,G,0.325,0.34249921874999995
chr1S,chr1S:541885080:A:G,A,G,0.325,0.34249921874999995
3,chr3:358428210:A:G,A,G,0.325,0.34249921874999995
3,chr3:338463752:G:T,T,G,0.325,0.34249921874999995
3,chr3:466618444:A:G,A,G,0.325,0.34249921874999995
3,chr3:462867375:C:T,T,C,0.325,0.34249921874999995
chr1S,chr1S:428793918:A:G,A,G,0.325,0.34249921874999995
chr1S,chr1S:401543691:A:C,A,C,0.325,0.34249921874999995
chr1S,chr1S:394415777:A:G,A,G,0.325,0.34249921874999995
3,chr3:569849116:C:T,T,C,0.325,0.34249921874999995
3,chr3:565568283:G:T,T,G,0.325,0.34249921874999995
3,chr3:601492604:A:G,A,G,0.325,0.34249921874999995
3,chr3:724854848:G:T,T,G,0.325,0.34249921874999995
3,chr3:723529389:C:T,C,T,0.325,0.34249921874999995
chr1L,chr1L:963702417:C:T,C,T,0.325,0.34249921874999995
chr1L,chr1L:944639786:A:G,G,A,0.325,0.34249921874999995
chr1L,chr1L:857109558:A:G,A,G,0.325,0.34249921874999995
5,chr5:936667111:C:T,T,C,0.325,0.34249921874999995
chr1S,chr1S:251806903:C:T,T,C,0.325,0.34249921874999995
chr1S,chr1S:198306041:C:G,G,C,0.325,0.34249921874999995
3,chr3:795786986:A:G,G,A,0.325,0.34249921874999995
3,chr3:835562220:A:C,A,C,0.325,0.34249921874999995
3,chr3:798307003:C:T,T,C,0.325,0.34249921874999995
chr1S,chr1S:117165411:A:C,A,C,0.325,0.34249921874999995
chr1S,chr1S:86571347:C:T,T,C,0.325,0.34249921874999995
chr1S,chr1S:70393932:A:G,A,G,0.325,0.34249921874999995
3,chr3:1035319739:A:C,A,C,0.325,0.34249921874999995
3,chr3:1008593550:A:G,A,G,0.325,0.34249921874999995
3,chr3:1189320472:C:T,C,T,0.325,0.34249921874999995
chr1L,chr1L:998210371:A:G,A,G,0.325,0.34249921874999995
5,chr5:508432937:G:T,T,G,0.325,0.34249921874999995
5,chr5:662652408:C:T,T,C,0.325,0.34249921874999995
5,chr5:648740274:C:T,T,C,0.325,0.34249921874999995
5,chr5:546354012:A:G,A,G,0.325,0.34249921874999995
5,chr5:516386812:A:G,A,G,0.325,0.34249921874999995
3,chr3:1514101237:A:G,A,G,0.325,0.34249921874999995
chr1L,chr1L:1796857093:A:G,A,G,0.325,0.34249921874999995
chr1L,chr1L:1771918314:A:G,A,G,0.325,0.34249921874999995
chr1L,chr1L:1756055261:C:T,T,C,0.325,0.34249921874999995
chr1L,chr1L:1738437127:C:T,T,C,0.325,0.34249921874999995
4,chr4:235493505:C:T,T,C,0.325,0.34249921874999995
4,chr4:201435857:A:G,A,G,0.325,0.34249921874999995
4,chr4:201435833:A:G,A,G,0.325,0.34249921874999995
5,chr5:148756613:A:G,A,G,0.325,0.34249921874999995
5,chr5:426290369:A:C,C,A,0.325,0.34249921874999995
5,chr5:336002967:C:T,C,T,0.325,0.34249921874999995
5,chr5:272046236:C:T,C,T,0.325,0.34249921874999995
chr1L,chr1L:1636851376:A:G,A,G,0.325,0.34249921874999995
chr1L,chr1L:1616122099:C:T,T,C,0.325,0.34249921874999995
chr1L,chr1L:1611952966:A:G,G,A,0.325,0.34249921874999995
4,chr4:374011936:C:T,T,C,0.325,0.34249921874999995
4,chr4:436241343:C:T,C,T,0.325,0.34249921874999995
4,chr4:434721833:A:G,A,G,0.325,0.34249921874999995
chr1L,chr1L:1552642543:A:G,A,G,0.325,0.34249921874999995
chr1L,chr1L:1523159009:C:T,T,C,0.325,0.34249921874999995
chr1L,chr1L:1511494342:C:G,G,C,0.325,0.34249921874999995
4,chr4:503009130:A:G,A,G,0.325,0.34249921874999995
4,chr4:483085675:A:G,A,G,0.325,0.34249921874999995
4,chr4:578082272:A:T,A,T,0.325,0.34249921874999995
4,chr4:563308551:C:T,T,C,0.325,0.34249921874999995
4,chr4:1307664966:A:G,A,G,0.325,0.34249921874999995
chr1L,chr1L:1184296337:G:T,T,G,0.325,0.34249921874999995
5,chr5:23716318:C:T,T,C,0.325,0.34249921874999995
5,chr5:115901842:G:T,G,T,0.325,0.34249921874999995
5,chr5:157205973:G:T,T,G,0.325,0.34249921874999995
chr1L,chr1L:1496545464:A:G,G,A,0.325,0.34249921874999995
chr1L,chr1L:1482953132:A:G,A,G,0.325,0.34249921874999995
chr1L,chr1L:1462038945:C:T,T,C,0.325,0.34249921874999995
4,chr4:666471089:G:T,G,T,0.325,0.34249921874999995
4,chr4:717024342:A:T,A,T,0.325,0.34249921874999995
4,chr4:709553403:A:G,A,G,0.325,0.34249921874999995
4,chr4:783429771:C:T,T,C,0.325,0.34249921874999995
4,chr4:759960981:A:G,A,G,0.325,0.34249921874999995
chr1L,chr1L:1437177539:C:T,C,T,0.325,0.34249921874999995
chr1L,chr1L:1389583141:A:G,A,G,0.325,0.34249921874999995
chr1L,chr1L:1383857336:A:C,A,C,0.325,0.34249921874999995
chr1L,chr1L:1371771164:A:G,A,G,0.325,0.34249921874999995
4,chr4:842021530:A:G,A,G,0.325,0.34249921874999995
4,chr4:840267991:A:G,A,G,0.325,0.34249921874999995
4,chr4:839203006:G:T,T,G,0.325,0.34249921874999995
4,chr4:810006000:C:T,T,C,0.325,0.34249921874999995
4,chr4:802196365:A:G,G,A,0.325,0.34249921874999995
4,chr4:1058479022:C:T,T,C,0.325,0.34249921874999995
4,chr4:1238142157:A:G,G,A,0.325,0.34249921874999995
4,chr4:1446108196:A:C,A,C,0.325,0.34249921874999995
4,chr4:1428621211:A:G,G,A,0.325,0.34249921874999995
chr1L,chr1L:1305524429:G:T,T,G,0.325,0.34249921874999995
chr1L,chr1L:1305381427:A:G,A,G,0.325,0.34249921874999995
4,chr4:940996527:A:G,G,A,0.325,0.34249921874999995
4,chr4:905281609:A:G,A,G,0.325,0.34249921874999995
4,chr4:880507186:C:T,C,T,0.325,0.34249921874999995
4,chr4:860449267:A:C,A,C,0.325,0.34249921874999995
4,chr4:857817839:C:T,T,C,0.325,0.34249921874999995
4,chr4:849355283:A:C,A,C,0.325,0.34249921874999995
4,chr4:1003422000:C:T,C,T,0.325,0.34249921874999995
sca130,sca130:83995:A:G,A,G,0.325,0.34249921874999995
sca118,sca118:363754:C:T,T,C,0.325,0.34249921874999995
sca93,sca93:621459:G:T,G,T,0.325,0.34249921874999995
sca68,sca68:231975:A:G,A,G,0.325,0.34249921874999995
2,chr2:138000474:A:G,G,A,0.325,0.34249921874999995
2,chr2:299027325:C:G,G,C,0.325,0.34249921874999995
2,chr2:278020526:A:G,G,A,0.325,0.34249921874999995
6,chr6:1358962400:G:T,T,G,0.325,0.34249921874999995
chr1L,chr1L:180115619:C:T,T,C,0.325,0.34249921874999995
chr1L,chr1L:145404709:C:T,T,C,0.325,0.34249921874999995
sca1031,sca1031:13128:C:T,C,T,0.325,0.34249921874999995
2,chr2:51544971:C:T,T,C,0.325,0.34249921874999995
2,chr2:494845060:G:T,T,G,0.3095,0.33607578550987494
chr1L,chr1L:436941159:C:T,C,T,0.3095,0.33607578550987494
chr1L,chr1L:1305557792:G:T,G,T,0.3095,0.33607578550987494
4,chr4:1508206727:C:T,C,T,0.3095,0.33607578550987494
4,chr4:1248330144:C:T,T,C,0.3095,0.33607578550987494
chr1L,chr1L:484700946:A:G,A,G,0.3095,0.33607578550987494
6,chr6:1203176447:C:T,T,C,0.3095,0.33607578550987494
6,chr6:1237071770:G:T,T,G,0.3095,0.33607578550987494
2,chr2:1062755920:A:C,A,C,0.3095,0.33607578550987494
2,chr2:1663766469:A:C,C,A,0.3095,0.33607578550987494
2,chr2:1523913668:C:T,T,C,0.3095,0.33607578550987494
chr1S,chr1S:641038237:A:C,A,C,0.3095,0.33607578550987494
3,chr3:222469849:C:T,T,C,0.3095,0.33607578550987494
chr1S,chr1S:610232997:A:T,T,A,0.3095,0.33607578550987494
6,chr6:205177282:A:G,A,G,0.3095,0.33607578550987494
6,chr6:39015277:A:G,G,A,0.3095,0.33607578550987494
chr1S,chr1S:560265057:C:T,C,T,0.3095,0.33607578550987494
3,chr3:243863852:G:T,G,T,0.3095,0.33607578550987494
5,chr5:972569172:C:T,T,C,0.3095,0.33607578550987494
3,chr3:257946828:A:G,A,G,0.3095,0.33607578550987494
3,chr3:306111179:C:T,T,C,0.3095,0.33607578550987494
chr1L,chr1L:1227307621:A:G,G,A,0.3095,0.33607578550987494
chr1L,chr1L:1228865881:A:G,A,G,0.3095,0.33607578550987494
4,chr4:809053370:C:T,T,C,0.3095,0.33607578550987494
4,chr4:832983165:A:C,A,C,0.3095,0.33607578550987494
4,chr4:839359546:G:T,T,G,0.3095,0.33607578550987494
4,chr4:755340075:A:G,A,G,0.3095,0.33607578550987494
3,chr3:488381781:C:T,T,C,0.3095,0.33607578550987494
chr1S,chr1S:458369640:C:T,T,C,0.3095,0.33607578550987494
3,chr3:779735820:C:T,C,T,0.3095,0.33607578550987494
3,chr3:782698222:A:T,T,A,0.3095,0.33607578550987494
5,chr5:779530307:A:C,A,C,0.3095,0.33607578550987494
5,chr5:836306680:G:T,T,G,0.3095,0.33607578550987494
4,chr4:512873691:A:G,A,G,0.3095,0.33607578550987494
5,chr5:105954517:G:T,T,G,0.3095,0.33607578550987494
3,chr3:1064322498:A:G,A,G,0.3095,0.33607578550987494
3,chr3:1066505270:A:G,A,G,0.3095,0.33607578550987494
3,chr3:954630327:C:T,T,C,0.3095,0.33607578550987494
3,chr3:894082780:G:T,T,G,0.3095,0.33607578550987494
3,chr3:742812326:G:T,T,G,0.3095,0.33607578550987494
chr1S,chr1S:19018576:G:T,G,T,0.3095,0.33607578550987494
3,chr3:1093944456:A:G,A,G,0.3095,0.33607578550987494
3,chr3:1458015986:A:G,G,A,0.3095,0.33607578550987494
4,chr4:292476560:G:T,T,G,0.3095,0.33607578550987494
4,chr4:295689151:C:T,C,T,0.3095,0.33607578550987494
chr1L,chr1L:1611953033:A:G,A,G,0.3095,0.33607578550987494
5,chr5:318715379:A:G,A,G,0.3095,0.33607578550987494
5,chr5:338049219:G:T,T,G,0.3095,0.33607578550987494
chr1L,chr1L:1523158862:C:T,T,C,0.3095,0.33607578550987494
sca321,sca321:214762:G:T,G,T,0.3095,0.33607578550987494
sca920,sca920:425309:C:T,T,C,0.3095,0.33607578550987494
2,chr2:253082707:C:T,T,C,0.3095,0.33607578550987494
2,chr2:253082731:C:T,T,C,0.3095,0.33607578550987494
2,chr2:519531028:C:T,T,C,0.3095,0.33607578550987494
6,chr6:1369290411:A:G,G,A,0.3095,0.33607578550987494
6,chr6:1237717032:A:G,A,G,0.3095,0.33607578550987494
6,chr6:1262431438:A:G,A,G,0.3095,0.33607578550987494
2,chr2:42622057:A:G,A,G,0.3095,0.33607578550987494
2,chr2:86457302:A:T,T,A,0.3,0.33180000000000004
chr1L,chr1L:252063800:G:T,G,T,0.3,0.33180000000000004
chr1L,chr1L:222510590:A:G,G,A,0.3,0.33180000000000004
chr1L,chr1L:196513271:C:T,T,C,0.3,0.33180000000000004
chr1L,chr1L:42827730:A:G,A,G,0.3,0.33180000000000004
chr1L,chr1L:10086885:C:T,T,C,0.3,0.33180000000000004
2,chr2:531502013:A:T,T,A,0.3,0.33180000000000004
chr1S,chr1S:1362365896:A:G,A,G,0.3,0.33180000000000004
chr1S,chr1S:1259730637:C:T,T,C,0.3,0.33180000000000004
chr1S,chr1S:1258954099:A:T,A,T,0.3,0.33180000000000004
2,chr2:629711668:A:G,A,G,0.3,0.33180000000000004
chr1L,chr1L:268253088:A:C,A,C,0.3,0.33180000000000004
6,chr6:1035332522:A:G,G,A,0.3,0.33180000000000004
2,chr2:137122826:G:T,T,G,0.3,0.33180000000000004
2,chr2:290894364:A:C,A,C,0.3,0.33180000000000004
2,chr2:257721453:C:G,C,G,0.3,0.33180000000000004
chr1L,chr1L:102409194:A:G,G,A,0.3,0.33180000000000004
chr1L,chr1L:82983750:C:T,T,C,0.3,0.33180000000000004
2,chr2:12523931:A:G,A,G,0.3,0.33180000000000004
sca649,sca649:72636:C:T,T,C,0.3,0.33180000000000004
sca369,sca369:100518:A:C,A,C,0.3,0.33180000000000004
sca317,sca317:36301:G:T,T,G,0.3,0.33180000000000004
2,chr2:94275032:A:G,A,G,0.3,0.33180000000000004
4,chr4:674410483:C:G,G,C,0.3,0.33180000000000004
4,chr4:282703204:A:G,A,G,0.3,0.33180000000000004
4,chr4:280608586:A:G,A,G,0.3,0.33180000000000004
4,chr4:278456309:C:T,C,T,0.3,0.33180000000000004
4,chr4:389533433:A:C,A,C,0.3,0.33180000000000004
4,chr4:388696997:G:T,T,G,0.3,0.33180000000000004
4,chr4:449219758:C:T,T,C,0.3,0.33180000000000004
4,chr4:431756484:C:T,T,C,0.3,0.33180000000000004
4,chr4:426862983:G:T,G,T,0.3,0.33180000000000004
chr1L,chr1L:1586622231:A:G,G,A,0.3,0.33180000000000004
4,chr4:509000107:C:T,T,C,0.3,0.33180000000000004
4,chr4:499608039:C:T,C,T,0.3,0.33180000000000004
4,chr4:495127177:A:G,A,G,0.3,0.33180000000000004
4,chr4:489008451:A:G,A,G,0.3,0.33180000000000004
4,chr4:481739694:A:G,A,G,0.3,0.33180000000000004
4,chr4:577828415:G:T,T,G,0.3,0.33180000000000004
chr1L,chr1L:1697698754:A:C,C,A,0.3,0.33180000000000004
5,chr5:126337919:A:G,A,G,0.3,0.33180000000000004
5,chr5:117943528:A:G,G,A,0.3,0.33180000000000004
5,chr5:117660824:A:G,A,G,0.3,0.33180000000000004
chr1L,chr1L:1117930446:A:T,A,T,0.3,0.33180000000000004
chr1L,chr1L:1095886902:A:C,A,C,0.3,0.33180000000000004
chr1L,chr1L:1084879432:G:T,G,T,0.3,0.33180000000000004
chr1L,chr1L:1068260690:C:T,T,C,0.3,0.33180000000000004
5,chr5:380645360:A:G,A,G,0.3,0.33180000000000004
5,chr5:298284520:C:T,T,C,0.3,0.33180000000000004
chr1L,chr1L:1003589954:C:G,C,G,0.3,0.33180000000000004
3,chr3:1332566092:C:T,T,C,0.3,0.33180000000000004
3,chr3:1281828263:G:T,T,G,0.3,0.33180000000000004
3,chr3:1267622817:A:G,A,G,0.3,0.33180000000000004
3,chr3:1197363642:A:G,A,G,0.3,0.33180000000000004
4,chr4:15831648:A:G,G,A,0.3,0.33180000000000004
4,chr4:119982187:A:T,A,T,0.3,0.33180000000000004
4,chr4:86534048:A:G,A,G,0.3,0.33180000000000004
4,chr4:83728026:C:T,C,T,0.3,0.33180000000000004
4,chr4:71466205:G:T,T,G,0.3,0.33180000000000004
chr1L,chr1L:1775265732:A:T,T,A,0.3,0.33180000000000004
chr1L,chr1L:1756574165:A:C,C,A,0.3,0.33180000000000004
chr1L,chr1L:1756055331:A:G,A,G,0.3,0.33180000000000004
chr1L,chr1L:1755221092:A:G,G,A,0.3,0.33180000000000004
chr1L,chr1L:1736169374:C:T,C,T,0.3,0.33180000000000004
4,chr4:187072307:C:T,C,T,0.3,0.33180000000000004
chr1L,chr1L:990777374:A:G,A,G,0.3,0.33180000000000004
chr1L,chr1L:990063959:C:T,C,T,0.3,0.33180000000000004
5,chr5:498174310:C:G,C,G,0.3,0.33180000000000004
5,chr5:665478892:A:G,A,G,0.3,0.33180000000000004
5,chr5:662652431:A:C,C,A,0.3,0.33180000000000004
5,chr5:554658645:C:T,T,C,0.3,0.33180000000000004
5,chr5:549349736:A:C,C,A,0.3,0.33180000000000004
5,chr5:745223717:C:T,T,C,0.3,0.33180000000000004
5,chr5:727865295:A:G,A,G,0.3,0.33180000000000004
chr1L,chr1L:1818637114:A:C,C,A,0.3,0.33180000000000004
3,chr3:1395801002:C:T,T,C,0.3,0.33180000000000004
3,chr3:1366318735:C:T,T,C,0.3,0.33180000000000004
3,chr3:1357885434:A:C,C,A,0.3,0.33180000000000004
3,chr3:1348149543:G:T,T,G,0.3,0.33180000000000004
3,chr3:923045492:C:T,C,T,0.3,0.33180000000000004
3,chr3:909200365:A:G,A,G,0.3,0.33180000000000004
3,chr3:856817716:G:T,T,G,0.3,0.33180000000000004
3,chr3:964401094:G:T,G,T,0.3,0.33180000000000004
3,chr3:964401021:C:T,C,T,0.3,0.33180000000000004
3,chr3:953376247:C:T,T,C,0.3,0.33180000000000004
3,chr3:952799612:C:T,T,C,0.3,0.33180000000000004
3,chr3:977365972:A:G,A,G,0.3,0.33180000000000004
3,chr3:1178512800:C:T,C,T,0.3,0.33180000000000004
3,chr3:1173887468:A:G,A,G,0.3,0.33180000000000004
4,chr4:1298744542:A:G,A,G,0.3,0.33180000000000004
4,chr4:1307664875:A:G,G,A,0.3,0.33180000000000004
chr1L,chr1L:1185528983:A:C,A,C,0.3,0.33180000000000004
chr1L,chr1L:1153141326:A:G,A,G,0.3,0.33180000000000004
chr1L,chr1L:1122612426:A:T,A,T,0.3,0.33180000000000004
5,chr5:20348444:A:G,G,A,0.3,0.33180000000000004
5,chr5:5195965:C:T,T,C,0.3,0.33180000000000004
4,chr4:1588267318:A:G,G,A,0.3,0.33180000000000004
5,chr5:95336261:A:G,A,G,0.3,0.33180000000000004
5,chr5:263356692:C:T,T,C,0.3,0.33180000000000004
5,chr5:187260010:A:C,C,A,0.3,0.33180000000000004
chr1L,chr1L:1469341648:A:C,A,C,0.3,0.33180000000000004
chr1L,chr1L:1457010698:A:G,G,A,0.3,0.33180000000000004
4,chr4:678558579:A:G,A,G,0.3,0.33180000000000004
chr1L,chr1L:994929439:A:G,A,G,0.3,0.33180000000000004
5,chr5:685214430:C:T,C,T,0.3,0.33180000000000004
chr1L,chr1L:925516062:G:T,T,G,0.3,0.33180000000000004
chr1L,chr1L:924739892:C:T,T,C,0.3,0.33180000000000004
chr1L,chr1L:900683304:A:C,A,C,0.3,0.33180000000000004
5,chr5:839418926:C:T,T,C,0.3,0.33180000000000004
5,chr5:836306645:C:T,T,C,0.3,0.33180000000000004
5,chr5:745223723:A:G,G,A,0.3,0.33180000000000004
5,chr5:919470671:A:G,A,G,0.3,0.33180000000000004
3,chr3:669199273:A:G,A,G,0.3,0.33180000000000004
chr1S,chr1S:238463395:A:T,T,A,0.3,0.33180000000000004
chr1S,chr1S:198305933:C:T,C,T,0.3,0.33180000000000004
3,chr3:794092357:G:T,G,T,0.3,0.33180000000000004
chr1S,chr1S:480746301:C:T,T,C,0.3,0.33180000000000004
3,chr3:521390639:A:C,A,C,0.3,0.33180000000000004
3,chr3:474024913:C:T,T,C,0.3,0.33180000000000004
3,chr3:459838991:A:C,A,C,0.3,0.33180000000000004
3,chr3:459594479:G:T,T,G,0.3,0.33180000000000004
chr1S,chr1S:444924169:C:T,C,T,0.3,0.33180000000000004
chr1S,chr1S:380036728:A:C,A,C,0.3,0.33180000000000004
chr1S,chr1S:372042864:A:G,A,G,0.3,0.33180000000000004
3,chr3:572465930:C:T,C,T,0.3,0.33180000000000004
3,chr3:555190976:C:T,T,C,0.3,0.33180000000000004
3,chr3:533008608:A:C,C,A,0.3,0.33180000000000004
3,chr3:711691615:A:G,A,G,0.3,0.33180000000000004
5,chr5:721010918:G:T,T,G,0.3,0.33180000000000004
sca93,sca93:621460:C:T,T,C,0.3,0.33180000000000004
4,chr4:711310045:A:C,C,A,0.3,0.33180000000000004
4,chr4:703884694:C:T,T,C,0.3,0.33180000000000004
chr1L,chr1L:1425091244:C:T,C,T,0.3,0.33180000000000004
4,chr4:837510539:A:C,A,C,0.3,0.33180000000000004
4,chr4:818246388:A:G,A,G,0.3,0.33180000000000004
chr1L,chr1L:1325945598:A:C,A,C,0.3,0.33180000000000004
chr1L,chr1L:1256305963:C:T,T,C,0.3,0.33180000000000004
chr1L,chr1L:1191157230:A:G,A,G,0.3,0.33180000000000004
chr1L,chr1L:1187274154:A:C,A,C,0.3,0.33180000000000004
5,chr5:719771638:A:G,G,A,0.3,0.33180000000000004
5,chr5:907302266:A:G,A,G,0.3,0.33180000000000004
5,chr5:887457477:A:C,A,C,0.3,0.33180000000000004
chr1L,chr1L:837416122:C:T,T,C,0.3,0.33180000000000004
chr1L,chr1L:835576158:C:T,T,C,0.3,0.33180000000000004
chr1L,chr1L:822475997:A:G,A,G,0.3,0.33180000000000004
5,chr5:1105151125:A:C,A,C,0.3,0.33180000000000004
5,chr5:1077311996:A:G,A,G,0.3,0.33180000000000004
5,chr5:1064488023:A:C,A,C,0.3,0.33180000000000004
5,chr5:1222780116:A:G,A,G,0.3,0.33180000000000004
chr1S,chr1S:514282191:C:T,T,C,0.3,0.33180000000000004
chr1S,chr1S:511597304:C:T,T,C,0.3,0.33180000000000004
5,chr5:1187441979:C:T,T,C,0.3,0.33180000000000004
5,chr5:1177444091:A:C,A,C,0.3,0.33180000000000004
5,chr5:1174773167:C:T,T,C,0.3,0.33180000000000004
6,chr6:63216622:A:C,A,C,0.3,0.33180000000000004
6,chr6:49501353:A:G,A,G,0.3,0.33180000000000004
6,chr6:305566843:C:T,T,C,0.3,0.33180000000000004
6,chr6:157801985:C:T,T,C,0.3,0.33180000000000004
6,chr6:387850769:A:G,A,G,0.3,0.33180000000000004
2,chr2:1706298623:G:T,T,G,0.3,0.33180000000000004
chr1S,chr1S:592735402:G:T,T,G,0.3,0.33180000000000004
chr1S,chr1S:587576827:A:G,A,G,0.3,0.33180000000000004
3,chr3:170701133:A:G,G,A,0.3,0.33180000000000004
2,chr2:1387260352:A:C,A,C,0.3,0.33180000000000004
2,chr2:1385444076:A:G,A,G,0.3,0.33180000000000004
2,chr2:1383946981:A:C,A,C,0.3,0.33180000000000004
2,chr2:1372326290:G:T,T,G,0.3,0.33180000000000004
2,chr2:1368650865:G:T,T,G,0.3,0.33180000000000004
chr1S,chr1S:774297208:A:G,A,G,0.3,0.33180000000000004
2,chr2:1525447999:A:G,G,A,0.3,0.33180000000000004
2,chr2:1518996099:A:C,A,C,0.3,0.33180000000000004
2,chr2:1478126175:C:T,T,C,0.3,0.33180000000000004
2,chr2:1478095788:A:G,A,G,0.3,0.33180000000000004
2,chr2:1664776566:G:T,T,G,0.3,0.33180000000000004
3,chr3:28619257:C:T,C,T,0.3,0.33180000000000004
3,chr3:13127785:A:G,A,G,0.3,0.33180000000000004
2,chr2:1301287662:A:C,A,C,0.3,0.33180000000000004
2,chr2:1261411042:A:C,A,C,0.3,0.33180000000000004
6,chr6:331397853:C:T,T,C,0.3,0.33180000000000004
6,chr6:320283307:C:T,C,T,0.3,0.33180000000000004
chr1L,chr1L:542600657:A:G,A,G,0.3,0.33180000000000004
6,chr6:471258269:A:G,A,G,0.3,0.33180000000000004
6,chr6:468194452:A:C,A,C,0.3,0.33180000000000004
chr1L,chr1L:497683085:A:G,A,G,0.3,0.33180000000000004
2,chr2:1225937186:A:G,A,G,0.3,0.33180000000000004
2,chr2:1208451084:C:T,T,C,0.3,0.33180000000000004
2,chr2:1190197456:C:T,T,C,0.3,0.33180000000000004
chr1S,chr1S:931101984:C:T,T,C,0.3,0.33180000000000004
chr1S,chr1S:929523589:C:T,T,C,0.3,0.33180000000000004
chr1S,chr1S:850150238:C:T,T,C,0.3,0.33180000000000004
chr1S,chr1S:844015689:C:T,T,C,0.3,0.33180000000000004
2,chr2:1393437424:A:G,G,A,0.3,0.33180000000000004
chr1L,chr1L:378394850:C:T,T,C,0.3,0.33180000000000004
chr1L,chr1L:374137074:A:G,A,G,0.3,0.33180000000000004
6,chr6:647566807:C:T,C,T,0.3,0.33180000000000004
6,chr6:755681598:C:T,T,C,0.3,0.33180000000000004
6,chr6:848234450:A:G,A,G,0.3,0.33180000000000004
2,chr2:1062011306:G:T,T,G,0.3,0.33180000000000004
chr1S,chr1S:1037570099:C:T,T,C,0.3,0.33180000000000004
chr1S,chr1S:1019021485:A:C,A,C,0.3,0.33180000000000004
chr1S,chr1S:1010619250:A:G,G,A,0.3,0.33180000000000004
chr1S,chr1S:999022392:C:T,T,C,0.3,0.33180000000000004
2,chr2:1184849898:C:T,C,T,0.3,0.33180000000000004
2,chr2:1173102105:C:T,T,C,0.3,0.33180000000000004
2,chr2:1124715928:A:G,A,G,0.3,0.33180000000000004
2,chr2:1121345302:C:T,C,T,0.3,0.33180000000000004
2,chr2:1306584523:C:T,C,T,0.3,0.33180000000000004
2,chr2:745904193:C:T,C,T,0.3,0.33180000000000004
chr1L,chr1L:343791953:A:G,G,A,0.3,0.33180000000000004
chr1L,chr1L:283602834:A:G,A,G,0.3,0.33180000000000004
6,chr6:1024746131:C:T,C,T,0.3,0.33180000000000004
6,chr6:926461911:G:T,T,G,0.3,0.33180000000000004
6,chr6:1047543123:A:T,A,T,0.3,0.33180000000000004
chr1S,chr1S:1183720613:C:T,T,C,0.3,0.33180000000000004
chr1S,chr1S:1090548650:A:G,A,G,0.3,0.33180000000000004
2,chr2:894996696:A:C,C,A,0.3,0.33180000000000004
2,chr2:1078299278:C:G,G,C,0.3,0.33180000000000004
chr1L,chr1L:491028205:G:T,T,G,0.3,0.33180000000000004
chr1L,chr1L:484700782:C:T,C,T,0.3,0.33180000000000004
2,chr2:154964705:C:T,T,C,0.3,0.33180000000000004
4,chr4:1255255359:C:T,C,T,0.3,0.33180000000000004
4,chr4:1452771254:A:G,A,G,0.3,0.33180000000000004
4,chr4:1440243629:C:T,T,C,0.3,0.33180000000000004
4,chr4:1427786466:C:T,T,C,0.3,0.33180000000000004
4,chr4:874604413:G:T,T,G,0.3,0.33180000000000004
4,chr4:860225322:C:T,T,C,0.3,0.33180000000000004
4,chr4:991687976:C:T,T,C,0.3,0.33180000000000004
4,chr4:1140224489:A:G,A,G,0.3,0.33180000000000004
4,chr4:1126179052:G:T,G,T,0.3,0.33180000000000004
4,chr4:1103577729:A:G,A,G,0.3,0.33180000000000004
sca282,sca282:1267319:G:T,T,G,0.3,0.33180000000000004
sca130,sca130:84108:G:T,T,G,0.3,0.33180000000000004
2,chr2:756599796:C:G,C,G,0.3,0.33180000000000004
2,chr2:27274403:C:T,T,C,0.3,0.33180000000000004
sca282,sca282:1267391:A:C,A,C,0.3,0.33180000000000004
2,chr2:248376552:C:T,T,C,0.3,0.33180000000000004
2,chr2:213338587:C:T,T,C,0.3,0.33180000000000004
2,chr2:197961682:G:T,T,G,0.3,0.33180000000000004
chr1S,chr1S:1473412384:C:T,C,T,0.3,0.33180000000000004
chr1S,chr1S:1366583932:C:T,C,T,0.3,0.33180000000000004
2,chr2:357295108:G:T,T,G,0.3,0.33180000000000004
2,chr2:468027045:G:T,T,G,0.3,0.33180000000000004
2,chr2:588484238:C:T,T,C,0.3,0.33180000000000004
2,chr2:586411779:C:T,T,C,0.3,0.33180000000000004
2,chr2:565230450:C:T,T,C,0.3,0.33180000000000004
2,chr2:565230438:C:T,T,C,0.3,0.33180000000000004
2,chr2:17234809:A:C,A,C,0.3,0.33180000000000004
