SNP,MAF,PIC,GeneDiversity,Heterozygosity
chr2:96087969:A:T_T,0.5,0.375,0.5,0.2857142857142857
chr2:113554163:A:G_G,0.5,0.375,0.5,0.19047619047619047
chr2:116998300:G:T_T,0.5,0.375,0.5,0.19047619047619047
chr2:166955370:G:T_T,0.5,0.375,0.5,0.2857142857142857
chr2:326228327:A:G_G,0.5,0.375,0.5,0.3333333333333333
chr2:389598939:A:T_A,0.5,0.375,0.5,0.2857142857142857
chr2:438131745:G:T_T,0.475,0.37437421875000004,0.49874999999999997,0.3333333333333333
chr2:514447390:C:T_C,0.47619047619047616,0.37443246383965534,0.4988662131519274,0.8571428571428571
chr2:582500604:A:G_A,0.475,0.37437421875000004,0.49874999999999997,0.7142857142857143
chr2:586411626:A:C_A,0.5,0.375,0.5,0.19047619047619047
chr2:641918445:C:T_T,0.47619047619047616,0.37443246383965534,0.4988662131519274,0.09523809523809523
chr2:646314536:A:T_A,0.47619047619047616,0.37443246383965534,0.4988662131519274,0.38095238095238093
chr2:704663332:C:T_T,0.5,0.375,0.5,0.2857142857142857
chr2:746975767:C:T_C,0.475,0.37437421875000004,0.49874999999999997,0.14285714285714285
chr2:749377018:A:G_A,0.5,0.375,0.5,0.19047619047619047
chr2:753593131:A:C_A,0.475,0.37437421875000004,0.49874999999999997,0.14285714285714285
chr2:757836466:A:C_A,0.47619047619047616,0.37443246383965534,0.4988662131519274,0.7619047619047619
chr2:788731038:A:G_A,0.5,0.375,0.5,0.19047619047619047
chr2:790312384:A:G_A,0.47619047619047616,0.37443246383965534,0.4988662131519274,0.19047619047619047
chr2:917225746:A:G_G,0.5,0.375,0.5,0.5714285714285714
chr2:927834304:C:T_C,0.47619047619047616,0.37443246383965534,0.4988662131519274,0.7619047619047619
chr2:1000291964:C:T_T,0.47619047619047616,0.37443246383965534,0.4988662131519274,0.8571428571428571
chr2:1009390765:C:T_T,0.47619047619047616,0.37443246383965534,0.4988662131519274,0.19047619047619047
chr2:1050715798:G:T_T,0.5,0.375,0.5,0.2857142857142857
chr2:1231126025:C:T_T,0.5,0.375,0.5,0.6666666666666666
chr2:1242037233:A:G_A,0.5,0.375,0.5,0.38095238095238093
chr2:1372326230:G:T_G,0.5,0.375,0.5,0.19047619047619047
chr2:1426119534:A:G_A,0.5,0.375,0.5,0.09523809523809523
chr2:1582440579:C:T_C,0.5,0.375,0.5,0.2857142857142857
chr2:1679602102:C:T_T,0.5,0.375,0.5,0.19047619047619047
chr2:1685349411:C:T_C,0.5,0.375,0.5,0.8095238095238095
chr3:25490081:C:T_C,0.5,0.375,0.5,0.7142857142857143
chr3:84140580:C:T_T,0.5,0.375,0.5,0.19047619047619047
chr3:106823902:A:G_A,0.5,0.375,0.5,0.09523809523809523
chr3:118430153:C:T_C,0.475,0.37437421875000004,0.49874999999999997,0.9047619047619048
chr3:118869325:A:G_A,0.475,0.37437421875000004,0.49874999999999997,0.9047619047619048
chr3:505519994:A:C_C,0.5,0.375,0.5,0.19047619047619047
chr3:572466023:A:G_G,0.5,0.375,0.5,0.19047619047619047
chr3:601621515:A:G_G,0.5,0.375,0.5,0.2857142857142857
chr3:640139594:C:T_T,0.5,0.375,0.5,0.3333333333333333
chr3:669770720:C:T_T,0.47619047619047616,0.37443246383965534,0.4988662131519274,0.9523809523809523
chr3:688233880:C:T_T,0.5,0.375,0.5,0.23809523809523808
chr3:709799367:A:C_C,0.5,0.375,0.5,0.8571428571428571
chr3:782698170:A:C_A,0.47619047619047616,0.37443246383965534,0.4988662131519274,0.38095238095238093
chr3:930781725:C:T_T,0.5,0.375,0.5,0.19047619047619047
chr3:954630350:G:T_T,0.47619047619047616,0.37443246383965534,0.4988662131519274,0.09523809523809523
chr3:1116829773:A:G_A,0.5,0.375,0.5,0.19047619047619047
chr3:1156911232:A:G_G,0.5,0.375,0.5,0.8571428571428571
chr3:1430897534:A:C_A,0.5,0.375,0.5,0.2857142857142857
chr4:35683435:C:T_C,0.5,0.375,0.5,0.2857142857142857
chr4:76012408:A:G_A,0.5,0.375,0.5,0.5714285714285714
chr4:282650191:C:T_T,0.47619047619047616,0.37443246383965534,0.4988662131519274,0.19047619047619047
chr4:369428679:C:T_T,0.5,0.375,0.5,0.2857142857142857
chr4:399495780:A:C_C,0.47619047619047616,0.37443246383965534,0.4988662131519274,0.19047619047619047
chr4:519073352:A:C_A,0.5,0.375,0.5,0.23809523809523808
chr4:562908069:C:G_C,0.5,0.375,0.5,0.19047619047619047
chr4:583715748:C:T_T,0.5,0.375,0.5,0.2857142857142857
chr4:671146674:A:G_A,0.5,0.375,0.5,0.19047619047619047
chr4:707310010:G:T_T,0.5,0.375,0.5,0.19047619047619047
chr4:726098565:C:T_T,0.47619047619047616,0.37443246383965534,0.4988662131519274,0.6666666666666666
chr4:766520376:A:G_A,0.5,0.375,0.5,0.7619047619047619
chr4:904655316:C:T_T,0.5,0.375,0.5,0.2857142857142857
chr4:1004820079:A:C_C,0.47619047619047616,0.37443246383965534,0.4988662131519274,0.2857142857142857
chr4:1069901431:A:G_G,0.5,0.375,0.5,0.7142857142857143
chr4:1225735889:C:T_T,0.475,0.37437421875000004,0.49874999999999997,0.7142857142857143
chr4:1248330187:A:G_G,0.475,0.37437421875000004,0.49874999999999997,0.42857142857142855
chr4:1255335465:C:T_T,0.475,0.37437421875000004,0.49874999999999997,0.7142857142857143
chr4:1260448718:C:T_C,0.5,0.375,0.5,0.8095238095238095
chr4:1505900672:C:T_T,0.475,0.37437421875000004,0.49874999999999997,0.14285714285714285
chr4:1531751376:A:G_A,0.5,0.375,0.5,0.8571428571428571
chr4:1578032719:A:G_A,0.5,0.375,0.5,0.8571428571428571
chr5:24337734:A:T_A,0.5,0.375,0.5,0.19047619047619047
chr5:28835381:A:C_C,0.475,0.37437421875000004,0.49874999999999997,0.23809523809523808
chr5:80804829:C:G_C,0.5,0.375,0.5,0.2857142857142857
chr5:105954585:C:T_T,0.475,0.37437421875000004,0.49874999999999997,0.9047619047619048
chr5:157205807:C:T_T,0.475,0.37437421875000004,0.49874999999999997,0.14285714285714285
chr5:163813368:C:T_T,0.5,0.375,0.5,0.2857142857142857
chr5:435491031:A:G_A,0.475,0.37437421875000004,0.49874999999999997,0.7142857142857143
chr5:452818136:C:G_G,0.475,0.37437421875000004,0.49874999999999997,0.9047619047619048
chr5:724417340:A:G_A,0.5,0.375,0.5,0.19047619047619047
chr5:742986796:A:G_A,0.475,0.37437421875000004,0.49874999999999997,0.047619047619047616
chr5:816047640:A:C_A,0.5,0.375,0.5,0.2857142857142857
chr5:934548665:A:G_G,0.475,0.37437421875000004,0.49874999999999997,0.7142857142857143
chr5:957478078:G:T_T,0.475,0.37437421875000004,0.49874999999999997,0.23809523809523808
chr5:1023223431:A:G_G,0.475,0.37437421875000004,0.49874999999999997,0.42857142857142855
chr5:1028106634:C:T_T,0.5,0.375,0.5,0.38095238095238093
chr5:1051170209:A:G_A,0.5,0.375,0.5,0.38095238095238093
chr5:1154728947:C:T_T,0.475,0.37437421875000004,0.49874999999999997,0.3333333333333333
chr5:1185415343:A:G_G,0.5,0.375,0.5,0.8571428571428571
chr5:1290568347:A:G_A,0.5,0.375,0.5,0.2857142857142857
chr6:49501398:C:T_C,0.5,0.375,0.5,0.7619047619047619
chr6:51749213:A:G_A,0.5,0.375,0.5,0.38095238095238093
chr6:79784464:A:C_A,0.5,0.375,0.5,0.7619047619047619
chr6:456201107:C:T_C,0.47619047619047616,0.37443246383965534,0.4988662131519274,0.5714285714285714
chr6:658516587:C:T_T,0.5,0.375,0.5,0.8095238095238095
chr6:713748933:C:T_T,0.5,0.375,0.5,0.5714285714285714
chr6:740398209:A:G_A,0.5,0.375,0.5,0.8571428571428571
chr6:899293109:C:T_T,0.5,0.375,0.5,0.38095238095238093
chr6:970470954:G:T_T,0.475,0.37437421875000004,0.49874999999999997,0.23809523809523808
chr6:1074315995:A:G_G,0.5,0.375,0.5,0.8571428571428571
chr6:1337842821:A:G_G,0.47619047619047616,0.37443246383965534,0.4988662131519274,0.6666666666666666
chr1L:2959066:A:C_A,0.47619047619047616,0.37443246383965534,0.4988662131519274,0.9523809523809523
chr1L:9139829:C:T_T,0.5,0.375,0.5,0.19047619047619047
chr1L:54193658:C:T_C,0.475,0.37437421875000004,0.49874999999999997,0.5238095238095238
chr1L:69241599:C:T_T,0.5,0.375,0.5,0.5714285714285714
chr1L:269222753:A:G_G,0.5,0.375,0.5,0.09523809523809523
chr1L:431271693:C:T_C,0.5,0.375,0.5,0.09523809523809523
chr1L:512215143:C:G_C,0.47619047619047616,0.37443246383965534,0.4988662131519274,0.38095238095238093
chr1L:576680331:C:T_T,0.5,0.375,0.5,0.7619047619047619
chr1L:590658208:A:G_G,0.475,0.37437421875000004,0.49874999999999997,0.14285714285714285
chr1L:636824825:G:T_T,0.5,0.375,0.5,0.19047619047619047
chr1L:680162444:A:G_A,0.5,0.375,0.5,0.8571428571428571
chr1L:687737649:A:G_G,0.5,0.375,0.5,0.8095238095238095
chr1L:704383938:A:G_G,0.5,0.375,0.5,0.19047619047619047
chr1L:729425161:A:T_A,0.475,0.37437421875000004,0.49874999999999997,0.23809523809523808
chr1L:872162675:G:T_T,0.475,0.37437421875000004,0.49874999999999997,0.3333333333333333
chr1L:938458904:C:T_C,0.5,0.375,0.5,0.8095238095238095
chr1L:984014418:A:G_A,0.475,0.37437421875000004,0.49874999999999997,0.8095238095238095
chr1L:1003589949:G:T_T,0.475,0.37437421875000004,0.49874999999999997,0.23809523809523808
chr1L:1008779296:C:T_C,0.475,0.37437421875000004,0.49874999999999997,0.9047619047619048
chr1L:1063778330:C:T_C,0.5,0.375,0.5,0.38095238095238093
chr1L:1068260783:A:G_A,0.5,0.375,0.5,0.19047619047619047
chr1L:1093851681:A:C_A,0.5,0.375,0.5,0.5714285714285714
chr1L:1093876408:C:T_T,0.5,0.375,0.5,0.19047619047619047
chr1L:1095410610:C:T_T,0.475,0.37437421875000004,0.49874999999999997,0.3333333333333333
chr1L:1100399669:G:T_T,0.475,0.37437421875000004,0.49874999999999997,0.7142857142857143
chr1L:1113158036:A:G_G,0.475,0.37437421875000004,0.49874999999999997,0.14285714285714285
chr1L:1121767612:A:G_A,0.475,0.37437421875000004,0.49874999999999997,0.5238095238095238
chr1L:1130961067:A:G_A,0.475,0.37437421875000004,0.49874999999999997,0.23809523809523808
chr1L:1305387731:C:T_C,0.475,0.37437421875000004,0.49874999999999997,0.9047619047619048
chr1L:1305473632:C:G_G,0.47619047619047616,0.37443246383965534,0.4988662131519274,0.9523809523809523
chr1L:1354760066:A:G_A,0.47619047619047616,0.37443246383965534,0.4988662131519274,0.6666666666666666
chr1L:1384049647:A:C_A,0.5,0.375,0.5,0.7619047619047619
chr1L:1410694018:A:T_A,0.47619047619047616,0.37443246383965534,0.4988662131519274,0.47619047619047616
chr1L:1848693651:A:T_T,0.5,0.375,0.5,0.8095238095238095
chr1S:21695768:C:T_C,0.5,0.375,0.5,0.7619047619047619
chr1S:90738856:A:G_A,0.5,0.375,0.5,0.47619047619047616
chr1S:374134089:G:T_G,0.47619047619047616,0.37443246383965534,0.4988662131519274,0.6666666666666666
chr1S:428021948:A:G_A,0.5,0.375,0.5,0.19047619047619047
chr1S:582890125:A:G_A,0.47619047619047616,0.37443246383965534,0.4988662131519274,0.9523809523809523
chr1S:763067876:C:T_C,0.47619047619047616,0.37443246383965534,0.4988662131519274,0.7619047619047619
chr1S:986010042:A:G_G,0.5,0.375,0.5,0.38095238095238093
chr1S:1005171044:G:T_T,0.5,0.375,0.5,0.19047619047619047
chr1S:1302756340:A:G_A,0.47619047619047616,0.37443246383965534,0.4988662131519274,0.19047619047619047
chr1S:1341039316:A:G_A,0.5,0.375,0.5,0.47619047619047616
chr1S:1409286190:C:T_T,0.5,0.375,0.5,0.5238095238095238
chr1S:1469594218:A:G_G,0.47619047619047616,0.37443246383965534,0.4988662131519274,0.9523809523809523
chr1S:1473412435:G:T_G,0.5,0.375,0.5,0.7142857142857143
sca197:83164:A:G_G,0.475,0.37437421875000004,0.49874999999999997,0.23809523809523808
sca400:297455:A:G_G,0.47619047619047616,0.37443246383965534,0.4988662131519274,0.9523809523809523
