SNP,New_SNP_ID,CHR,A1,A2,MAF,PIC,Genetic_diversity,Heterozygosity
chr2:96087969:T:A,SNP001,2,T,A,0.5,0.375,0.5,0.3
chr2:113554163:G:A,SNP002,2,G,A,0.5,0.375,0.5,0.2
chr2:116998300:T:G,SNP003,2,T,G,0.5,0.375,0.5,0.2
chr2:166955370:T:G,SNP004,2,T,G,0.5,0.375,0.5,0.3
chr2:326228327:G:A,SNP005,2,G,A,0.5,0.375,0.5,0.3333
chr2:389598939:A:T,SNP006,2,A,T,0.5,0.375,0.5,0.3
chr2:438131745:T:G,SNP007,2,T,G,0.475,0.3744,0.4988,0.35
chr2:514447390:C:T,SNP008,2,C,T,0.4762,0.3744,0.4989,0.8571
chr2:582500604:A:G,SNP009,2,A,G,0.475,0.3744,0.4988,0.75
chr2:586411626:A:C,SNP010,2,A,C,0.5,0.375,0.5,0.2
chr2:641918445:T:C,SNP011,2,T,C,0.4762,0.3744,0.4989,0.0952
chr2:646314536:A:T,SNP012,2,A,T,0.4762,0.3744,0.4989,0.381
chr2:704663332:T:C,SNP013,2,T,C,0.5,0.375,0.5,0.3
chr2:746975767:C:T,SNP014,2,C,T,0.475,0.3744,0.4988,0.15
chr2:749377018:A:G,SNP015,2,A,G,0.5,0.375,0.5,0.2
chr2:753593131:A:C,SNP016,2,A,C,0.475,0.3744,0.4988,0.15
chr2:757836466:A:C,SNP017,2,A,C,0.4762,0.3744,0.4989,0.7619
chr2:788731038:A:G,SNP018,2,A,G,0.5,0.375,0.5,0.2
chr2:790312384:A:G,SNP019,2,A,G,0.4762,0.3744,0.4989,0.1905
chr2:917225746:G:A,SNP020,2,G,A,0.5,0.375,0.5,0.6
chr2:927834304:C:T,SNP021,2,C,T,0.4762,0.3744,0.4989,0.7619
chr2:1000291964:T:C,SNP022,2,T,C,0.4762,0.3744,0.4989,0.8571
chr2:1009390765:T:C,SNP023,2,T,C,0.4762,0.3744,0.4989,0.1905
chr2:1050715798:T:G,SNP024,2,T,G,0.5,0.375,0.5,0.3
chr2:1231126025:T:C,SNP025,2,T,C,0.5,0.375,0.5,0.7
chr2:1242037233:A:G,SNP026,2,A,G,0.5,0.375,0.5,0.4
chr2:1372326230:G:T,SNP027,2,G,T,0.5,0.375,0.5,0.2
chr2:1426119534:A:G,SNP028,2,A,G,0.5,0.375,0.5,0.1
chr2:1582440579:C:T,SNP029,2,C,T,0.5,0.375,0.5,0.3
chr2:1679602102:T:C,SNP030,2,T,C,0.5,0.375,0.5,0.2
chr2:1685349411:C:T,SNP031,2,C,T,0.5,0.375,0.5,0.8095
chr3:25490081:C:T,SNP032,3,C,T,0.5,0.375,0.5,0.7143
chr3:84140580:T:C,SNP033,3,T,C,0.5,0.375,0.5,0.2
chr3:106823902:A:G,SNP034,3,A,G,0.5,0.375,0.5,0.1
chr3:118430153:C:T,SNP035,3,C,T,0.475,0.3744,0.4988,0.95
chr3:118869325:A:G,SNP036,3,A,G,0.475,0.3744,0.4988,0.95
chr3:505519994:C:A,SNP037,3,C,A,0.5,0.375,0.5,0.2
chr3:572466023:G:A,SNP038,3,G,A,0.5,0.375,0.5,0.2
chr3:601621515:G:A,SNP039,3,G,A,0.5,0.375,0.5,0.3
chr3:640139594:T:C,SNP040,3,T,C,0.5,0.375,0.5,0.3333
chr3:669770720:T:C,SNP041,3,T,C,0.4762,0.3744,0.4989,0.9524
chr3:688233880:T:C,SNP042,3,T,C,0.5,0.375,0.5,0.2381
chr3:709799367:C:A,SNP043,3,C,A,0.5,0.375,0.5,0.9
chr3:782698170:A:C,SNP044,3,A,C,0.4762,0.3744,0.4989,0.381
chr3:930781725:T:C,SNP045,3,T,C,0.5,0.375,0.5,0.2
chr3:954630350:T:G,SNP046,3,T,G,0.4762,0.3744,0.4989,0.0952
chr3:1116829773:A:G,SNP047,3,A,G,0.5,0.375,0.5,0.2
chr3:1156911232:G:A,SNP048,3,G,A,0.5,0.375,0.5,0.9
chr3:1430897534:A:C,SNP049,3,A,C,0.5,0.375,0.5,0.3
chr4:35683435:C:T,SNP050,4,C,T,0.5,0.375,0.5,0.3
chr4:76012408:A:G,SNP051,4,A,G,0.5,0.375,0.5,0.6
chr4:282650191:T:C,SNP052,4,T,C,0.4762,0.3744,0.4989,0.1905
chr4:369428679:T:C,SNP053,4,T,C,0.5,0.375,0.5,0.3
chr4:399495780:C:A,SNP054,4,C,A,0.4762,0.3744,0.4989,0.1905
chr4:519073352:A:C,SNP055,4,A,C,0.5,0.375,0.5,0.2381
chr4:562908069:C:G,SNP056,4,C,G,0.5,0.375,0.5,0.2
chr4:583715748:T:C,SNP057,4,T,C,0.5,0.375,0.5,0.3
chr4:671146674:A:G,SNP058,4,A,G,0.5,0.375,0.5,0.2
chr4:707310010:T:G,SNP059,4,T,G,0.5,0.375,0.5,0.2
chr4:726098565:T:C,SNP060,4,T,C,0.4762,0.3744,0.4989,0.6667
chr4:766520376:A:G,SNP061,4,A,G,0.5,0.375,0.5,0.8
chr4:904655316:T:C,SNP062,4,T,C,0.5,0.375,0.5,0.3
chr4:1004820079:C:A,SNP063,4,C,A,0.4762,0.3744,0.4989,0.2857
chr4:1069901431:G:A,SNP064,4,G,A,0.5,0.375,0.5,0.7143
chr4:1225735889:T:C,SNP065,4,T,C,0.475,0.3744,0.4988,0.75
chr4:1248330187:G:A,SNP066,4,G,A,0.475,0.3744,0.4988,0.45
chr4:1255335465:T:C,SNP067,4,T,C,0.475,0.3744,0.4988,0.75
chr4:1260448718:C:T,SNP068,4,C,T,0.5,0.375,0.5,0.8095
chr4:1505900672:T:C,SNP069,4,T,C,0.475,0.3744,0.4988,0.15
chr4:1531751376:A:G,SNP070,4,A,G,0.5,0.375,0.5,0.9
chr4:1578032719:A:G,SNP071,4,A,G,0.5,0.375,0.5,0.9
chr5:24337734:A:T,SNP072,5,A,T,0.5,0.375,0.5,0.2
chr5:28835381:C:A,SNP073,5,C,A,0.475,0.3744,0.4988,0.25
chr5:80804829:C:G,SNP074,5,C,G,0.5,0.375,0.5,0.3
chr5:105954585:T:C,SNP075,5,T,C,0.475,0.3744,0.4988,0.95
chr5:157205807:T:C,SNP076,5,T,C,0.475,0.3744,0.4988,0.15
chr5:163813368:T:C,SNP077,5,T,C,0.5,0.375,0.5,0.3
chr5:435491031:A:G,SNP078,5,A,G,0.475,0.3744,0.4988,0.75
chr5:452818136:G:C,SNP079,5,G,C,0.475,0.3744,0.4988,0.95
chr5:724417340:A:G,SNP080,5,A,G,0.5,0.375,0.5,0.2
chr5:742986796:A:G,SNP081,5,A,G,0.475,0.3744,0.4988,0.05
chr5:816047640:A:C,SNP082,5,A,C,0.5,0.375,0.5,0.3
chr5:934548665:G:A,SNP083,5,G,A,0.475,0.3744,0.4988,0.75
chr5:957478078:T:G,SNP084,5,T,G,0.475,0.3744,0.4988,0.25
chr5:1023223431:G:A,SNP085,5,G,A,0.475,0.3744,0.4988,0.45
chr5:1028106634:T:C,SNP086,5,T,C,0.5,0.375,0.5,0.4
chr5:1051170209:A:G,SNP087,5,A,G,0.5,0.375,0.5,0.4
chr5:1154728947:T:C,SNP088,5,T,C,0.475,0.3744,0.4988,0.35
chr5:1185415343:G:A,SNP089,5,G,A,0.5,0.375,0.5,0.9
chr5:1290568347:A:G,SNP090,5,A,G,0.5,0.375,0.5,0.3
chr6:49501398:C:T,SNP091,6,C,T,0.5,0.375,0.5,0.8
chr6:51749213:A:G,SNP092,6,A,G,0.5,0.375,0.5,0.4
chr6:79784464:A:C,SNP093,6,A,C,0.5,0.375,0.5,0.8
chr6:456201107:C:T,SNP094,6,C,T,0.4762,0.3744,0.4989,0.5714
chr6:658516587:T:C,SNP095,6,T,C,0.5,0.375,0.5,0.8095
chr6:713748933:T:C,SNP096,6,T,C,0.5,0.375,0.5,0.6
chr6:740398209:A:G,SNP097,6,A,G,0.5,0.375,0.5,0.9
chr6:899293109:T:C,SNP098,6,T,C,0.5,0.375,0.5,0.4
chr6:970470954:T:G,SNP099,6,T,G,0.475,0.3744,0.4988,0.25
chr6:1074315995:G:A,SNP100,6,G,A,0.5,0.375,0.5,0.9
chr6:1337842821:G:A,SNP101,6,G,A,0.4762,0.3744,0.4989,0.6667
chrchr1L:2959066:A:C,SNP102,chr1L,A,C,0.4762,0.3744,0.4989,0.9524
chrchr1L:9139829:T:C,SNP103,chr1L,T,C,0.5,0.375,0.5,0.2
chrchr1L:54193658:C:T,SNP104,chr1L,C,T,0.475,0.3744,0.4988,0.55
chrchr1L:69241599:T:C,SNP105,chr1L,T,C,0.5,0.375,0.5,0.6
chrchr1L:269222753:G:A,SNP106,chr1L,G,A,0.5,0.375,0.5,0.1
chrchr1L:431271693:C:T,SNP107,chr1L,C,T,0.5,0.375,0.5,0.1
chrchr1L:512215143:C:G,SNP108,chr1L,C,G,0.4762,0.3744,0.4989,0.381
chrchr1L:576680331:T:C,SNP109,chr1L,T,C,0.5,0.375,0.5,0.8
chrchr1L:590658208:G:A,SNP110,chr1L,G,A,0.475,0.3744,0.4988,0.15
chrchr1L:636824825:T:G,SNP111,chr1L,T,G,0.5,0.375,0.5,0.2
chrchr1L:680162444:A:G,SNP112,chr1L,A,G,0.5,0.375,0.5,0.9
chrchr1L:687737649:G:A,SNP113,chr1L,G,A,0.5,0.375,0.5,0.8095
chrchr1L:704383938:G:A,SNP114,chr1L,G,A,0.5,0.375,0.5,0.2
chrchr1L:729425161:A:T,SNP115,chr1L,A,T,0.475,0.3744,0.4988,0.25
chrchr1L:872162675:T:G,SNP116,chr1L,T,G,0.475,0.3744,0.4988,0.35
chrchr1L:938458904:C:T,SNP117,chr1L,C,T,0.5,0.375,0.5,0.8095
chrchr1L:984014418:A:G,SNP118,chr1L,A,G,0.475,0.3744,0.4988,0.85
chrchr1L:1003589949:T:G,SNP119,chr1L,T,G,0.475,0.3744,0.4988,0.25
chrchr1L:1008779296:C:T,SNP120,chr1L,C,T,0.475,0.3744,0.4988,0.95
chrchr1L:1063778330:C:T,SNP121,chr1L,C,T,0.5,0.375,0.5,0.4
chrchr1L:1068260783:A:G,SNP122,chr1L,A,G,0.5,0.375,0.5,0.2
chrchr1L:1093851681:A:C,SNP123,chr1L,A,C,0.5,0.375,0.5,0.6
chrchr1L:1093876408:T:C,SNP124,chr1L,T,C,0.5,0.375,0.5,0.2
chrchr1L:1095410610:T:C,SNP125,chr1L,T,C,0.475,0.3744,0.4988,0.35
chrchr1L:1100399669:T:G,SNP126,chr1L,T,G,0.475,0.3744,0.4988,0.75
chrchr1L:1113158036:G:A,SNP127,chr1L,G,A,0.475,0.3744,0.4988,0.15
chrchr1L:1121767612:A:G,SNP128,chr1L,A,G,0.475,0.3744,0.4988,0.55
chrchr1L:1130961067:A:G,SNP129,chr1L,A,G,0.475,0.3744,0.4988,0.25
chrchr1L:1305387731:C:T,SNP130,chr1L,C,T,0.475,0.3744,0.4988,0.95
chrchr1L:1305473632:G:C,SNP131,chr1L,G,C,0.4762,0.3744,0.4989,0.9524
chrchr1L:1354760066:A:G,SNP132,chr1L,A,G,0.4762,0.3744,0.4989,0.6667
chrchr1L:1384049647:A:C,SNP133,chr1L,A,C,0.5,0.375,0.5,0.8
chrchr1L:1410694018:A:T,SNP134,chr1L,A,T,0.4762,0.3744,0.4989,0.4762
chrchr1L:1848693651:T:A,SNP135,chr1L,T,A,0.5,0.375,0.5,0.8095
chrchr1S:21695768:C:T,SNP136,chr1S,C,T,0.5,0.375,0.5,0.8
chrchr1S:90738856:A:G,SNP137,chr1S,A,G,0.5,0.375,0.5,0.5
chrchr1S:374134089:G:T,SNP138,chr1S,G,T,0.4762,0.3744,0.4989,0.6667
chrchr1S:428021948:A:G,SNP139,chr1S,A,G,0.5,0.375,0.5,0.2
chrchr1S:582890125:A:G,SNP140,chr1S,A,G,0.4762,0.3744,0.4989,0.9524
chrchr1S:763067876:C:T,SNP141,chr1S,C,T,0.4762,0.3744,0.4989,0.7619
chrchr1S:986010042:G:A,SNP142,chr1S,G,A,0.5,0.375,0.5,0.4
chrchr1S:1005171044:T:G,SNP143,chr1S,T,G,0.5,0.375,0.5,0.2
chrchr1S:1302756340:A:G,SNP144,chr1S,A,G,0.4762,0.3744,0.4989,0.1905
chrchr1S:1341039316:A:G,SNP145,chr1S,A,G,0.5,0.375,0.5,0.5
chrchr1S:1409286190:T:C,SNP146,chr1S,T,C,0.5,0.375,0.5,0.5238
chrchr1S:1469594218:G:A,SNP147,chr1S,G,A,0.4762,0.3744,0.4989,0.9524
chrchr1S:1473412435:G:T,SNP148,chr1S,G,T,0.5,0.375,0.5,0.7143
chrsca197:83164:G:A,SNP149,sca197,G,A,0.475,0.3744,0.4988,0.25
chrsca400:297455:G:A,SNP150,sca400,G,A,0.4762,0.3744,0.4989,0.9524
