chromosome,window_start,window_end,snp_count,window_mid,window_id
chr1L,0,5000000,13,2500000.0,chr1L_0
chr1L,5000000,10000000,12,7500000.0,chr1L_1
chr1L,10000000,15000000,7,12500000.0,chr1L_2
chr1L,15000000,20000000,1,17500000.0,chr1L_3
chr1L,20000000,25000000,3,22500000.0,chr1L_4
chr1L,25000000,30000000,1,27500000.0,chr1L_5
chr1L,30000000,35000000,9,32500000.0,chr1L_6
chr1L,35000000,40000000,1,37500000.0,chr1L_7
chr1L,40000000,45000000,5,42500000.0,chr1L_8
chr1L,45000000,50000000,7,47500000.0,chr1L_9
chr1L,50000000,55000000,15,52500000.0,chr1L_10
chr1L,55000000,60000000,3,57500000.0,chr1L_11
chr1L,60000000,65000000,10,62500000.0,chr1L_12
chr1L,65000000,70000000,5,67500000.0,chr1L_13
chr1L,70000000,75000000,4,72500000.0,chr1L_14
chr1L,75000000,80000000,0,77500000.0,chr1L_15
chr1L,80000000,85000000,6,82500000.0,chr1L_16
chr1L,85000000,90000000,2,87500000.0,chr1L_17
chr1L,90000000,95000000,3,92500000.0,chr1L_18
chr1L,95000000,100000000,5,97500000.0,chr1L_19
chr1L,100000000,105000000,8,102500000.0,chr1L_20
chr1L,105000000,110000000,0,107500000.0,chr1L_21
chr1L,110000000,115000000,0,112500000.0,chr1L_22
chr1L,115000000,120000000,0,117500000.0,chr1L_23
chr1L,120000000,125000000,2,122500000.0,chr1L_24
chr1L,125000000,130000000,6,127500000.0,chr1L_25
chr1L,130000000,135000000,9,132500000.0,chr1L_26
chr1L,135000000,140000000,6,137500000.0,chr1L_27
chr1L,140000000,145000000,8,142500000.0,chr1L_28
chr1L,145000000,150000000,2,147500000.0,chr1L_29
chr1L,150000000,155000000,4,152500000.0,chr1L_30
chr1L,155000000,160000000,11,157500000.0,chr1L_31
chr1L,160000000,165000000,4,162500000.0,chr1L_32
chr1L,165000000,170000000,2,167500000.0,chr1L_33
chr1L,170000000,175000000,11,172500000.0,chr1L_34
chr1L,175000000,180000000,20,177500000.0,chr1L_35
chr1L,180000000,185000000,5,182500000.0,chr1L_36
chr1L,185000000,190000000,4,187500000.0,chr1L_37
chr1L,190000000,195000000,6,192500000.0,chr1L_38
chr1L,195000000,200000000,12,197500000.0,chr1L_39
chr1L,200000000,205000000,10,202500000.0,chr1L_40
chr1L,205000000,210000000,1,207500000.0,chr1L_41
chr1L,210000000,215000000,11,212500000.0,chr1L_42
chr1L,215000000,220000000,1,217500000.0,chr1L_43
chr1L,220000000,225000000,16,222500000.0,chr1L_44
chr1L,225000000,230000000,7,227500000.0,chr1L_45
chr1L,230000000,235000000,10,232500000.0,chr1L_46
chr1L,235000000,240000000,6,237500000.0,chr1L_47
chr1L,240000000,245000000,1,242500000.0,chr1L_48
chr1L,245000000,250000000,19,247500000.0,chr1L_49
chr1L,250000000,255000000,5,252500000.0,chr1L_50
chr1L,255000000,260000000,4,257500000.0,chr1L_51
chr1L,260000000,265000000,8,262500000.0,chr1L_52
chr1L,265000000,270000000,6,267500000.0,chr1L_53
chr1L,270000000,275000000,9,272500000.0,chr1L_54
chr1L,275000000,280000000,10,277500000.0,chr1L_55
chr1L,280000000,285000000,18,282500000.0,chr1L_56
chr1L,285000000,290000000,3,287500000.0,chr1L_57
chr1L,290000000,295000000,10,292500000.0,chr1L_58
chr1L,295000000,300000000,7,297500000.0,chr1L_59
chr1L,300000000,305000000,13,302500000.0,chr1L_60
chr1L,305000000,310000000,3,307500000.0,chr1L_61
chr1L,310000000,315000000,4,312500000.0,chr1L_62
chr1L,315000000,320000000,4,317500000.0,chr1L_63
chr1L,320000000,325000000,14,322500000.0,chr1L_64
chr1L,325000000,330000000,10,327500000.0,chr1L_65
chr1L,330000000,335000000,4,332500000.0,chr1L_66
chr1L,335000000,340000000,7,337500000.0,chr1L_67
chr1L,340000000,345000000,11,342500000.0,chr1L_68
chr1L,345000000,350000000,1,347500000.0,chr1L_69
chr1L,350000000,355000000,4,352500000.0,chr1L_70
chr1L,355000000,360000000,7,357500000.0,chr1L_71
chr1L,360000000,365000000,11,362500000.0,chr1L_72
chr1L,365000000,370000000,0,367500000.0,chr1L_73
chr1L,370000000,375000000,6,372500000.0,chr1L_74
chr1L,375000000,380000000,6,377500000.0,chr1L_75
chr1L,380000000,385000000,2,382500000.0,chr1L_76
chr1L,385000000,390000000,5,387500000.0,chr1L_77
chr1L,390000000,395000000,1,392500000.0,chr1L_78
chr1L,395000000,400000000,3,397500000.0,chr1L_79
chr1L,400000000,405000000,8,402500000.0,chr1L_80
chr1L,405000000,410000000,24,407500000.0,chr1L_81
chr1L,410000000,415000000,2,412500000.0,chr1L_82
chr1L,415000000,420000000,12,417500000.0,chr1L_83
chr1L,420000000,425000000,7,422500000.0,chr1L_84
chr1L,425000000,430000000,9,427500000.0,chr1L_85
chr1L,430000000,435000000,3,432500000.0,chr1L_86
chr1L,435000000,440000000,8,437500000.0,chr1L_87
chr1L,440000000,445000000,14,442500000.0,chr1L_88
chr1L,445000000,450000000,2,447500000.0,chr1L_89
chr1L,450000000,455000000,11,452500000.0,chr1L_90
chr1L,455000000,460000000,17,457500000.0,chr1L_91
chr1L,460000000,465000000,0,462500000.0,chr1L_92
chr1L,465000000,470000000,8,467500000.0,chr1L_93
chr1L,470000000,475000000,6,472500000.0,chr1L_94
chr1L,475000000,480000000,16,477500000.0,chr1L_95
chr1L,480000000,485000000,21,482500000.0,chr1L_96
chr1L,485000000,490000000,2,487500000.0,chr1L_97
chr1L,490000000,495000000,16,492500000.0,chr1L_98
chr1L,495000000,500000000,9,497500000.0,chr1L_99
chr1L,500000000,505000000,1,502500000.0,chr1L_100
chr1L,505000000,510000000,15,507500000.0,chr1L_101
chr1L,510000000,515000000,4,512500000.0,chr1L_102
chr1L,515000000,520000000,4,517500000.0,chr1L_103
chr1L,520000000,525000000,2,522500000.0,chr1L_104
chr1L,525000000,530000000,5,527500000.0,chr1L_105
chr1L,530000000,535000000,3,532500000.0,chr1L_106
chr1L,535000000,540000000,4,537500000.0,chr1L_107
chr1L,540000000,545000000,6,542500000.0,chr1L_108
chr1L,545000000,550000000,15,547500000.0,chr1L_109
chr1L,550000000,555000000,22,552500000.0,chr1L_110
chr1L,555000000,560000000,6,557500000.0,chr1L_111
chr1L,560000000,565000000,17,562500000.0,chr1L_112
chr1L,565000000,570000000,17,567500000.0,chr1L_113
chr1L,570000000,575000000,19,572500000.0,chr1L_114
chr1L,575000000,580000000,6,577500000.0,chr1L_115
chr1L,580000000,585000000,2,582500000.0,chr1L_116
chr1L,585000000,590000000,5,587500000.0,chr1L_117
chr1L,590000000,595000000,20,592500000.0,chr1L_118
chr1L,595000000,600000000,14,597500000.0,chr1L_119
chr1L,600000000,605000000,2,602500000.0,chr1L_120
chr1L,605000000,610000000,5,607500000.0,chr1L_121
chr1L,610000000,615000000,7,612500000.0,chr1L_122
chr1L,615000000,620000000,12,617500000.0,chr1L_123
chr1L,620000000,625000000,14,622500000.0,chr1L_124
chr1L,625000000,630000000,11,627500000.0,chr1L_125
chr1L,630000000,635000000,12,632500000.0,chr1L_126
chr1L,635000000,640000000,10,637500000.0,chr1L_127
chr1L,640000000,645000000,12,642500000.0,chr1L_128
chr1L,645000000,650000000,13,647500000.0,chr1L_129
chr1L,650000000,655000000,2,652500000.0,chr1L_130
chr1L,655000000,660000000,7,657500000.0,chr1L_131
chr1L,660000000,665000000,5,662500000.0,chr1L_132
chr1L,665000000,670000000,18,667500000.0,chr1L_133
chr1L,670000000,675000000,9,672500000.0,chr1L_134
chr1L,675000000,680000000,6,677500000.0,chr1L_135
chr1L,680000000,685000000,5,682500000.0,chr1L_136
chr1L,685000000,690000000,15,687500000.0,chr1L_137
chr1L,690000000,695000000,21,692500000.0,chr1L_138
chr1L,695000000,700000000,9,697500000.0,chr1L_139
chr1L,700000000,705000000,16,702500000.0,chr1L_140
chr1L,705000000,710000000,1,707500000.0,chr1L_141
chr1L,710000000,715000000,9,712500000.0,chr1L_142
chr1L,715000000,720000000,14,717500000.0,chr1L_143
chr1L,720000000,725000000,8,722500000.0,chr1L_144
chr1L,725000000,730000000,5,727500000.0,chr1L_145
chr1L,730000000,735000000,4,732500000.0,chr1L_146
chr1L,735000000,740000000,1,737500000.0,chr1L_147
chr1L,740000000,745000000,7,742500000.0,chr1L_148
chr1L,745000000,750000000,10,747500000.0,chr1L_149
chr1L,750000000,755000000,3,752500000.0,chr1L_150
chr1L,755000000,760000000,5,757500000.0,chr1L_151
chr1L,760000000,765000000,7,762500000.0,chr1L_152
chr1L,765000000,770000000,4,767500000.0,chr1L_153
chr1L,770000000,775000000,2,772500000.0,chr1L_154
chr1L,775000000,780000000,13,777500000.0,chr1L_155
chr1L,780000000,785000000,1,782500000.0,chr1L_156
chr1L,785000000,790000000,10,787500000.0,chr1L_157
chr1L,790000000,795000000,10,792500000.0,chr1L_158
chr1L,795000000,800000000,2,797500000.0,chr1L_159
chr1L,800000000,805000000,0,802500000.0,chr1L_160
chr1L,805000000,810000000,5,807500000.0,chr1L_161
chr1L,810000000,815000000,7,812500000.0,chr1L_162
chr1L,815000000,820000000,2,817500000.0,chr1L_163
chr1L,820000000,825000000,10,822500000.0,chr1L_164
chr1L,825000000,830000000,0,827500000.0,chr1L_165
chr1L,830000000,835000000,2,832500000.0,chr1L_166
chr1L,835000000,840000000,15,837500000.0,chr1L_167
chr1L,840000000,845000000,14,842500000.0,chr1L_168
chr1L,845000000,850000000,5,847500000.0,chr1L_169
chr1L,850000000,855000000,7,852500000.0,chr1L_170
chr1L,855000000,860000000,30,857500000.0,chr1L_171
chr1L,860000000,865000000,7,862500000.0,chr1L_172
chr1L,865000000,870000000,15,867500000.0,chr1L_173
chr1L,870000000,875000000,6,872500000.0,chr1L_174
chr1L,875000000,880000000,13,877500000.0,chr1L_175
chr1L,880000000,885000000,13,882500000.0,chr1L_176
chr1L,885000000,890000000,10,887500000.0,chr1L_177
chr1L,890000000,895000000,7,892500000.0,chr1L_178
chr1L,895000000,900000000,1,897500000.0,chr1L_179
chr1L,900000000,905000000,14,902500000.0,chr1L_180
chr1L,905000000,910000000,8,907500000.0,chr1L_181
chr1L,910000000,915000000,12,912500000.0,chr1L_182
chr1L,915000000,920000000,2,917500000.0,chr1L_183
chr1L,920000000,925000000,12,922500000.0,chr1L_184
chr1L,925000000,930000000,19,927500000.0,chr1L_185
chr1L,930000000,935000000,3,932500000.0,chr1L_186
chr1L,935000000,940000000,13,937500000.0,chr1L_187
chr1L,940000000,945000000,9,942500000.0,chr1L_188
chr1L,945000000,950000000,5,947500000.0,chr1L_189
chr1L,950000000,955000000,1,952500000.0,chr1L_190
chr1L,955000000,960000000,1,957500000.0,chr1L_191
chr1L,960000000,965000000,3,962500000.0,chr1L_192
chr1L,965000000,970000000,2,967500000.0,chr1L_193
chr1L,970000000,975000000,14,972500000.0,chr1L_194
chr1L,975000000,980000000,13,977500000.0,chr1L_195
chr1L,980000000,985000000,15,982500000.0,chr1L_196
chr1L,985000000,990000000,1,987500000.0,chr1L_197
chr1L,990000000,995000000,26,992500000.0,chr1L_198
chr1L,995000000,1000000000,6,997500000.0,chr1L_199
chr1L,1000000000,1005000000,8,1002500000.0,chr1L_200
chr1L,1005000000,1010000000,11,1007500000.0,chr1L_201
chr1L,1010000000,1015000000,4,1012500000.0,chr1L_202
chr1L,1015000000,1020000000,7,1017500000.0,chr1L_203
chr1L,1020000000,1025000000,1,1022500000.0,chr1L_204
chr1L,1025000000,1030000000,7,1027500000.0,chr1L_205
chr1L,1030000000,1035000000,5,1032500000.0,chr1L_206
chr1L,1035000000,1040000000,0,1037500000.0,chr1L_207
chr1L,1040000000,1045000000,5,1042500000.0,chr1L_208
chr1L,1045000000,1050000000,11,1047500000.0,chr1L_209
chr1L,1050000000,1055000000,3,1052500000.0,chr1L_210
chr1L,1055000000,1060000000,15,1057500000.0,chr1L_211
chr1L,1060000000,1065000000,19,1062500000.0,chr1L_212
chr1L,1065000000,1070000000,7,1067500000.0,chr1L_213
chr1L,1070000000,1075000000,9,1072500000.0,chr1L_214
chr1L,1075000000,1080000000,8,1077500000.0,chr1L_215
chr1L,1080000000,1085000000,9,1082500000.0,chr1L_216
chr1L,1085000000,1090000000,7,1087500000.0,chr1L_217
chr1L,1090000000,1095000000,8,1092500000.0,chr1L_218
chr1L,1095000000,1100000000,19,1097500000.0,chr1L_219
chr1L,1100000000,1105000000,21,1102500000.0,chr1L_220
chr1L,1105000000,1110000000,0,1107500000.0,chr1L_221
chr1L,1110000000,1115000000,8,1112500000.0,chr1L_222
chr1L,1115000000,1120000000,3,1117500000.0,chr1L_223
chr1L,1120000000,1125000000,14,1122500000.0,chr1L_224
chr1L,1125000000,1130000000,4,1127500000.0,chr1L_225
chr1L,1130000000,1135000000,7,1132500000.0,chr1L_226
chr1L,1135000000,1140000000,2,1137500000.0,chr1L_227
chr1L,1140000000,1145000000,10,1142500000.0,chr1L_228
chr1L,1145000000,1150000000,7,1147500000.0,chr1L_229
chr1L,1150000000,1155000000,6,1152500000.0,chr1L_230
chr1L,1155000000,1160000000,3,1157500000.0,chr1L_231
chr1L,1160000000,1165000000,6,1162500000.0,chr1L_232
chr1L,1165000000,1170000000,4,1167500000.0,chr1L_233
chr1L,1170000000,1175000000,2,1172500000.0,chr1L_234
chr1L,1175000000,1180000000,0,1177500000.0,chr1L_235
chr1L,1180000000,1185000000,25,1182500000.0,chr1L_236
chr1L,1185000000,1190000000,15,1187500000.0,chr1L_237
chr1L,1190000000,1195000000,4,1192500000.0,chr1L_238
chr1L,1195000000,1200000000,8,1197500000.0,chr1L_239
chr1L,1200000000,1205000000,19,1202500000.0,chr1L_240
chr1L,1205000000,1210000000,2,1207500000.0,chr1L_241
chr1L,1210000000,1215000000,25,1212500000.0,chr1L_242
chr1L,1215000000,1220000000,8,1217500000.0,chr1L_243
chr1L,1220000000,1225000000,25,1222500000.0,chr1L_244
chr1L,1225000000,1230000000,17,1227500000.0,chr1L_245
chr1L,1230000000,1235000000,0,1232500000.0,chr1L_246
chr1L,1235000000,1240000000,16,1237500000.0,chr1L_247
chr1L,1240000000,1245000000,11,1242500000.0,chr1L_248
chr1L,1245000000,1250000000,8,1247500000.0,chr1L_249
chr1L,1250000000,1255000000,24,1252500000.0,chr1L_250
chr1L,1255000000,1260000000,8,1257500000.0,chr1L_251
chr1L,1260000000,1265000000,14,1262500000.0,chr1L_252
chr1L,1265000000,1270000000,10,1267500000.0,chr1L_253
chr1L,1270000000,1275000000,1,1272500000.0,chr1L_254
chr1L,1275000000,1280000000,22,1277500000.0,chr1L_255
chr1L,1280000000,1285000000,13,1282500000.0,chr1L_256
chr1L,1285000000,1290000000,10,1287500000.0,chr1L_257
chr1L,1290000000,1295000000,20,1292500000.0,chr1L_258
chr1L,1295000000,1300000000,13,1297500000.0,chr1L_259
chr1L,1300000000,1305000000,7,1302500000.0,chr1L_260
chr1L,1305000000,1310000000,26,1307500000.0,chr1L_261
chr1L,1310000000,1315000000,2,1312500000.0,chr1L_262
chr1L,1315000000,1320000000,7,1317500000.0,chr1L_263
chr1L,1320000000,1325000000,19,1322500000.0,chr1L_264
chr1L,1325000000,1330000000,5,1327500000.0,chr1L_265
chr1L,1330000000,1335000000,0,1332500000.0,chr1L_266
chr1L,1335000000,1340000000,6,1337500000.0,chr1L_267
chr1L,1340000000,1345000000,1,1342500000.0,chr1L_268
chr1L,1345000000,1350000000,10,1347500000.0,chr1L_269
chr1L,1350000000,1355000000,15,1352500000.0,chr1L_270
chr1L,1355000000,1360000000,13,1357500000.0,chr1L_271
chr1L,1360000000,1365000000,11,1362500000.0,chr1L_272
chr1L,1365000000,1370000000,2,1367500000.0,chr1L_273
chr1L,1370000000,1375000000,7,1372500000.0,chr1L_274
chr1L,1375000000,1380000000,13,1377500000.0,chr1L_275
chr1L,1380000000,1385000000,10,1382500000.0,chr1L_276
chr1L,1385000000,1390000000,6,1387500000.0,chr1L_277
chr1L,1390000000,1395000000,14,1392500000.0,chr1L_278
chr1L,1395000000,1400000000,4,1397500000.0,chr1L_279
chr1L,1400000000,1405000000,3,1402500000.0,chr1L_280
chr1L,1405000000,1410000000,6,1407500000.0,chr1L_281
chr1L,1410000000,1415000000,9,1412500000.0,chr1L_282
chr1L,1415000000,1420000000,8,1417500000.0,chr1L_283
chr1L,1420000000,1425000000,11,1422500000.0,chr1L_284
chr1L,1425000000,1430000000,9,1427500000.0,chr1L_285
chr1L,1430000000,1435000000,8,1432500000.0,chr1L_286
chr1L,1435000000,1440000000,15,1437500000.0,chr1L_287
chr1L,1440000000,1445000000,10,1442500000.0,chr1L_288
chr1L,1445000000,1450000000,14,1447500000.0,chr1L_289
chr1L,1450000000,1455000000,11,1452500000.0,chr1L_290
chr1L,1455000000,1460000000,14,1457500000.0,chr1L_291
chr1L,1460000000,1465000000,18,1462500000.0,chr1L_292
chr1L,1465000000,1470000000,8,1467500000.0,chr1L_293
chr1L,1470000000,1475000000,21,1472500000.0,chr1L_294
chr1L,1475000000,1480000000,3,1477500000.0,chr1L_295
chr1L,1480000000,1485000000,11,1482500000.0,chr1L_296
chr1L,1485000000,1490000000,8,1487500000.0,chr1L_297
chr1L,1490000000,1495000000,0,1492500000.0,chr1L_298
chr1L,1495000000,1500000000,4,1497500000.0,chr1L_299
chr1L,1500000000,1505000000,7,1502500000.0,chr1L_300
chr1L,1505000000,1510000000,4,1507500000.0,chr1L_301
chr1L,1510000000,1515000000,17,1512500000.0,chr1L_302
chr1L,1515000000,1520000000,11,1517500000.0,chr1L_303
chr1L,1520000000,1525000000,12,1522500000.0,chr1L_304
chr1L,1525000000,1530000000,5,1527500000.0,chr1L_305
chr1L,1530000000,1535000000,8,1532500000.0,chr1L_306
chr1L,1535000000,1540000000,10,1537500000.0,chr1L_307
chr1L,1540000000,1545000000,7,1542500000.0,chr1L_308
chr1L,1545000000,1550000000,6,1547500000.0,chr1L_309
chr1L,1550000000,1555000000,17,1552500000.0,chr1L_310
chr1L,1555000000,1560000000,19,1557500000.0,chr1L_311
chr1L,1560000000,1565000000,9,1562500000.0,chr1L_312
chr1L,1565000000,1570000000,17,1567500000.0,chr1L_313
chr1L,1570000000,1575000000,12,1572500000.0,chr1L_314
chr1L,1575000000,1580000000,10,1577500000.0,chr1L_315
chr1L,1580000000,1585000000,7,1582500000.0,chr1L_316
chr1L,1585000000,1590000000,3,1587500000.0,chr1L_317
chr1L,1590000000,1595000000,4,1592500000.0,chr1L_318
chr1L,1595000000,1600000000,8,1597500000.0,chr1L_319
chr1L,1600000000,1605000000,7,1602500000.0,chr1L_320
chr1L,1605000000,1610000000,17,1607500000.0,chr1L_321
chr1L,1610000000,1615000000,9,1612500000.0,chr1L_322
chr1L,1615000000,1620000000,21,1617500000.0,chr1L_323
chr1L,1620000000,1625000000,7,1622500000.0,chr1L_324
chr1L,1625000000,1630000000,8,1627500000.0,chr1L_325
chr1L,1630000000,1635000000,8,1632500000.0,chr1L_326
chr1L,1635000000,1640000000,8,1637500000.0,chr1L_327
chr1L,1640000000,1645000000,2,1642500000.0,chr1L_328
chr1L,1645000000,1650000000,2,1647500000.0,chr1L_329
chr1L,1650000000,1655000000,7,1652500000.0,chr1L_330
chr1L,1655000000,1660000000,21,1657500000.0,chr1L_331
chr1L,1660000000,1665000000,16,1662500000.0,chr1L_332
chr1L,1665000000,1670000000,3,1667500000.0,chr1L_333
chr1L,1670000000,1675000000,12,1672500000.0,chr1L_334
chr1L,1675000000,1680000000,8,1677500000.0,chr1L_335
chr1L,1680000000,1685000000,10,1682500000.0,chr1L_336
chr1L,1685000000,1690000000,6,1687500000.0,chr1L_337
chr1L,1690000000,1695000000,7,1692500000.0,chr1L_338
chr1L,1695000000,1700000000,12,1697500000.0,chr1L_339
chr1L,1700000000,1705000000,0,1702500000.0,chr1L_340
chr1L,1705000000,1710000000,7,1707500000.0,chr1L_341
chr1L,1710000000,1715000000,10,1712500000.0,chr1L_342
chr1L,1715000000,1720000000,7,1717500000.0,chr1L_343
chr1L,1720000000,1725000000,14,1722500000.0,chr1L_344
chr1L,1725000000,1730000000,18,1727500000.0,chr1L_345
chr1L,1730000000,1735000000,4,1732500000.0,chr1L_346
chr1L,1735000000,1740000000,15,1737500000.0,chr1L_347
chr1L,1740000000,1745000000,15,1742500000.0,chr1L_348
chr1L,1745000000,1750000000,2,1747500000.0,chr1L_349
chr1L,1750000000,1755000000,9,1752500000.0,chr1L_350
chr1L,1755000000,1760000000,32,1757500000.0,chr1L_351
chr1L,1760000000,1765000000,5,1762500000.0,chr1L_352
chr1L,1765000000,1770000000,16,1767500000.0,chr1L_353
chr1L,1770000000,1775000000,8,1772500000.0,chr1L_354
chr1L,1775000000,1780000000,17,1777500000.0,chr1L_355
chr1L,1780000000,1785000000,6,1782500000.0,chr1L_356
chr1L,1785000000,1790000000,10,1787500000.0,chr1L_357
chr1L,1790000000,1795000000,6,1792500000.0,chr1L_358
chr1L,1795000000,1800000000,10,1797500000.0,chr1L_359
chr1L,1800000000,1805000000,12,1802500000.0,chr1L_360
chr1L,1805000000,1810000000,2,1807500000.0,chr1L_361
chr1L,1810000000,1815000000,15,1812500000.0,chr1L_362
chr1L,1815000000,1820000000,8,1817500000.0,chr1L_363
chr1L,1820000000,1825000000,8,1822500000.0,chr1L_364
chr1L,1825000000,1830000000,9,1827500000.0,chr1L_365
chr1L,1830000000,1835000000,13,1832500000.0,chr1L_366
chr1L,1835000000,1840000000,3,1837500000.0,chr1L_367
chr1L,1840000000,1845000000,11,1842500000.0,chr1L_368
chr1L,1845000000,1850000000,17,1847500000.0,chr1L_369
chr1L,1850000000,1855000000,15,1852500000.0,chr1L_370
chr1S,0,5000000,15,2500000.0,chr1S_0
chr1S,5000000,10000000,7,7500000.0,chr1S_1
chr1S,10000000,15000000,3,12500000.0,chr1S_2
chr1S,15000000,20000000,7,17500000.0,chr1S_3
chr1S,20000000,25000000,19,22500000.0,chr1S_4
chr1S,25000000,30000000,10,27500000.0,chr1S_5
chr1S,30000000,35000000,4,32500000.0,chr1S_6
chr1S,35000000,40000000,2,37500000.0,chr1S_7
chr1S,40000000,45000000,1,42500000.0,chr1S_8
chr1S,45000000,50000000,1,47500000.0,chr1S_9
chr1S,50000000,55000000,12,52500000.0,chr1S_10
chr1S,55000000,60000000,8,57500000.0,chr1S_11
chr1S,60000000,65000000,2,62500000.0,chr1S_12
chr1S,65000000,70000000,0,67500000.0,chr1S_13
chr1S,70000000,75000000,12,72500000.0,chr1S_14
chr1S,75000000,80000000,4,77500000.0,chr1S_15
chr1S,80000000,85000000,3,82500000.0,chr1S_16
chr1S,85000000,90000000,14,87500000.0,chr1S_17
chr1S,90000000,95000000,7,92500000.0,chr1S_18
chr1S,95000000,100000000,11,97500000.0,chr1S_19
chr1S,100000000,105000000,7,102500000.0,chr1S_20
chr1S,105000000,110000000,6,107500000.0,chr1S_21
chr1S,110000000,115000000,4,112500000.0,chr1S_22
chr1S,115000000,120000000,5,117500000.0,chr1S_23
chr1S,120000000,125000000,3,122500000.0,chr1S_24
chr1S,125000000,130000000,1,127500000.0,chr1S_25
chr1S,130000000,135000000,5,132500000.0,chr1S_26
chr1S,135000000,140000000,7,137500000.0,chr1S_27
chr1S,140000000,145000000,6,142500000.0,chr1S_28
chr1S,145000000,150000000,2,147500000.0,chr1S_29
chr1S,150000000,155000000,5,152500000.0,chr1S_30
chr1S,155000000,160000000,10,157500000.0,chr1S_31
chr1S,160000000,165000000,0,162500000.0,chr1S_32
chr1S,165000000,170000000,7,167500000.0,chr1S_33
chr1S,170000000,175000000,2,172500000.0,chr1S_34
chr1S,175000000,180000000,16,177500000.0,chr1S_35
chr1S,180000000,185000000,2,182500000.0,chr1S_36
chr1S,185000000,190000000,0,187500000.0,chr1S_37
chr1S,190000000,195000000,4,192500000.0,chr1S_38
chr1S,195000000,200000000,7,197500000.0,chr1S_39
chr1S,200000000,205000000,4,202500000.0,chr1S_40
chr1S,205000000,210000000,3,207500000.0,chr1S_41
chr1S,210000000,215000000,3,212500000.0,chr1S_42
chr1S,215000000,220000000,10,217500000.0,chr1S_43
chr1S,220000000,225000000,8,222500000.0,chr1S_44
chr1S,225000000,230000000,11,227500000.0,chr1S_45
chr1S,230000000,235000000,14,232500000.0,chr1S_46
chr1S,235000000,240000000,9,237500000.0,chr1S_47
chr1S,240000000,245000000,10,242500000.0,chr1S_48
chr1S,245000000,250000000,3,247500000.0,chr1S_49
chr1S,250000000,255000000,12,252500000.0,chr1S_50
chr1S,255000000,260000000,3,257500000.0,chr1S_51
chr1S,260000000,265000000,1,262500000.0,chr1S_52
chr1S,265000000,270000000,3,267500000.0,chr1S_53
chr1S,270000000,275000000,16,272500000.0,chr1S_54
chr1S,275000000,280000000,6,277500000.0,chr1S_55
chr1S,280000000,285000000,8,282500000.0,chr1S_56
chr1S,285000000,290000000,3,287500000.0,chr1S_57
chr1S,290000000,295000000,2,292500000.0,chr1S_58
chr1S,295000000,300000000,7,297500000.0,chr1S_59
chr1S,300000000,305000000,9,302500000.0,chr1S_60
chr1S,305000000,310000000,5,307500000.0,chr1S_61
chr1S,310000000,315000000,21,312500000.0,chr1S_62
chr1S,315000000,320000000,0,317500000.0,chr1S_63
chr1S,320000000,325000000,5,322500000.0,chr1S_64
chr1S,325000000,330000000,5,327500000.0,chr1S_65
chr1S,330000000,335000000,3,332500000.0,chr1S_66
chr1S,335000000,340000000,20,337500000.0,chr1S_67
chr1S,340000000,345000000,6,342500000.0,chr1S_68
chr1S,345000000,350000000,4,347500000.0,chr1S_69
chr1S,350000000,355000000,9,352500000.0,chr1S_70
chr1S,355000000,360000000,10,357500000.0,chr1S_71
chr1S,360000000,365000000,6,362500000.0,chr1S_72
chr1S,365000000,370000000,3,367500000.0,chr1S_73
chr1S,370000000,375000000,29,372500000.0,chr1S_74
chr1S,375000000,380000000,1,377500000.0,chr1S_75
chr1S,380000000,385000000,8,382500000.0,chr1S_76
chr1S,385000000,390000000,3,387500000.0,chr1S_77
chr1S,390000000,395000000,26,392500000.0,chr1S_78
chr1S,395000000,400000000,6,397500000.0,chr1S_79
chr1S,400000000,405000000,2,402500000.0,chr1S_80
chr1S,405000000,410000000,7,407500000.0,chr1S_81
chr1S,410000000,415000000,4,412500000.0,chr1S_82
chr1S,415000000,420000000,6,417500000.0,chr1S_83
chr1S,420000000,425000000,11,422500000.0,chr1S_84
chr1S,425000000,430000000,23,427500000.0,chr1S_85
chr1S,430000000,435000000,4,432500000.0,chr1S_86
chr1S,435000000,440000000,10,437500000.0,chr1S_87
chr1S,440000000,445000000,5,442500000.0,chr1S_88
chr1S,445000000,450000000,10,447500000.0,chr1S_89
chr1S,450000000,455000000,18,452500000.0,chr1S_90
chr1S,455000000,460000000,27,457500000.0,chr1S_91
chr1S,460000000,465000000,1,462500000.0,chr1S_92
chr1S,465000000,470000000,6,467500000.0,chr1S_93
chr1S,470000000,475000000,2,472500000.0,chr1S_94
chr1S,475000000,480000000,8,477500000.0,chr1S_95
chr1S,480000000,485000000,7,482500000.0,chr1S_96
chr1S,485000000,490000000,3,487500000.0,chr1S_97
chr1S,490000000,495000000,9,492500000.0,chr1S_98
chr1S,495000000,500000000,3,497500000.0,chr1S_99
chr1S,500000000,505000000,3,502500000.0,chr1S_100
chr1S,505000000,510000000,0,507500000.0,chr1S_101
chr1S,510000000,515000000,12,512500000.0,chr1S_102
chr1S,515000000,520000000,5,517500000.0,chr1S_103
chr1S,520000000,525000000,11,522500000.0,chr1S_104
chr1S,525000000,530000000,14,527500000.0,chr1S_105
chr1S,530000000,535000000,10,532500000.0,chr1S_106
chr1S,535000000,540000000,2,537500000.0,chr1S_107
chr1S,540000000,545000000,6,542500000.0,chr1S_108
chr1S,545000000,550000000,8,547500000.0,chr1S_109
chr1S,550000000,555000000,2,552500000.0,chr1S_110
chr1S,555000000,560000000,13,557500000.0,chr1S_111
chr1S,560000000,565000000,24,562500000.0,chr1S_112
chr1S,565000000,570000000,12,567500000.0,chr1S_113
chr1S,570000000,575000000,20,572500000.0,chr1S_114
chr1S,575000000,580000000,2,577500000.0,chr1S_115
chr1S,580000000,585000000,41,582500000.0,chr1S_116
chr1S,585000000,590000000,10,587500000.0,chr1S_117
chr1S,590000000,595000000,13,592500000.0,chr1S_118
chr1S,595000000,600000000,3,597500000.0,chr1S_119
chr1S,600000000,605000000,20,602500000.0,chr1S_120
chr1S,605000000,610000000,8,607500000.0,chr1S_121
chr1S,610000000,615000000,12,612500000.0,chr1S_122
chr1S,615000000,620000000,7,617500000.0,chr1S_123
chr1S,620000000,625000000,7,622500000.0,chr1S_124
chr1S,625000000,630000000,13,627500000.0,chr1S_125
chr1S,630000000,635000000,7,632500000.0,chr1S_126
chr1S,635000000,640000000,10,637500000.0,chr1S_127
chr1S,640000000,645000000,12,642500000.0,chr1S_128
chr1S,645000000,650000000,3,647500000.0,chr1S_129
chr1S,650000000,655000000,18,652500000.0,chr1S_130
chr1S,655000000,660000000,12,657500000.0,chr1S_131
chr1S,660000000,665000000,6,662500000.0,chr1S_132
chr1S,665000000,670000000,5,667500000.0,chr1S_133
chr1S,670000000,675000000,11,672500000.0,chr1S_134
chr1S,675000000,680000000,6,677500000.0,chr1S_135
chr1S,680000000,685000000,5,682500000.0,chr1S_136
chr1S,685000000,690000000,1,687500000.0,chr1S_137
chr1S,690000000,695000000,0,692500000.0,chr1S_138
chr1S,695000000,700000000,0,697500000.0,chr1S_139
chr1S,700000000,705000000,8,702500000.0,chr1S_140
chr1S,705000000,710000000,20,707500000.0,chr1S_141
chr1S,710000000,715000000,7,712500000.0,chr1S_142
chr1S,715000000,720000000,3,717500000.0,chr1S_143
chr1S,720000000,725000000,2,722500000.0,chr1S_144
chr1S,725000000,730000000,8,727500000.0,chr1S_145
chr1S,730000000,735000000,2,732500000.0,chr1S_146
chr1S,735000000,740000000,12,737500000.0,chr1S_147
chr1S,740000000,745000000,10,742500000.0,chr1S_148
chr1S,745000000,750000000,0,747500000.0,chr1S_149
chr1S,750000000,755000000,3,752500000.0,chr1S_150
chr1S,755000000,760000000,2,757500000.0,chr1S_151
chr1S,760000000,765000000,9,762500000.0,chr1S_152
chr1S,765000000,770000000,0,767500000.0,chr1S_153
chr1S,770000000,775000000,6,772500000.0,chr1S_154
chr1S,775000000,780000000,1,777500000.0,chr1S_155
chr1S,780000000,785000000,13,782500000.0,chr1S_156
chr1S,785000000,790000000,7,787500000.0,chr1S_157
chr1S,790000000,795000000,7,792500000.0,chr1S_158
chr1S,795000000,800000000,13,797500000.0,chr1S_159
chr1S,800000000,805000000,10,802500000.0,chr1S_160
chr1S,805000000,810000000,3,807500000.0,chr1S_161
chr1S,810000000,815000000,3,812500000.0,chr1S_162
chr1S,815000000,820000000,9,817500000.0,chr1S_163
chr1S,820000000,825000000,0,822500000.0,chr1S_164
chr1S,825000000,830000000,9,827500000.0,chr1S_165
chr1S,830000000,835000000,18,832500000.0,chr1S_166
chr1S,835000000,840000000,4,837500000.0,chr1S_167
chr1S,840000000,845000000,8,842500000.0,chr1S_168
chr1S,845000000,850000000,18,847500000.0,chr1S_169
chr1S,850000000,855000000,11,852500000.0,chr1S_170
chr1S,855000000,860000000,12,857500000.0,chr1S_171
chr1S,860000000,865000000,7,862500000.0,chr1S_172
chr1S,865000000,870000000,12,867500000.0,chr1S_173
chr1S,870000000,875000000,11,872500000.0,chr1S_174
chr1S,875000000,880000000,3,877500000.0,chr1S_175
chr1S,880000000,885000000,2,882500000.0,chr1S_176
chr1S,885000000,890000000,2,887500000.0,chr1S_177
chr1S,890000000,895000000,7,892500000.0,chr1S_178
chr1S,895000000,900000000,3,897500000.0,chr1S_179
chr1S,900000000,905000000,2,902500000.0,chr1S_180
chr1S,905000000,910000000,14,907500000.0,chr1S_181
chr1S,910000000,915000000,2,912500000.0,chr1S_182
chr1S,915000000,920000000,3,917500000.0,chr1S_183
chr1S,920000000,925000000,7,922500000.0,chr1S_184
chr1S,925000000,930000000,11,927500000.0,chr1S_185
chr1S,930000000,935000000,12,932500000.0,chr1S_186
chr1S,935000000,940000000,5,937500000.0,chr1S_187
chr1S,940000000,945000000,1,942500000.0,chr1S_188
chr1S,945000000,950000000,4,947500000.0,chr1S_189
chr1S,950000000,955000000,2,952500000.0,chr1S_190
chr1S,955000000,960000000,6,957500000.0,chr1S_191
chr1S,960000000,965000000,4,962500000.0,chr1S_192
chr1S,965000000,970000000,8,967500000.0,chr1S_193
chr1S,970000000,975000000,6,972500000.0,chr1S_194
chr1S,975000000,980000000,7,977500000.0,chr1S_195
chr1S,980000000,985000000,20,982500000.0,chr1S_196
chr1S,985000000,990000000,9,987500000.0,chr1S_197
chr1S,990000000,995000000,6,992500000.0,chr1S_198
chr1S,995000000,1000000000,6,997500000.0,chr1S_199
chr1S,1000000000,1005000000,6,1002500000.0,chr1S_200
chr1S,1005000000,1010000000,9,1007500000.0,chr1S_201
chr1S,1010000000,1015000000,12,1012500000.0,chr1S_202
chr1S,1015000000,1020000000,13,1017500000.0,chr1S_203
chr1S,1020000000,1025000000,8,1022500000.0,chr1S_204
chr1S,1025000000,1030000000,2,1027500000.0,chr1S_205
chr1S,1030000000,1035000000,8,1032500000.0,chr1S_206
chr1S,1035000000,1040000000,6,1037500000.0,chr1S_207
chr1S,1040000000,1045000000,8,1042500000.0,chr1S_208
chr1S,1045000000,1050000000,0,1047500000.0,chr1S_209
chr1S,1050000000,1055000000,3,1052500000.0,chr1S_210
chr1S,1055000000,1060000000,2,1057500000.0,chr1S_211
chr1S,1060000000,1065000000,7,1062500000.0,chr1S_212
chr1S,1065000000,1070000000,6,1067500000.0,chr1S_213
chr1S,1070000000,1075000000,14,1072500000.0,chr1S_214
chr1S,1075000000,1080000000,3,1077500000.0,chr1S_215
chr1S,1080000000,1085000000,1,1082500000.0,chr1S_216
chr1S,1085000000,1090000000,0,1087500000.0,chr1S_217
chr1S,1090000000,1095000000,10,1092500000.0,chr1S_218
chr1S,1095000000,1100000000,3,1097500000.0,chr1S_219
chr1S,1100000000,1105000000,2,1102500000.0,chr1S_220
chr1S,1105000000,1110000000,0,1107500000.0,chr1S_221
chr1S,1110000000,1115000000,5,1112500000.0,chr1S_222
chr1S,1115000000,1120000000,1,1117500000.0,chr1S_223
chr1S,1120000000,1125000000,6,1122500000.0,chr1S_224
chr1S,1125000000,1130000000,2,1127500000.0,chr1S_225
chr1S,1130000000,1135000000,7,1132500000.0,chr1S_226
chr1S,1135000000,1140000000,0,1137500000.0,chr1S_227
chr1S,1140000000,1145000000,0,1142500000.0,chr1S_228
chr1S,1145000000,1150000000,0,1147500000.0,chr1S_229
chr1S,1150000000,1155000000,12,1152500000.0,chr1S_230
chr1S,1155000000,1160000000,4,1157500000.0,chr1S_231
chr1S,1160000000,1165000000,0,1162500000.0,chr1S_232
chr1S,1165000000,1170000000,5,1167500000.0,chr1S_233
chr1S,1170000000,1175000000,3,1172500000.0,chr1S_234
chr1S,1175000000,1180000000,5,1177500000.0,chr1S_235
chr1S,1180000000,1185000000,11,1182500000.0,chr1S_236
chr1S,1185000000,1190000000,4,1187500000.0,chr1S_237
chr1S,1190000000,1195000000,0,1192500000.0,chr1S_238
chr1S,1195000000,1200000000,0,1197500000.0,chr1S_239
chr1S,1200000000,1205000000,0,1202500000.0,chr1S_240
chr1S,1205000000,1210000000,0,1207500000.0,chr1S_241
chr1S,1210000000,1215000000,1,1212500000.0,chr1S_242
chr1S,1215000000,1220000000,17,1217500000.0,chr1S_243
chr1S,1220000000,1225000000,11,1222500000.0,chr1S_244
chr1S,1225000000,1230000000,11,1227500000.0,chr1S_245
chr1S,1230000000,1235000000,17,1232500000.0,chr1S_246
chr1S,1235000000,1240000000,11,1237500000.0,chr1S_247
chr1S,1240000000,1245000000,1,1242500000.0,chr1S_248
chr1S,1245000000,1250000000,4,1247500000.0,chr1S_249
chr1S,1250000000,1255000000,1,1252500000.0,chr1S_250
chr1S,1255000000,1260000000,14,1257500000.0,chr1S_251
chr1S,1260000000,1265000000,3,1262500000.0,chr1S_252
chr1S,1265000000,1270000000,3,1267500000.0,chr1S_253
chr1S,1270000000,1275000000,0,1272500000.0,chr1S_254
chr1S,1275000000,1280000000,2,1277500000.0,chr1S_255
chr1S,1280000000,1285000000,5,1282500000.0,chr1S_256
chr1S,1285000000,1290000000,5,1287500000.0,chr1S_257
chr1S,1290000000,1295000000,11,1292500000.0,chr1S_258
chr1S,1295000000,1300000000,1,1297500000.0,chr1S_259
chr1S,1300000000,1305000000,1,1302500000.0,chr1S_260
chr1S,1305000000,1310000000,5,1307500000.0,chr1S_261
chr1S,1310000000,1315000000,4,1312500000.0,chr1S_262
chr1S,1315000000,1320000000,0,1317500000.0,chr1S_263
chr1S,1320000000,1325000000,2,1322500000.0,chr1S_264
chr1S,1325000000,1330000000,0,1327500000.0,chr1S_265
chr1S,1330000000,1335000000,0,1332500000.0,chr1S_266
chr1S,1335000000,1340000000,0,1337500000.0,chr1S_267
chr1S,1340000000,1345000000,8,1342500000.0,chr1S_268
chr1S,1345000000,1350000000,7,1347500000.0,chr1S_269
chr1S,1350000000,1355000000,1,1352500000.0,chr1S_270
chr1S,1355000000,1360000000,9,1357500000.0,chr1S_271
chr1S,1360000000,1365000000,14,1362500000.0,chr1S_272
chr1S,1365000000,1370000000,3,1367500000.0,chr1S_273
chr1S,1370000000,1375000000,3,1372500000.0,chr1S_274
chr1S,1375000000,1380000000,0,1377500000.0,chr1S_275
chr1S,1380000000,1385000000,0,1382500000.0,chr1S_276
chr1S,1385000000,1390000000,7,1387500000.0,chr1S_277
chr1S,1390000000,1395000000,0,1392500000.0,chr1S_278
chr1S,1395000000,1400000000,0,1397500000.0,chr1S_279
chr1S,1400000000,1405000000,0,1402500000.0,chr1S_280
chr1S,1405000000,1410000000,14,1407500000.0,chr1S_281
chr1S,1410000000,1415000000,0,1412500000.0,chr1S_282
chr1S,1415000000,1420000000,7,1417500000.0,chr1S_283
chr1S,1420000000,1425000000,0,1422500000.0,chr1S_284
chr1S,1425000000,1430000000,1,1427500000.0,chr1S_285
chr1S,1430000000,1435000000,0,1432500000.0,chr1S_286
chr1S,1435000000,1440000000,15,1437500000.0,chr1S_287
chr1S,1440000000,1445000000,4,1442500000.0,chr1S_288
chr1S,1445000000,1450000000,5,1447500000.0,chr1S_289
chr1S,1450000000,1455000000,8,1452500000.0,chr1S_290
chr1S,1455000000,1460000000,1,1457500000.0,chr1S_291
chr1S,1460000000,1465000000,6,1462500000.0,chr1S_292
chr1S,1465000000,1470000000,20,1467500000.0,chr1S_293
chr1S,1470000000,1475000000,20,1472500000.0,chr1S_294
chr1S,1475000000,1480000000,10,1477500000.0,chr1S_295
chr1S,1480000000,1485000000,7,1482500000.0,chr1S_296
chr1S,1485000000,1490000000,1,1487500000.0,chr1S_297
chr1S,1490000000,1495000000,1,1492500000.0,chr1S_298
2,0,5000000,11,2500000.0,2_0
2,5000000,10000000,7,7500000.0,2_1
2,10000000,15000000,11,12500000.0,2_2
2,15000000,20000000,35,17500000.0,2_3
2,20000000,25000000,28,22500000.0,2_4
2,25000000,30000000,15,27500000.0,2_5
2,30000000,35000000,6,32500000.0,2_6
2,35000000,40000000,3,37500000.0,2_7
2,40000000,45000000,20,42500000.0,2_8
2,45000000,50000000,2,47500000.0,2_9
2,50000000,55000000,10,52500000.0,2_10
2,55000000,60000000,1,57500000.0,2_11
2,60000000,65000000,0,62500000.0,2_12
2,65000000,70000000,8,67500000.0,2_13
2,70000000,75000000,6,72500000.0,2_14
2,75000000,80000000,6,77500000.0,2_15
2,80000000,85000000,8,82500000.0,2_16
2,85000000,90000000,14,87500000.0,2_17
2,90000000,95000000,11,92500000.0,2_18
2,95000000,100000000,4,97500000.0,2_19
2,100000000,105000000,0,102500000.0,2_20
2,105000000,110000000,6,107500000.0,2_21
2,110000000,115000000,13,112500000.0,2_22
2,115000000,120000000,10,117500000.0,2_23
2,120000000,125000000,3,122500000.0,2_24
2,125000000,130000000,17,127500000.0,2_25
2,130000000,135000000,5,132500000.0,2_26
2,135000000,140000000,5,137500000.0,2_27
2,140000000,145000000,12,142500000.0,2_28
2,145000000,150000000,16,147500000.0,2_29
2,150000000,155000000,23,152500000.0,2_30
2,155000000,160000000,23,157500000.0,2_31
2,160000000,165000000,13,162500000.0,2_32
2,165000000,170000000,11,167500000.0,2_33
2,170000000,175000000,8,172500000.0,2_34
2,175000000,180000000,1,177500000.0,2_35
2,180000000,185000000,16,182500000.0,2_36
2,185000000,190000000,20,187500000.0,2_37
2,190000000,195000000,4,192500000.0,2_38
2,195000000,200000000,7,197500000.0,2_39
2,200000000,205000000,11,202500000.0,2_40
2,205000000,210000000,1,207500000.0,2_41
2,210000000,215000000,4,212500000.0,2_42
2,215000000,220000000,3,217500000.0,2_43
2,220000000,225000000,22,222500000.0,2_44
2,225000000,230000000,10,227500000.0,2_45
2,230000000,235000000,7,232500000.0,2_46
2,235000000,240000000,6,237500000.0,2_47
2,240000000,245000000,0,242500000.0,2_48
2,245000000,250000000,5,247500000.0,2_49
2,250000000,255000000,18,252500000.0,2_50
2,255000000,260000000,9,257500000.0,2_51
2,260000000,265000000,2,262500000.0,2_52
2,265000000,270000000,5,267500000.0,2_53
2,270000000,275000000,6,272500000.0,2_54
2,275000000,280000000,9,277500000.0,2_55
2,280000000,285000000,8,282500000.0,2_56
2,285000000,290000000,8,287500000.0,2_57
2,290000000,295000000,6,292500000.0,2_58
2,295000000,300000000,15,297500000.0,2_59
2,300000000,305000000,3,302500000.0,2_60
2,305000000,310000000,3,307500000.0,2_61
2,310000000,315000000,6,312500000.0,2_62
2,315000000,320000000,0,317500000.0,2_63
2,320000000,325000000,5,322500000.0,2_64
2,325000000,330000000,18,327500000.0,2_65
2,330000000,335000000,10,332500000.0,2_66
2,335000000,340000000,8,337500000.0,2_67
2,340000000,345000000,2,342500000.0,2_68
2,345000000,350000000,7,347500000.0,2_69
2,350000000,355000000,3,352500000.0,2_70
2,355000000,360000000,11,357500000.0,2_71
2,360000000,365000000,5,362500000.0,2_72
2,365000000,370000000,6,367500000.0,2_73
2,370000000,375000000,8,372500000.0,2_74
2,375000000,380000000,12,377500000.0,2_75
2,380000000,385000000,1,382500000.0,2_76
2,385000000,390000000,24,387500000.0,2_77
2,390000000,395000000,6,392500000.0,2_78
2,395000000,400000000,6,397500000.0,2_79
2,400000000,405000000,15,402500000.0,2_80
2,405000000,410000000,9,407500000.0,2_81
2,410000000,415000000,4,412500000.0,2_82
2,415000000,420000000,6,417500000.0,2_83
2,420000000,425000000,0,422500000.0,2_84
2,425000000,430000000,25,427500000.0,2_85
2,430000000,435000000,9,432500000.0,2_86
2,435000000,440000000,7,437500000.0,2_87
2,440000000,445000000,5,442500000.0,2_88
2,445000000,450000000,5,447500000.0,2_89
2,450000000,455000000,9,452500000.0,2_90
2,455000000,460000000,2,457500000.0,2_91
2,460000000,465000000,9,462500000.0,2_92
2,465000000,470000000,10,467500000.0,2_93
2,470000000,475000000,11,472500000.0,2_94
2,475000000,480000000,6,477500000.0,2_95
2,480000000,485000000,3,482500000.0,2_96
2,485000000,490000000,3,487500000.0,2_97
2,490000000,495000000,9,492500000.0,2_98
2,495000000,500000000,3,497500000.0,2_99
2,500000000,505000000,10,502500000.0,2_100
2,505000000,510000000,16,507500000.0,2_101
2,510000000,515000000,20,512500000.0,2_102
2,515000000,520000000,29,517500000.0,2_103
2,520000000,525000000,4,522500000.0,2_104
2,525000000,530000000,3,527500000.0,2_105
2,530000000,535000000,16,532500000.0,2_106
2,535000000,540000000,2,537500000.0,2_107
2,540000000,545000000,6,542500000.0,2_108
2,545000000,550000000,3,547500000.0,2_109
2,550000000,555000000,1,552500000.0,2_110
2,555000000,560000000,0,557500000.0,2_111
2,560000000,565000000,19,562500000.0,2_112
2,565000000,570000000,5,567500000.0,2_113
2,570000000,575000000,2,572500000.0,2_114
2,575000000,580000000,10,577500000.0,2_115
2,580000000,585000000,19,582500000.0,2_116
2,585000000,590000000,15,587500000.0,2_117
2,590000000,595000000,7,592500000.0,2_118
2,595000000,600000000,0,597500000.0,2_119
2,600000000,605000000,28,602500000.0,2_120
2,605000000,610000000,5,607500000.0,2_121
2,610000000,615000000,14,612500000.0,2_122
2,615000000,620000000,4,617500000.0,2_123
2,620000000,625000000,10,622500000.0,2_124
2,625000000,630000000,14,627500000.0,2_125
2,630000000,635000000,11,632500000.0,2_126
2,635000000,640000000,15,637500000.0,2_127
2,640000000,645000000,9,642500000.0,2_128
2,645000000,650000000,4,647500000.0,2_129
2,650000000,655000000,15,652500000.0,2_130
2,655000000,660000000,5,657500000.0,2_131
2,660000000,665000000,6,662500000.0,2_132
2,665000000,670000000,5,667500000.0,2_133
2,670000000,675000000,0,672500000.0,2_134
2,675000000,680000000,7,677500000.0,2_135
2,680000000,685000000,5,682500000.0,2_136
2,685000000,690000000,4,687500000.0,2_137
2,690000000,695000000,9,692500000.0,2_138
2,695000000,700000000,6,697500000.0,2_139
2,700000000,705000000,12,702500000.0,2_140
2,705000000,710000000,6,707500000.0,2_141
2,710000000,715000000,13,712500000.0,2_142
2,715000000,720000000,14,717500000.0,2_143
2,720000000,725000000,8,722500000.0,2_144
2,725000000,730000000,0,727500000.0,2_145
2,730000000,735000000,0,732500000.0,2_146
2,735000000,740000000,0,737500000.0,2_147
2,740000000,745000000,0,742500000.0,2_148
2,745000000,750000000,10,747500000.0,2_149
2,750000000,755000000,15,752500000.0,2_150
2,755000000,760000000,13,757500000.0,2_151
2,760000000,765000000,6,762500000.0,2_152
2,765000000,770000000,11,767500000.0,2_153
2,770000000,775000000,2,772500000.0,2_154
2,775000000,780000000,13,777500000.0,2_155
2,780000000,785000000,5,782500000.0,2_156
2,785000000,790000000,22,787500000.0,2_157
2,790000000,795000000,6,792500000.0,2_158
2,795000000,800000000,0,797500000.0,2_159
2,800000000,805000000,0,802500000.0,2_160
2,805000000,810000000,2,807500000.0,2_161
2,810000000,815000000,19,812500000.0,2_162
2,815000000,820000000,7,817500000.0,2_163
2,820000000,825000000,4,822500000.0,2_164
2,825000000,830000000,7,827500000.0,2_165
2,830000000,835000000,7,832500000.0,2_166
2,835000000,840000000,22,837500000.0,2_167
2,840000000,845000000,14,842500000.0,2_168
2,845000000,850000000,6,847500000.0,2_169
2,850000000,855000000,7,852500000.0,2_170
2,855000000,860000000,7,857500000.0,2_171
2,860000000,865000000,4,862500000.0,2_172
2,865000000,870000000,5,867500000.0,2_173
2,870000000,875000000,2,872500000.0,2_174
2,875000000,880000000,4,877500000.0,2_175
2,880000000,885000000,10,882500000.0,2_176
2,885000000,890000000,11,887500000.0,2_177
2,890000000,895000000,11,892500000.0,2_178
2,895000000,900000000,12,897500000.0,2_179
2,900000000,905000000,17,902500000.0,2_180
2,905000000,910000000,10,907500000.0,2_181
2,910000000,915000000,1,912500000.0,2_182
2,915000000,920000000,12,917500000.0,2_183
2,920000000,925000000,11,922500000.0,2_184
2,925000000,930000000,10,927500000.0,2_185
2,930000000,935000000,3,932500000.0,2_186
2,935000000,940000000,4,937500000.0,2_187
2,940000000,945000000,3,942500000.0,2_188
2,945000000,950000000,4,947500000.0,2_189
2,950000000,955000000,9,952500000.0,2_190
2,955000000,960000000,1,957500000.0,2_191
2,960000000,965000000,0,962500000.0,2_192
2,965000000,970000000,12,967500000.0,2_193
2,970000000,975000000,10,972500000.0,2_194
2,975000000,980000000,3,977500000.0,2_195
2,980000000,985000000,5,982500000.0,2_196
2,985000000,990000000,16,987500000.0,2_197
2,990000000,995000000,4,992500000.0,2_198
2,995000000,1000000000,4,997500000.0,2_199
2,1000000000,1005000000,34,1002500000.0,2_200
2,1005000000,1010000000,7,1007500000.0,2_201
2,1010000000,1015000000,6,1012500000.0,2_202
2,1015000000,1020000000,12,1017500000.0,2_203
2,1020000000,1025000000,4,1022500000.0,2_204
2,1025000000,1030000000,6,1027500000.0,2_205
2,1030000000,1035000000,7,1032500000.0,2_206
2,1035000000,1040000000,19,1037500000.0,2_207
2,1040000000,1045000000,5,1042500000.0,2_208
2,1045000000,1050000000,7,1047500000.0,2_209
2,1050000000,1055000000,12,1052500000.0,2_210
2,1055000000,1060000000,13,1057500000.0,2_211
2,1060000000,1065000000,9,1062500000.0,2_212
2,1065000000,1070000000,7,1067500000.0,2_213
2,1070000000,1075000000,0,1072500000.0,2_214
2,1075000000,1080000000,17,1077500000.0,2_215
2,1080000000,1085000000,16,1082500000.0,2_216
2,1085000000,1090000000,15,1087500000.0,2_217
2,1090000000,1095000000,5,1092500000.0,2_218
2,1095000000,1100000000,3,1097500000.0,2_219
2,1100000000,1105000000,7,1102500000.0,2_220
2,1105000000,1110000000,12,1107500000.0,2_221
2,1110000000,1115000000,6,1112500000.0,2_222
2,1115000000,1120000000,2,1117500000.0,2_223
2,1120000000,1125000000,22,1122500000.0,2_224
2,1125000000,1130000000,19,1127500000.0,2_225
2,1130000000,1135000000,14,1132500000.0,2_226
2,1135000000,1140000000,10,1137500000.0,2_227
2,1140000000,1145000000,15,1142500000.0,2_228
2,1145000000,1150000000,9,1147500000.0,2_229
2,1150000000,1155000000,12,1152500000.0,2_230
2,1155000000,1160000000,3,1157500000.0,2_231
2,1160000000,1165000000,12,1162500000.0,2_232
2,1165000000,1170000000,11,1167500000.0,2_233
2,1170000000,1175000000,13,1172500000.0,2_234
2,1175000000,1180000000,5,1177500000.0,2_235
2,1180000000,1185000000,10,1182500000.0,2_236
2,1185000000,1190000000,5,1187500000.0,2_237
2,1190000000,1195000000,10,1192500000.0,2_238
2,1195000000,1200000000,7,1197500000.0,2_239
2,1200000000,1205000000,5,1202500000.0,2_240
2,1205000000,1210000000,3,1207500000.0,2_241
2,1210000000,1215000000,10,1212500000.0,2_242
2,1215000000,1220000000,4,1217500000.0,2_243
2,1220000000,1225000000,8,1222500000.0,2_244
2,1225000000,1230000000,16,1227500000.0,2_245
2,1230000000,1235000000,10,1232500000.0,2_246
2,1235000000,1240000000,6,1237500000.0,2_247
2,1240000000,1245000000,10,1242500000.0,2_248
2,1245000000,1250000000,4,1247500000.0,2_249
2,1250000000,1255000000,17,1252500000.0,2_250
2,1255000000,1260000000,6,1257500000.0,2_251
2,1260000000,1265000000,7,1262500000.0,2_252
2,1265000000,1270000000,3,1267500000.0,2_253
2,1270000000,1275000000,1,1272500000.0,2_254
2,1275000000,1280000000,7,1277500000.0,2_255
2,1280000000,1285000000,6,1282500000.0,2_256
2,1285000000,1290000000,10,1287500000.0,2_257
2,1290000000,1295000000,3,1292500000.0,2_258
2,1295000000,1300000000,8,1297500000.0,2_259
2,1300000000,1305000000,6,1302500000.0,2_260
2,1305000000,1310000000,10,1307500000.0,2_261
2,1310000000,1315000000,8,1312500000.0,2_262
2,1315000000,1320000000,6,1317500000.0,2_263
2,1320000000,1325000000,11,1322500000.0,2_264
2,1325000000,1330000000,2,1327500000.0,2_265
2,1330000000,1335000000,5,1332500000.0,2_266
2,1335000000,1340000000,2,1337500000.0,2_267
2,1340000000,1345000000,10,1342500000.0,2_268
2,1345000000,1350000000,2,1347500000.0,2_269
2,1350000000,1355000000,9,1352500000.0,2_270
2,1355000000,1360000000,0,1357500000.0,2_271
2,1360000000,1365000000,2,1362500000.0,2_272
2,1365000000,1370000000,8,1367500000.0,2_273
2,1370000000,1375000000,13,1372500000.0,2_274
2,1375000000,1380000000,6,1377500000.0,2_275
2,1380000000,1385000000,8,1382500000.0,2_276
2,1385000000,1390000000,21,1387500000.0,2_277
2,1390000000,1395000000,13,1392500000.0,2_278
2,1395000000,1400000000,0,1397500000.0,2_279
2,1400000000,1405000000,10,1402500000.0,2_280
2,1405000000,1410000000,8,1407500000.0,2_281
2,1410000000,1415000000,16,1412500000.0,2_282
2,1415000000,1420000000,20,1417500000.0,2_283
2,1420000000,1425000000,2,1422500000.0,2_284
2,1425000000,1430000000,5,1427500000.0,2_285
2,1430000000,1435000000,5,1432500000.0,2_286
2,1435000000,1440000000,13,1437500000.0,2_287
2,1440000000,1445000000,15,1442500000.0,2_288
2,1445000000,1450000000,11,1447500000.0,2_289
2,1450000000,1455000000,8,1452500000.0,2_290
2,1455000000,1460000000,0,1457500000.0,2_291
2,1460000000,1465000000,5,1462500000.0,2_292
2,1465000000,1470000000,0,1467500000.0,2_293
2,1470000000,1475000000,18,1472500000.0,2_294
2,1475000000,1480000000,11,1477500000.0,2_295
2,1480000000,1485000000,5,1482500000.0,2_296
2,1485000000,1490000000,0,1487500000.0,2_297
2,1490000000,1495000000,6,1492500000.0,2_298
2,1495000000,1500000000,10,1497500000.0,2_299
2,1500000000,1505000000,18,1502500000.0,2_300
2,1505000000,1510000000,11,1507500000.0,2_301
2,1510000000,1515000000,2,1512500000.0,2_302
2,1515000000,1520000000,6,1517500000.0,2_303
2,1520000000,1525000000,10,1522500000.0,2_304
2,1525000000,1530000000,9,1527500000.0,2_305
2,1530000000,1535000000,5,1532500000.0,2_306
2,1535000000,1540000000,10,1537500000.0,2_307
2,1540000000,1545000000,4,1542500000.0,2_308
2,1545000000,1550000000,9,1547500000.0,2_309
2,1550000000,1555000000,1,1552500000.0,2_310
2,1555000000,1560000000,10,1557500000.0,2_311
2,1560000000,1565000000,13,1562500000.0,2_312
2,1565000000,1570000000,4,1567500000.0,2_313
2,1570000000,1575000000,8,1572500000.0,2_314
2,1575000000,1580000000,1,1577500000.0,2_315
2,1580000000,1585000000,15,1582500000.0,2_316
2,1585000000,1590000000,0,1587500000.0,2_317
2,1590000000,1595000000,6,1592500000.0,2_318
2,1595000000,1600000000,2,1597500000.0,2_319
2,1600000000,1605000000,5,1602500000.0,2_320
2,1605000000,1610000000,10,1607500000.0,2_321
2,1610000000,1615000000,2,1612500000.0,2_322
2,1615000000,1620000000,8,1617500000.0,2_323
2,1620000000,1625000000,3,1622500000.0,2_324
2,1625000000,1630000000,1,1627500000.0,2_325
2,1630000000,1635000000,7,1632500000.0,2_326
2,1635000000,1640000000,10,1637500000.0,2_327
2,1640000000,1645000000,7,1642500000.0,2_328
2,1645000000,1650000000,13,1647500000.0,2_329
2,1650000000,1655000000,17,1652500000.0,2_330
2,1655000000,1660000000,7,1657500000.0,2_331
2,1660000000,1665000000,17,1662500000.0,2_332
2,1665000000,1670000000,4,1667500000.0,2_333
2,1670000000,1675000000,6,1672500000.0,2_334
2,1675000000,1680000000,11,1677500000.0,2_335
2,1680000000,1685000000,20,1682500000.0,2_336
2,1685000000,1690000000,14,1687500000.0,2_337
2,1690000000,1695000000,6,1692500000.0,2_338
2,1695000000,1700000000,12,1697500000.0,2_339
2,1700000000,1705000000,2,1702500000.0,2_340
2,1705000000,1710000000,11,1707500000.0,2_341
3,0,5000000,26,2500000.0,3_0
3,5000000,10000000,14,7500000.0,3_1
3,10000000,15000000,6,12500000.0,3_2
3,15000000,20000000,6,17500000.0,3_3
3,20000000,25000000,11,22500000.0,3_4
3,25000000,30000000,19,27500000.0,3_5
3,30000000,35000000,4,32500000.0,3_6
3,35000000,40000000,19,37500000.0,3_7
3,40000000,45000000,4,42500000.0,3_8
3,45000000,50000000,1,47500000.0,3_9
3,50000000,55000000,21,52500000.0,3_10
3,55000000,60000000,16,57500000.0,3_11
3,60000000,65000000,21,62500000.0,3_12
3,65000000,70000000,4,67500000.0,3_13
3,70000000,75000000,1,72500000.0,3_14
3,75000000,80000000,9,77500000.0,3_15
3,80000000,85000000,3,82500000.0,3_16
3,85000000,90000000,6,87500000.0,3_17
3,90000000,95000000,3,92500000.0,3_18
3,95000000,100000000,9,97500000.0,3_19
3,100000000,105000000,8,102500000.0,3_20
3,105000000,110000000,13,107500000.0,3_21
3,110000000,115000000,6,112500000.0,3_22
3,115000000,120000000,14,117500000.0,3_23
3,120000000,125000000,36,122500000.0,3_24
3,125000000,130000000,4,127500000.0,3_25
3,130000000,135000000,9,132500000.0,3_26
3,135000000,140000000,18,137500000.0,3_27
3,140000000,145000000,13,142500000.0,3_28
3,145000000,150000000,4,147500000.0,3_29
3,150000000,155000000,8,152500000.0,3_30
3,155000000,160000000,8,157500000.0,3_31
3,160000000,165000000,7,162500000.0,3_32
3,165000000,170000000,13,167500000.0,3_33
3,170000000,175000000,17,172500000.0,3_34
3,175000000,180000000,18,177500000.0,3_35
3,180000000,185000000,3,182500000.0,3_36
3,185000000,190000000,10,187500000.0,3_37
3,190000000,195000000,5,192500000.0,3_38
3,195000000,200000000,5,197500000.0,3_39
3,200000000,205000000,3,202500000.0,3_40
3,205000000,210000000,7,207500000.0,3_41
3,210000000,215000000,4,212500000.0,3_42
3,215000000,220000000,3,217500000.0,3_43
3,220000000,225000000,14,222500000.0,3_44
3,225000000,230000000,21,227500000.0,3_45
3,230000000,235000000,5,232500000.0,3_46
3,235000000,240000000,5,237500000.0,3_47
3,240000000,245000000,6,242500000.0,3_48
3,245000000,250000000,12,247500000.0,3_49
3,250000000,255000000,8,252500000.0,3_50
3,255000000,260000000,11,257500000.0,3_51
3,260000000,265000000,4,262500000.0,3_52
3,265000000,270000000,5,267500000.0,3_53
3,270000000,275000000,1,272500000.0,3_54
3,275000000,280000000,3,277500000.0,3_55
3,280000000,285000000,10,282500000.0,3_56
3,285000000,290000000,9,287500000.0,3_57
3,290000000,295000000,9,292500000.0,3_58
3,295000000,300000000,1,297500000.0,3_59
3,300000000,305000000,3,302500000.0,3_60
3,305000000,310000000,8,307500000.0,3_61
3,310000000,315000000,8,312500000.0,3_62
3,315000000,320000000,9,317500000.0,3_63
3,320000000,325000000,15,322500000.0,3_64
3,325000000,330000000,2,327500000.0,3_65
3,330000000,335000000,5,332500000.0,3_66
3,335000000,340000000,32,337500000.0,3_67
3,340000000,345000000,10,342500000.0,3_68
3,345000000,350000000,5,347500000.0,3_69
3,350000000,355000000,13,352500000.0,3_70
3,355000000,360000000,15,357500000.0,3_71
3,360000000,365000000,13,362500000.0,3_72
3,365000000,370000000,0,367500000.0,3_73
3,370000000,375000000,1,372500000.0,3_74
3,375000000,380000000,8,377500000.0,3_75
3,380000000,385000000,6,382500000.0,3_76
3,385000000,390000000,1,387500000.0,3_77
3,390000000,395000000,4,392500000.0,3_78
3,395000000,400000000,12,397500000.0,3_79
3,400000000,405000000,0,402500000.0,3_80
3,405000000,410000000,4,407500000.0,3_81
3,410000000,415000000,9,412500000.0,3_82
3,415000000,420000000,13,417500000.0,3_83
3,420000000,425000000,3,422500000.0,3_84
3,425000000,430000000,7,427500000.0,3_85
3,430000000,435000000,3,432500000.0,3_86
3,435000000,440000000,9,437500000.0,3_87
3,440000000,445000000,3,442500000.0,3_88
3,445000000,450000000,3,447500000.0,3_89
3,450000000,455000000,0,452500000.0,3_90
3,455000000,460000000,7,457500000.0,3_91
3,460000000,465000000,11,462500000.0,3_92
3,465000000,470000000,2,467500000.0,3_93
3,470000000,475000000,11,472500000.0,3_94
3,475000000,480000000,5,477500000.0,3_95
3,480000000,485000000,12,482500000.0,3_96
3,485000000,490000000,20,487500000.0,3_97
3,490000000,495000000,2,492500000.0,3_98
3,495000000,500000000,18,497500000.0,3_99
3,500000000,505000000,14,502500000.0,3_100
3,505000000,510000000,5,507500000.0,3_101
3,510000000,515000000,6,512500000.0,3_102
3,515000000,520000000,5,517500000.0,3_103
3,520000000,525000000,14,522500000.0,3_104
3,525000000,530000000,16,527500000.0,3_105
3,530000000,535000000,16,532500000.0,3_106
3,535000000,540000000,9,537500000.0,3_107
3,540000000,545000000,4,542500000.0,3_108
3,545000000,550000000,1,547500000.0,3_109
3,550000000,555000000,9,552500000.0,3_110
3,555000000,560000000,11,557500000.0,3_111
3,560000000,565000000,15,562500000.0,3_112
3,565000000,570000000,5,567500000.0,3_113
3,570000000,575000000,15,572500000.0,3_114
3,575000000,580000000,14,577500000.0,3_115
3,580000000,585000000,13,582500000.0,3_116
3,585000000,590000000,14,587500000.0,3_117
3,590000000,595000000,8,592500000.0,3_118
3,595000000,600000000,2,597500000.0,3_119
3,600000000,605000000,20,602500000.0,3_120
3,605000000,610000000,9,607500000.0,3_121
3,610000000,615000000,6,612500000.0,3_122
3,615000000,620000000,12,617500000.0,3_123
3,620000000,625000000,15,622500000.0,3_124
3,625000000,630000000,2,627500000.0,3_125
3,630000000,635000000,7,632500000.0,3_126
3,635000000,640000000,2,637500000.0,3_127
3,640000000,645000000,5,642500000.0,3_128
3,645000000,650000000,1,647500000.0,3_129
3,650000000,655000000,0,652500000.0,3_130
3,655000000,660000000,0,657500000.0,3_131
3,660000000,665000000,0,662500000.0,3_132
3,665000000,670000000,26,667500000.0,3_133
3,670000000,675000000,6,672500000.0,3_134
3,675000000,680000000,5,677500000.0,3_135
3,680000000,685000000,9,682500000.0,3_136
3,685000000,690000000,29,687500000.0,3_137
3,690000000,695000000,4,692500000.0,3_138
3,695000000,700000000,4,697500000.0,3_139
3,700000000,705000000,8,702500000.0,3_140
3,705000000,710000000,10,707500000.0,3_141
3,710000000,715000000,30,712500000.0,3_142
3,715000000,720000000,12,717500000.0,3_143
3,720000000,725000000,10,722500000.0,3_144
3,725000000,730000000,1,727500000.0,3_145
3,730000000,735000000,5,732500000.0,3_146
3,735000000,740000000,4,737500000.0,3_147
3,740000000,745000000,9,742500000.0,3_148
3,745000000,750000000,9,747500000.0,3_149
3,750000000,755000000,11,752500000.0,3_150
3,755000000,760000000,4,757500000.0,3_151
3,760000000,765000000,3,762500000.0,3_152
3,765000000,770000000,5,767500000.0,3_153
3,770000000,775000000,11,772500000.0,3_154
3,775000000,780000000,2,777500000.0,3_155
3,780000000,785000000,6,782500000.0,3_156
3,785000000,790000000,16,787500000.0,3_157
3,790000000,795000000,12,792500000.0,3_158
3,795000000,800000000,17,797500000.0,3_159
3,800000000,805000000,5,802500000.0,3_160
3,805000000,810000000,6,807500000.0,3_161
3,810000000,815000000,6,812500000.0,3_162
3,815000000,820000000,9,817500000.0,3_163
3,820000000,825000000,12,822500000.0,3_164
3,825000000,830000000,15,827500000.0,3_165
3,830000000,835000000,3,832500000.0,3_166
3,835000000,840000000,7,837500000.0,3_167
3,840000000,845000000,3,842500000.0,3_168
3,845000000,850000000,4,847500000.0,3_169
3,850000000,855000000,0,852500000.0,3_170
3,855000000,860000000,6,857500000.0,3_171
3,860000000,865000000,2,862500000.0,3_172
3,865000000,870000000,1,867500000.0,3_173
3,870000000,875000000,16,872500000.0,3_174
3,875000000,880000000,13,877500000.0,3_175
3,880000000,885000000,5,882500000.0,3_176
3,885000000,890000000,1,887500000.0,3_177
3,890000000,895000000,1,892500000.0,3_178
3,895000000,900000000,5,897500000.0,3_179
3,900000000,905000000,2,902500000.0,3_180
3,905000000,910000000,21,907500000.0,3_181
3,910000000,915000000,2,912500000.0,3_182
3,915000000,920000000,4,917500000.0,3_183
3,920000000,925000000,11,922500000.0,3_184
3,925000000,930000000,3,927500000.0,3_185
3,930000000,935000000,6,932500000.0,3_186
3,935000000,940000000,6,937500000.0,3_187
3,940000000,945000000,3,942500000.0,3_188
3,945000000,950000000,0,947500000.0,3_189
3,950000000,955000000,20,952500000.0,3_190
3,955000000,960000000,9,957500000.0,3_191
3,960000000,965000000,23,962500000.0,3_192
3,965000000,970000000,1,967500000.0,3_193
3,970000000,975000000,6,972500000.0,3_194
3,975000000,980000000,48,977500000.0,3_195
3,980000000,985000000,8,982500000.0,3_196
3,985000000,990000000,2,987500000.0,3_197
3,990000000,995000000,5,992500000.0,3_198
3,995000000,1000000000,1,997500000.0,3_199
3,1000000000,1005000000,1,1002500000.0,3_200
3,1005000000,1010000000,29,1007500000.0,3_201
3,1010000000,1015000000,12,1012500000.0,3_202
3,1015000000,1020000000,1,1017500000.0,3_203
3,1020000000,1025000000,10,1022500000.0,3_204
3,1025000000,1030000000,4,1027500000.0,3_205
3,1030000000,1035000000,19,1032500000.0,3_206
3,1035000000,1040000000,10,1037500000.0,3_207
3,1040000000,1045000000,0,1042500000.0,3_208
3,1045000000,1050000000,1,1047500000.0,3_209
3,1050000000,1055000000,4,1052500000.0,3_210
3,1055000000,1060000000,2,1057500000.0,3_211
3,1060000000,1065000000,20,1062500000.0,3_212
3,1065000000,1070000000,16,1067500000.0,3_213
3,1070000000,1075000000,1,1072500000.0,3_214
3,1075000000,1080000000,3,1077500000.0,3_215
3,1080000000,1085000000,10,1082500000.0,3_216
3,1085000000,1090000000,13,1087500000.0,3_217
3,1090000000,1095000000,11,1092500000.0,3_218
3,1095000000,1100000000,15,1097500000.0,3_219
3,1100000000,1105000000,17,1102500000.0,3_220
3,1105000000,1110000000,5,1107500000.0,3_221
3,1110000000,1115000000,0,1112500000.0,3_222
3,1115000000,1120000000,11,1117500000.0,3_223
3,1120000000,1125000000,1,1122500000.0,3_224
3,1125000000,1130000000,1,1127500000.0,3_225
3,1130000000,1135000000,13,1132500000.0,3_226
3,1135000000,1140000000,6,1137500000.0,3_227
3,1140000000,1145000000,2,1142500000.0,3_228
3,1145000000,1150000000,2,1147500000.0,3_229
3,1150000000,1155000000,6,1152500000.0,3_230
3,1155000000,1160000000,7,1157500000.0,3_231
3,1160000000,1165000000,11,1162500000.0,3_232
3,1165000000,1170000000,3,1167500000.0,3_233
3,1170000000,1175000000,19,1172500000.0,3_234
3,1175000000,1180000000,16,1177500000.0,3_235
3,1180000000,1185000000,5,1182500000.0,3_236
3,1185000000,1190000000,4,1187500000.0,3_237
3,1190000000,1195000000,8,1192500000.0,3_238
3,1195000000,1200000000,8,1197500000.0,3_239
3,1200000000,1205000000,3,1202500000.0,3_240
3,1205000000,1210000000,7,1207500000.0,3_241
3,1210000000,1215000000,9,1212500000.0,3_242
3,1215000000,1220000000,0,1217500000.0,3_243
3,1220000000,1225000000,3,1222500000.0,3_244
3,1225000000,1230000000,2,1227500000.0,3_245
3,1230000000,1235000000,9,1232500000.0,3_246
3,1235000000,1240000000,8,1237500000.0,3_247
3,1240000000,1245000000,10,1242500000.0,3_248
3,1245000000,1250000000,3,1247500000.0,3_249
3,1250000000,1255000000,0,1252500000.0,3_250
3,1255000000,1260000000,3,1257500000.0,3_251
3,1260000000,1265000000,1,1262500000.0,3_252
3,1265000000,1270000000,18,1267500000.0,3_253
3,1270000000,1275000000,2,1272500000.0,3_254
3,1275000000,1280000000,5,1277500000.0,3_255
3,1280000000,1285000000,5,1282500000.0,3_256
3,1285000000,1290000000,13,1287500000.0,3_257
3,1290000000,1295000000,3,1292500000.0,3_258
3,1295000000,1300000000,5,1297500000.0,3_259
3,1300000000,1305000000,5,1302500000.0,3_260
3,1305000000,1310000000,0,1307500000.0,3_261
3,1310000000,1315000000,2,1312500000.0,3_262
3,1315000000,1320000000,6,1317500000.0,3_263
3,1320000000,1325000000,12,1322500000.0,3_264
3,1325000000,1330000000,0,1327500000.0,3_265
3,1330000000,1335000000,11,1332500000.0,3_266
3,1335000000,1340000000,3,1337500000.0,3_267
3,1340000000,1345000000,4,1342500000.0,3_268
3,1345000000,1350000000,2,1347500000.0,3_269
3,1350000000,1355000000,4,1352500000.0,3_270
3,1355000000,1360000000,4,1357500000.0,3_271
3,1360000000,1365000000,9,1362500000.0,3_272
3,1365000000,1370000000,6,1367500000.0,3_273
3,1370000000,1375000000,6,1372500000.0,3_274
3,1375000000,1380000000,17,1377500000.0,3_275
3,1380000000,1385000000,5,1382500000.0,3_276
3,1385000000,1390000000,3,1387500000.0,3_277
3,1390000000,1395000000,10,1392500000.0,3_278
3,1395000000,1400000000,16,1397500000.0,3_279
3,1400000000,1405000000,3,1402500000.0,3_280
3,1405000000,1410000000,5,1407500000.0,3_281
3,1410000000,1415000000,11,1412500000.0,3_282
3,1415000000,1420000000,0,1417500000.0,3_283
3,1420000000,1425000000,1,1422500000.0,3_284
3,1425000000,1430000000,8,1427500000.0,3_285
3,1430000000,1435000000,3,1432500000.0,3_286
3,1435000000,1440000000,7,1437500000.0,3_287
3,1440000000,1445000000,4,1442500000.0,3_288
3,1445000000,1450000000,8,1447500000.0,3_289
3,1450000000,1455000000,1,1452500000.0,3_290
3,1455000000,1460000000,13,1457500000.0,3_291
3,1460000000,1465000000,6,1462500000.0,3_292
3,1465000000,1470000000,7,1467500000.0,3_293
3,1470000000,1475000000,18,1472500000.0,3_294
3,1475000000,1480000000,11,1477500000.0,3_295
3,1480000000,1485000000,0,1482500000.0,3_296
3,1485000000,1490000000,1,1487500000.0,3_297
3,1490000000,1495000000,7,1492500000.0,3_298
3,1495000000,1500000000,0,1497500000.0,3_299
3,1500000000,1505000000,6,1502500000.0,3_300
3,1505000000,1510000000,14,1507500000.0,3_301
3,1510000000,1515000000,7,1512500000.0,3_302
3,1515000000,1520000000,5,1517500000.0,3_303
3,1520000000,1525000000,3,1522500000.0,3_304
3,1525000000,1530000000,2,1527500000.0,3_305
4,0,5000000,3,2500000.0,4_0
4,5000000,10000000,16,7500000.0,4_1
4,10000000,15000000,0,12500000.0,4_2
4,15000000,20000000,17,17500000.0,4_3
4,20000000,25000000,0,22500000.0,4_4
4,25000000,30000000,8,27500000.0,4_5
4,30000000,35000000,2,32500000.0,4_6
4,35000000,40000000,4,37500000.0,4_7
4,40000000,45000000,8,42500000.0,4_8
4,45000000,50000000,10,47500000.0,4_9
4,50000000,55000000,2,52500000.0,4_10
4,55000000,60000000,1,57500000.0,4_11
4,60000000,65000000,4,62500000.0,4_12
4,65000000,70000000,14,67500000.0,4_13
4,70000000,75000000,6,72500000.0,4_14
4,75000000,80000000,16,77500000.0,4_15
4,80000000,85000000,22,82500000.0,4_16
4,85000000,90000000,16,87500000.0,4_17
4,90000000,95000000,8,92500000.0,4_18
4,95000000,100000000,14,97500000.0,4_19
4,100000000,105000000,2,102500000.0,4_20
4,105000000,110000000,4,107500000.0,4_21
4,110000000,115000000,4,112500000.0,4_22
4,115000000,120000000,14,117500000.0,4_23
4,120000000,125000000,7,122500000.0,4_24
4,125000000,130000000,6,127500000.0,4_25
4,130000000,135000000,5,132500000.0,4_26
4,135000000,140000000,6,137500000.0,4_27
4,140000000,145000000,8,142500000.0,4_28
4,145000000,150000000,1,147500000.0,4_29
4,150000000,155000000,8,152500000.0,4_30
4,155000000,160000000,2,157500000.0,4_31
4,160000000,165000000,5,162500000.0,4_32
4,165000000,170000000,3,167500000.0,4_33
4,170000000,175000000,2,172500000.0,4_34
4,175000000,180000000,5,177500000.0,4_35
4,180000000,185000000,9,182500000.0,4_36
4,185000000,190000000,6,187500000.0,4_37
4,190000000,195000000,8,192500000.0,4_38
4,195000000,200000000,4,197500000.0,4_39
4,200000000,205000000,28,202500000.0,4_40
4,205000000,210000000,17,207500000.0,4_41
4,210000000,215000000,3,212500000.0,4_42
4,215000000,220000000,2,217500000.0,4_43
4,220000000,225000000,18,222500000.0,4_44
4,225000000,230000000,16,227500000.0,4_45
4,230000000,235000000,15,232500000.0,4_46
4,235000000,240000000,10,237500000.0,4_47
4,240000000,245000000,1,242500000.0,4_48
4,245000000,250000000,2,247500000.0,4_49
4,250000000,255000000,10,252500000.0,4_50
4,255000000,260000000,1,257500000.0,4_51
4,260000000,265000000,10,262500000.0,4_52
4,265000000,270000000,5,267500000.0,4_53
4,270000000,275000000,7,272500000.0,4_54
4,275000000,280000000,4,277500000.0,4_55
4,280000000,285000000,16,282500000.0,4_56
4,285000000,290000000,8,287500000.0,4_57
4,290000000,295000000,20,292500000.0,4_58
4,295000000,300000000,18,297500000.0,4_59
4,300000000,305000000,13,302500000.0,4_60
4,305000000,310000000,6,307500000.0,4_61
4,310000000,315000000,2,312500000.0,4_62
4,315000000,320000000,6,317500000.0,4_63
4,320000000,325000000,9,322500000.0,4_64
4,325000000,330000000,1,327500000.0,4_65
4,330000000,335000000,2,332500000.0,4_66
4,335000000,340000000,5,337500000.0,4_67
4,340000000,345000000,1,342500000.0,4_68
4,345000000,350000000,4,347500000.0,4_69
4,350000000,355000000,9,352500000.0,4_70
4,355000000,360000000,4,357500000.0,4_71
4,360000000,365000000,23,362500000.0,4_72
4,365000000,370000000,6,367500000.0,4_73
4,370000000,375000000,2,372500000.0,4_74
4,375000000,380000000,3,377500000.0,4_75
4,380000000,385000000,10,382500000.0,4_76
4,385000000,390000000,24,387500000.0,4_77
4,390000000,395000000,9,392500000.0,4_78
4,395000000,400000000,12,397500000.0,4_79
4,400000000,405000000,1,402500000.0,4_80
4,405000000,410000000,0,407500000.0,4_81
4,410000000,415000000,2,412500000.0,4_82
4,415000000,420000000,14,417500000.0,4_83
4,420000000,425000000,13,422500000.0,4_84
4,425000000,430000000,16,427500000.0,4_85
4,430000000,435000000,41,432500000.0,4_86
4,435000000,440000000,14,437500000.0,4_87
4,440000000,445000000,9,442500000.0,4_88
4,445000000,450000000,17,447500000.0,4_89
4,450000000,455000000,15,452500000.0,4_90
4,455000000,460000000,8,457500000.0,4_91
4,460000000,465000000,9,462500000.0,4_92
4,465000000,470000000,12,467500000.0,4_93
4,470000000,475000000,8,472500000.0,4_94
4,475000000,480000000,10,477500000.0,4_95
4,480000000,485000000,8,482500000.0,4_96
4,485000000,490000000,9,487500000.0,4_97
4,490000000,495000000,8,492500000.0,4_98
4,495000000,500000000,15,497500000.0,4_99
4,500000000,505000000,12,502500000.0,4_100
4,505000000,510000000,9,507500000.0,4_101
4,510000000,515000000,17,512500000.0,4_102
4,515000000,520000000,14,517500000.0,4_103
4,520000000,525000000,1,522500000.0,4_104
4,525000000,530000000,3,527500000.0,4_105
4,530000000,535000000,12,532500000.0,4_106
4,535000000,540000000,6,537500000.0,4_107
4,540000000,545000000,1,542500000.0,4_108
4,545000000,550000000,0,547500000.0,4_109
4,550000000,555000000,0,552500000.0,4_110
4,555000000,560000000,0,557500000.0,4_111
4,560000000,565000000,27,562500000.0,4_112
4,565000000,570000000,7,567500000.0,4_113
4,570000000,575000000,10,572500000.0,4_114
4,575000000,580000000,9,577500000.0,4_115
4,580000000,585000000,15,582500000.0,4_116
4,585000000,590000000,15,587500000.0,4_117
4,590000000,595000000,9,592500000.0,4_118
4,595000000,600000000,1,597500000.0,4_119
4,600000000,605000000,11,602500000.0,4_120
4,605000000,610000000,0,607500000.0,4_121
4,610000000,615000000,0,612500000.0,4_122
4,615000000,620000000,0,617500000.0,4_123
4,620000000,625000000,0,622500000.0,4_124
4,625000000,630000000,0,627500000.0,4_125
4,630000000,635000000,0,632500000.0,4_126
4,635000000,640000000,0,637500000.0,4_127
4,640000000,645000000,3,642500000.0,4_128
4,645000000,650000000,12,647500000.0,4_129
4,650000000,655000000,9,652500000.0,4_130
4,655000000,660000000,6,657500000.0,4_131
4,660000000,665000000,8,662500000.0,4_132
4,665000000,670000000,9,667500000.0,4_133
4,670000000,675000000,8,672500000.0,4_134
4,675000000,680000000,6,677500000.0,4_135
4,680000000,685000000,9,682500000.0,4_136
4,685000000,690000000,5,687500000.0,4_137
4,690000000,695000000,1,692500000.0,4_138
4,695000000,700000000,2,697500000.0,4_139
4,700000000,705000000,8,702500000.0,4_140
4,705000000,710000000,23,707500000.0,4_141
4,710000000,715000000,7,712500000.0,4_142
4,715000000,720000000,3,717500000.0,4_143
4,720000000,725000000,5,722500000.0,4_144
4,725000000,730000000,9,727500000.0,4_145
4,730000000,735000000,1,732500000.0,4_146
4,735000000,740000000,3,737500000.0,4_147
4,740000000,745000000,8,742500000.0,4_148
4,745000000,750000000,6,747500000.0,4_149
4,750000000,755000000,8,752500000.0,4_150
4,755000000,760000000,15,757500000.0,4_151
4,760000000,765000000,7,762500000.0,4_152
4,765000000,770000000,21,767500000.0,4_153
4,770000000,775000000,4,772500000.0,4_154
4,775000000,780000000,7,777500000.0,4_155
4,780000000,785000000,10,782500000.0,4_156
4,785000000,790000000,1,787500000.0,4_157
4,790000000,795000000,4,792500000.0,4_158
4,795000000,800000000,1,797500000.0,4_159
4,800000000,805000000,3,802500000.0,4_160
4,805000000,810000000,16,807500000.0,4_161
4,810000000,815000000,12,812500000.0,4_162
4,815000000,820000000,2,817500000.0,4_163
4,820000000,825000000,2,822500000.0,4_164
4,825000000,830000000,12,827500000.0,4_165
4,830000000,835000000,4,832500000.0,4_166
4,835000000,840000000,12,837500000.0,4_167
4,840000000,845000000,13,842500000.0,4_168
4,845000000,850000000,6,847500000.0,4_169
4,850000000,855000000,9,852500000.0,4_170
4,855000000,860000000,3,857500000.0,4_171
4,860000000,865000000,7,862500000.0,4_172
4,865000000,870000000,8,867500000.0,4_173
4,870000000,875000000,2,872500000.0,4_174
4,875000000,880000000,0,877500000.0,4_175
4,880000000,885000000,8,882500000.0,4_176
4,885000000,890000000,5,887500000.0,4_177
4,890000000,895000000,0,892500000.0,4_178
4,895000000,900000000,2,897500000.0,4_179
4,900000000,905000000,3,902500000.0,4_180
4,905000000,910000000,12,907500000.0,4_181
4,910000000,915000000,6,912500000.0,4_182
4,915000000,920000000,1,917500000.0,4_183
4,920000000,925000000,5,922500000.0,4_184
4,925000000,930000000,1,927500000.0,4_185
4,930000000,935000000,1,932500000.0,4_186
4,935000000,940000000,19,937500000.0,4_187
4,940000000,945000000,8,942500000.0,4_188
4,945000000,950000000,4,947500000.0,4_189
4,950000000,955000000,7,952500000.0,4_190
4,955000000,960000000,2,957500000.0,4_191
4,960000000,965000000,5,962500000.0,4_192
4,965000000,970000000,3,967500000.0,4_193
4,970000000,975000000,4,972500000.0,4_194
4,975000000,980000000,3,977500000.0,4_195
4,980000000,985000000,7,982500000.0,4_196
4,985000000,990000000,23,987500000.0,4_197
4,990000000,995000000,6,992500000.0,4_198
4,995000000,1000000000,3,997500000.0,4_199
4,1000000000,1005000000,19,1002500000.0,4_200
4,1005000000,1010000000,4,1007500000.0,4_201
4,1010000000,1015000000,29,1012500000.0,4_202
4,1015000000,1020000000,11,1017500000.0,4_203
4,1020000000,1025000000,7,1022500000.0,4_204
4,1025000000,1030000000,5,1027500000.0,4_205
4,1030000000,1035000000,12,1032500000.0,4_206
4,1035000000,1040000000,8,1037500000.0,4_207
4,1040000000,1045000000,2,1042500000.0,4_208
4,1045000000,1050000000,1,1047500000.0,4_209
4,1050000000,1055000000,5,1052500000.0,4_210
4,1055000000,1060000000,34,1057500000.0,4_211
4,1060000000,1065000000,2,1062500000.0,4_212
4,1065000000,1070000000,9,1067500000.0,4_213
4,1070000000,1075000000,4,1072500000.0,4_214
4,1075000000,1080000000,12,1077500000.0,4_215
4,1080000000,1085000000,1,1082500000.0,4_216
4,1085000000,1090000000,9,1087500000.0,4_217
4,1090000000,1095000000,16,1092500000.0,4_218
4,1095000000,1100000000,11,1097500000.0,4_219
4,1100000000,1105000000,3,1102500000.0,4_220
4,1105000000,1110000000,10,1107500000.0,4_221
4,1110000000,1115000000,8,1112500000.0,4_222
4,1115000000,1120000000,3,1117500000.0,4_223
4,1120000000,1125000000,4,1122500000.0,4_224
4,1125000000,1130000000,4,1127500000.0,4_225
4,1130000000,1135000000,3,1132500000.0,4_226
4,1135000000,1140000000,7,1137500000.0,4_227
4,1140000000,1145000000,4,1142500000.0,4_228
4,1145000000,1150000000,12,1147500000.0,4_229
4,1150000000,1155000000,9,1152500000.0,4_230
4,1155000000,1160000000,4,1157500000.0,4_231
4,1160000000,1165000000,6,1162500000.0,4_232
4,1165000000,1170000000,2,1167500000.0,4_233
4,1170000000,1175000000,7,1172500000.0,4_234
4,1175000000,1180000000,7,1177500000.0,4_235
4,1180000000,1185000000,4,1182500000.0,4_236
4,1185000000,1190000000,2,1187500000.0,4_237
4,1190000000,1195000000,25,1192500000.0,4_238
4,1195000000,1200000000,3,1197500000.0,4_239
4,1200000000,1205000000,4,1202500000.0,4_240
4,1205000000,1210000000,4,1207500000.0,4_241
4,1210000000,1215000000,2,1212500000.0,4_242
4,1215000000,1220000000,11,1217500000.0,4_243
4,1220000000,1225000000,1,1222500000.0,4_244
4,1225000000,1230000000,17,1227500000.0,4_245
4,1230000000,1235000000,7,1232500000.0,4_246
4,1235000000,1240000000,11,1237500000.0,4_247
4,1240000000,1245000000,11,1242500000.0,4_248
4,1245000000,1250000000,8,1247500000.0,4_249
4,1250000000,1255000000,5,1252500000.0,4_250
4,1255000000,1260000000,13,1257500000.0,4_251
4,1260000000,1265000000,14,1262500000.0,4_252
4,1265000000,1270000000,15,1267500000.0,4_253
4,1270000000,1275000000,2,1272500000.0,4_254
4,1275000000,1280000000,1,1277500000.0,4_255
4,1280000000,1285000000,0,1282500000.0,4_256
4,1285000000,1290000000,5,1287500000.0,4_257
4,1290000000,1295000000,2,1292500000.0,4_258
4,1295000000,1300000000,17,1297500000.0,4_259
4,1300000000,1305000000,3,1302500000.0,4_260
4,1305000000,1310000000,15,1307500000.0,4_261
4,1310000000,1315000000,8,1312500000.0,4_262
4,1315000000,1320000000,1,1317500000.0,4_263
4,1320000000,1325000000,4,1322500000.0,4_264
4,1325000000,1330000000,4,1327500000.0,4_265
4,1330000000,1335000000,14,1332500000.0,4_266
4,1335000000,1340000000,6,1337500000.0,4_267
4,1340000000,1345000000,1,1342500000.0,4_268
4,1345000000,1350000000,1,1347500000.0,4_269
4,1350000000,1355000000,7,1352500000.0,4_270
4,1355000000,1360000000,12,1357500000.0,4_271
4,1360000000,1365000000,2,1362500000.0,4_272
4,1365000000,1370000000,7,1367500000.0,4_273
4,1370000000,1375000000,7,1372500000.0,4_274
4,1375000000,1380000000,3,1377500000.0,4_275
4,1380000000,1385000000,1,1382500000.0,4_276
4,1385000000,1390000000,6,1387500000.0,4_277
4,1390000000,1395000000,17,1392500000.0,4_278
4,1395000000,1400000000,0,1397500000.0,4_279
4,1400000000,1405000000,5,1402500000.0,4_280
4,1405000000,1410000000,7,1407500000.0,4_281
4,1410000000,1415000000,11,1412500000.0,4_282
4,1415000000,1420000000,9,1417500000.0,4_283
4,1420000000,1425000000,7,1422500000.0,4_284
4,1425000000,1430000000,9,1427500000.0,4_285
4,1430000000,1435000000,25,1432500000.0,4_286
4,1435000000,1440000000,2,1437500000.0,4_287
4,1440000000,1445000000,7,1442500000.0,4_288
4,1445000000,1450000000,23,1447500000.0,4_289
4,1450000000,1455000000,7,1452500000.0,4_290
4,1455000000,1460000000,0,1457500000.0,4_291
4,1460000000,1465000000,0,1462500000.0,4_292
4,1465000000,1470000000,4,1467500000.0,4_293
4,1470000000,1475000000,1,1472500000.0,4_294
4,1475000000,1480000000,4,1477500000.0,4_295
4,1480000000,1485000000,1,1482500000.0,4_296
4,1485000000,1490000000,0,1487500000.0,4_297
4,1490000000,1495000000,3,1492500000.0,4_298
4,1495000000,1500000000,5,1497500000.0,4_299
4,1500000000,1505000000,0,1502500000.0,4_300
4,1505000000,1510000000,17,1507500000.0,4_301
4,1510000000,1515000000,7,1512500000.0,4_302
4,1515000000,1520000000,6,1517500000.0,4_303
4,1520000000,1525000000,9,1522500000.0,4_304
4,1525000000,1530000000,4,1527500000.0,4_305
4,1530000000,1535000000,2,1532500000.0,4_306
4,1535000000,1540000000,7,1537500000.0,4_307
4,1540000000,1545000000,10,1542500000.0,4_308
4,1545000000,1550000000,17,1547500000.0,4_309
4,1550000000,1555000000,1,1552500000.0,4_310
4,1555000000,1560000000,1,1557500000.0,4_311
4,1560000000,1565000000,0,1562500000.0,4_312
4,1565000000,1570000000,1,1567500000.0,4_313
4,1570000000,1575000000,1,1572500000.0,4_314
4,1575000000,1580000000,6,1577500000.0,4_315
4,1580000000,1585000000,12,1582500000.0,4_316
4,1585000000,1590000000,2,1587500000.0,4_317
5,0,5000000,4,2500000.0,5_0
5,5000000,10000000,9,7500000.0,5_1
5,10000000,15000000,16,12500000.0,5_2
5,15000000,20000000,18,17500000.0,5_3
5,20000000,25000000,21,22500000.0,5_4
5,25000000,30000000,5,27500000.0,5_5
5,30000000,35000000,3,32500000.0,5_6
5,35000000,40000000,4,37500000.0,5_7
5,40000000,45000000,3,42500000.0,5_8
5,45000000,50000000,6,47500000.0,5_9
5,50000000,55000000,8,52500000.0,5_10
5,55000000,60000000,19,57500000.0,5_11
5,60000000,65000000,12,62500000.0,5_12
5,65000000,70000000,11,67500000.0,5_13
5,70000000,75000000,0,72500000.0,5_14
5,75000000,80000000,6,77500000.0,5_15
5,80000000,85000000,8,82500000.0,5_16
5,85000000,90000000,0,87500000.0,5_17
5,90000000,95000000,3,92500000.0,5_18
5,95000000,100000000,13,97500000.0,5_19
5,100000000,105000000,16,102500000.0,5_20
5,105000000,110000000,24,107500000.0,5_21
5,110000000,115000000,23,112500000.0,5_22
5,115000000,120000000,24,117500000.0,5_23
5,120000000,125000000,30,122500000.0,5_24
5,125000000,130000000,27,127500000.0,5_25
5,130000000,135000000,3,132500000.0,5_26
5,135000000,140000000,4,137500000.0,5_27
5,140000000,145000000,6,142500000.0,5_28
5,145000000,150000000,6,147500000.0,5_29
5,150000000,155000000,5,152500000.0,5_30
5,155000000,160000000,13,157500000.0,5_31
5,160000000,165000000,3,162500000.0,5_32
5,165000000,170000000,9,167500000.0,5_33
5,170000000,175000000,5,172500000.0,5_34
5,175000000,180000000,1,177500000.0,5_35
5,180000000,185000000,0,182500000.0,5_36
5,185000000,190000000,6,187500000.0,5_37
5,190000000,195000000,0,192500000.0,5_38
5,195000000,200000000,3,197500000.0,5_39
5,200000000,205000000,8,202500000.0,5_40
5,205000000,210000000,5,207500000.0,5_41
5,210000000,215000000,6,212500000.0,5_42
5,215000000,220000000,1,217500000.0,5_43
5,220000000,225000000,9,222500000.0,5_44
5,225000000,230000000,21,227500000.0,5_45
5,230000000,235000000,2,232500000.0,5_46
5,235000000,240000000,0,237500000.0,5_47
5,240000000,245000000,1,242500000.0,5_48
5,245000000,250000000,2,247500000.0,5_49
5,250000000,255000000,10,252500000.0,5_50
5,255000000,260000000,2,257500000.0,5_51
5,260000000,265000000,23,262500000.0,5_52
5,265000000,270000000,11,267500000.0,5_53
5,270000000,275000000,9,272500000.0,5_54
5,275000000,280000000,2,277500000.0,5_55
5,280000000,285000000,4,282500000.0,5_56
5,285000000,290000000,13,287500000.0,5_57
5,290000000,295000000,14,292500000.0,5_58
5,295000000,300000000,7,297500000.0,5_59
5,300000000,305000000,4,302500000.0,5_60
5,305000000,310000000,4,307500000.0,5_61
5,310000000,315000000,8,312500000.0,5_62
5,315000000,320000000,10,317500000.0,5_63
5,320000000,325000000,2,322500000.0,5_64
5,325000000,330000000,16,327500000.0,5_65
5,330000000,335000000,5,332500000.0,5_66
5,335000000,340000000,12,337500000.0,5_67
5,340000000,345000000,2,342500000.0,5_68
5,345000000,350000000,0,347500000.0,5_69
5,350000000,355000000,3,352500000.0,5_70
5,355000000,360000000,4,357500000.0,5_71
5,360000000,365000000,1,362500000.0,5_72
5,365000000,370000000,2,367500000.0,5_73
5,370000000,375000000,5,372500000.0,5_74
5,375000000,380000000,4,377500000.0,5_75
5,380000000,385000000,2,382500000.0,5_76
5,385000000,390000000,3,387500000.0,5_77
5,390000000,395000000,3,392500000.0,5_78
5,395000000,400000000,6,397500000.0,5_79
5,400000000,405000000,1,402500000.0,5_80
5,405000000,410000000,0,407500000.0,5_81
5,410000000,415000000,0,412500000.0,5_82
5,415000000,420000000,14,417500000.0,5_83
5,420000000,425000000,9,422500000.0,5_84
5,425000000,430000000,15,427500000.0,5_85
5,430000000,435000000,5,432500000.0,5_86
5,435000000,440000000,30,437500000.0,5_87
5,440000000,445000000,1,442500000.0,5_88
5,445000000,450000000,1,447500000.0,5_89
5,450000000,455000000,8,452500000.0,5_90
5,455000000,460000000,1,457500000.0,5_91
5,460000000,465000000,7,462500000.0,5_92
5,465000000,470000000,1,467500000.0,5_93
5,470000000,475000000,5,472500000.0,5_94
5,475000000,480000000,0,477500000.0,5_95
5,480000000,485000000,1,482500000.0,5_96
5,485000000,490000000,8,487500000.0,5_97
5,490000000,495000000,2,492500000.0,5_98
5,495000000,500000000,10,497500000.0,5_99
5,500000000,505000000,3,502500000.0,5_100
5,505000000,510000000,6,507500000.0,5_101
5,510000000,515000000,2,512500000.0,5_102
5,515000000,520000000,14,517500000.0,5_103
5,520000000,525000000,3,522500000.0,5_104
5,525000000,530000000,10,527500000.0,5_105
5,530000000,535000000,7,532500000.0,5_106
5,535000000,540000000,6,537500000.0,5_107
5,540000000,545000000,8,542500000.0,5_108
5,545000000,550000000,9,547500000.0,5_109
5,550000000,555000000,9,552500000.0,5_110
5,555000000,560000000,11,557500000.0,5_111
5,560000000,565000000,0,562500000.0,5_112
5,565000000,570000000,0,567500000.0,5_113
5,570000000,575000000,0,572500000.0,5_114
5,575000000,580000000,0,577500000.0,5_115
5,580000000,585000000,0,582500000.0,5_116
5,585000000,590000000,0,587500000.0,5_117
5,590000000,595000000,0,592500000.0,5_118
5,595000000,600000000,0,597500000.0,5_119
5,600000000,605000000,0,602500000.0,5_120
5,605000000,610000000,0,607500000.0,5_121
5,610000000,615000000,0,612500000.0,5_122
5,615000000,620000000,0,617500000.0,5_123
5,620000000,625000000,0,622500000.0,5_124
5,625000000,630000000,0,627500000.0,5_125
5,630000000,635000000,0,632500000.0,5_126
5,635000000,640000000,0,637500000.0,5_127
5,640000000,645000000,0,642500000.0,5_128
5,645000000,650000000,6,647500000.0,5_129
5,650000000,655000000,5,652500000.0,5_130
5,655000000,660000000,11,657500000.0,5_131
5,660000000,665000000,30,662500000.0,5_132
5,665000000,670000000,23,667500000.0,5_133
5,670000000,675000000,13,672500000.0,5_134
5,675000000,680000000,7,677500000.0,5_135
5,680000000,685000000,12,682500000.0,5_136
5,685000000,690000000,15,687500000.0,5_137
5,690000000,695000000,2,692500000.0,5_138
5,695000000,700000000,20,697500000.0,5_139
5,700000000,705000000,2,702500000.0,5_140
5,705000000,710000000,0,707500000.0,5_141
5,710000000,715000000,0,712500000.0,5_142
5,715000000,720000000,13,717500000.0,5_143
5,720000000,725000000,17,722500000.0,5_144
5,725000000,730000000,12,727500000.0,5_145
5,730000000,735000000,9,732500000.0,5_146
5,735000000,740000000,0,737500000.0,5_147
5,740000000,745000000,6,742500000.0,5_148
5,745000000,750000000,5,747500000.0,5_149
5,750000000,755000000,8,752500000.0,5_150
5,755000000,760000000,6,757500000.0,5_151
5,760000000,765000000,23,762500000.0,5_152
5,765000000,770000000,3,767500000.0,5_153
5,770000000,775000000,6,772500000.0,5_154
5,775000000,780000000,7,777500000.0,5_155
5,780000000,785000000,3,782500000.0,5_156
5,785000000,790000000,2,787500000.0,5_157
5,790000000,795000000,11,792500000.0,5_158
5,795000000,800000000,2,797500000.0,5_159
5,800000000,805000000,9,802500000.0,5_160
5,805000000,810000000,14,807500000.0,5_161
5,810000000,815000000,1,812500000.0,5_162
5,815000000,820000000,2,817500000.0,5_163
5,820000000,825000000,3,822500000.0,5_164
5,825000000,830000000,2,827500000.0,5_165
5,830000000,835000000,17,832500000.0,5_166
5,835000000,840000000,16,837500000.0,5_167
5,840000000,845000000,4,842500000.0,5_168
5,845000000,850000000,7,847500000.0,5_169
5,850000000,855000000,16,852500000.0,5_170
5,855000000,860000000,26,857500000.0,5_171
5,860000000,865000000,3,862500000.0,5_172
5,865000000,870000000,9,867500000.0,5_173
5,870000000,875000000,8,872500000.0,5_174
5,875000000,880000000,12,877500000.0,5_175
5,880000000,885000000,5,882500000.0,5_176
5,885000000,890000000,6,887500000.0,5_177
5,890000000,895000000,6,892500000.0,5_178
5,895000000,900000000,2,897500000.0,5_179
5,900000000,905000000,6,902500000.0,5_180
5,905000000,910000000,17,907500000.0,5_181
5,910000000,915000000,2,912500000.0,5_182
5,915000000,920000000,6,917500000.0,5_183
5,920000000,925000000,3,922500000.0,5_184
5,925000000,930000000,6,927500000.0,5_185
5,930000000,935000000,9,932500000.0,5_186
5,935000000,940000000,16,937500000.0,5_187
5,940000000,945000000,10,942500000.0,5_188
5,945000000,950000000,2,947500000.0,5_189
5,950000000,955000000,15,952500000.0,5_190
5,955000000,960000000,8,957500000.0,5_191
5,960000000,965000000,5,962500000.0,5_192
5,965000000,970000000,2,967500000.0,5_193
5,970000000,975000000,10,972500000.0,5_194
5,975000000,980000000,11,977500000.0,5_195
5,980000000,985000000,0,982500000.0,5_196
5,985000000,990000000,7,987500000.0,5_197
5,990000000,995000000,1,992500000.0,5_198
5,995000000,1000000000,10,997500000.0,5_199
5,1000000000,1005000000,7,1002500000.0,5_200
5,1005000000,1010000000,12,1007500000.0,5_201
5,1010000000,1015000000,7,1012500000.0,5_202
5,1015000000,1020000000,14,1017500000.0,5_203
5,1020000000,1025000000,17,1022500000.0,5_204
5,1025000000,1030000000,3,1027500000.0,5_205
5,1030000000,1035000000,19,1032500000.0,5_206
5,1035000000,1040000000,4,1037500000.0,5_207
5,1040000000,1045000000,5,1042500000.0,5_208
5,1045000000,1050000000,4,1047500000.0,5_209
5,1050000000,1055000000,4,1052500000.0,5_210
5,1055000000,1060000000,1,1057500000.0,5_211
5,1060000000,1065000000,8,1062500000.0,5_212
5,1065000000,1070000000,5,1067500000.0,5_213
5,1070000000,1075000000,7,1072500000.0,5_214
5,1075000000,1080000000,16,1077500000.0,5_215
5,1080000000,1085000000,10,1082500000.0,5_216
5,1085000000,1090000000,0,1087500000.0,5_217
5,1090000000,1095000000,6,1092500000.0,5_218
5,1095000000,1100000000,6,1097500000.0,5_219
5,1100000000,1105000000,5,1102500000.0,5_220
5,1105000000,1110000000,17,1107500000.0,5_221
5,1110000000,1115000000,2,1112500000.0,5_222
5,1115000000,1120000000,1,1117500000.0,5_223
5,1120000000,1125000000,5,1122500000.0,5_224
5,1125000000,1130000000,9,1127500000.0,5_225
5,1130000000,1135000000,6,1132500000.0,5_226
5,1135000000,1140000000,8,1137500000.0,5_227
5,1140000000,1145000000,4,1142500000.0,5_228
5,1145000000,1150000000,8,1147500000.0,5_229
5,1150000000,1155000000,7,1152500000.0,5_230
5,1155000000,1160000000,4,1157500000.0,5_231
5,1160000000,1165000000,10,1162500000.0,5_232
5,1165000000,1170000000,3,1167500000.0,5_233
5,1170000000,1175000000,13,1172500000.0,5_234
5,1175000000,1180000000,6,1177500000.0,5_235
5,1180000000,1185000000,4,1182500000.0,5_236
5,1185000000,1190000000,30,1187500000.0,5_237
5,1190000000,1195000000,23,1192500000.0,5_238
5,1195000000,1200000000,1,1197500000.0,5_239
5,1200000000,1205000000,27,1202500000.0,5_240
5,1205000000,1210000000,4,1207500000.0,5_241
5,1210000000,1215000000,14,1212500000.0,5_242
5,1215000000,1220000000,4,1217500000.0,5_243
5,1220000000,1225000000,10,1222500000.0,5_244
5,1225000000,1230000000,6,1227500000.0,5_245
5,1230000000,1235000000,8,1232500000.0,5_246
5,1235000000,1240000000,3,1237500000.0,5_247
5,1240000000,1245000000,6,1242500000.0,5_248
5,1245000000,1250000000,1,1247500000.0,5_249
5,1250000000,1255000000,11,1252500000.0,5_250
5,1255000000,1260000000,2,1257500000.0,5_251
5,1260000000,1265000000,4,1262500000.0,5_252
5,1265000000,1270000000,2,1267500000.0,5_253
5,1270000000,1275000000,4,1272500000.0,5_254
5,1275000000,1280000000,8,1277500000.0,5_255
5,1280000000,1285000000,5,1282500000.0,5_256
5,1285000000,1290000000,5,1287500000.0,5_257
5,1290000000,1295000000,2,1292500000.0,5_258
5,1295000000,1300000000,9,1297500000.0,5_259
6,0,5000000,0,2500000.0,6_0
6,5000000,10000000,4,7500000.0,6_1
6,10000000,15000000,2,12500000.0,6_2
6,15000000,20000000,1,17500000.0,6_3
6,20000000,25000000,4,22500000.0,6_4
6,25000000,30000000,4,27500000.0,6_5
6,30000000,35000000,3,32500000.0,6_6
6,35000000,40000000,29,37500000.0,6_7
6,40000000,45000000,9,42500000.0,6_8
6,45000000,50000000,29,47500000.0,6_9
6,50000000,55000000,15,52500000.0,6_10
6,55000000,60000000,24,57500000.0,6_11
6,60000000,65000000,27,62500000.0,6_12
6,65000000,70000000,13,67500000.0,6_13
6,70000000,75000000,19,72500000.0,6_14
6,75000000,80000000,23,77500000.0,6_15
6,80000000,85000000,2,82500000.0,6_16
6,85000000,90000000,14,87500000.0,6_17
6,90000000,95000000,7,92500000.0,6_18
6,95000000,100000000,2,97500000.0,6_19
6,100000000,105000000,5,102500000.0,6_20
6,105000000,110000000,7,107500000.0,6_21
6,110000000,115000000,0,112500000.0,6_22
6,115000000,120000000,4,117500000.0,6_23
6,120000000,125000000,4,122500000.0,6_24
6,125000000,130000000,16,127500000.0,6_25
6,130000000,135000000,5,132500000.0,6_26
6,135000000,140000000,14,137500000.0,6_27
6,140000000,145000000,4,142500000.0,6_28
6,145000000,150000000,11,147500000.0,6_29
6,150000000,155000000,5,152500000.0,6_30
6,155000000,160000000,4,157500000.0,6_31
6,160000000,165000000,0,162500000.0,6_32
6,165000000,170000000,3,167500000.0,6_33
6,170000000,175000000,2,172500000.0,6_34
6,175000000,180000000,5,177500000.0,6_35
6,180000000,185000000,10,182500000.0,6_36
6,185000000,190000000,1,187500000.0,6_37
6,190000000,195000000,14,192500000.0,6_38
6,195000000,200000000,5,197500000.0,6_39
6,200000000,205000000,4,202500000.0,6_40
6,205000000,210000000,9,207500000.0,6_41
6,210000000,215000000,3,212500000.0,6_42
6,215000000,220000000,1,217500000.0,6_43
6,220000000,225000000,7,222500000.0,6_44
6,225000000,230000000,5,227500000.0,6_45
6,230000000,235000000,1,232500000.0,6_46
6,235000000,240000000,14,237500000.0,6_47
6,240000000,245000000,6,242500000.0,6_48
6,245000000,250000000,13,247500000.0,6_49
6,250000000,255000000,4,252500000.0,6_50
6,255000000,260000000,3,257500000.0,6_51
6,260000000,265000000,11,262500000.0,6_52
6,265000000,270000000,2,267500000.0,6_53
6,270000000,275000000,13,272500000.0,6_54
6,275000000,280000000,3,277500000.0,6_55
6,280000000,285000000,5,282500000.0,6_56
6,285000000,290000000,0,287500000.0,6_57
6,290000000,295000000,3,292500000.0,6_58
6,295000000,300000000,8,297500000.0,6_59
6,300000000,305000000,7,302500000.0,6_60
6,305000000,310000000,7,307500000.0,6_61
6,310000000,315000000,7,312500000.0,6_62
6,315000000,320000000,1,317500000.0,6_63
6,320000000,325000000,7,322500000.0,6_64
6,325000000,330000000,9,327500000.0,6_65
6,330000000,335000000,9,332500000.0,6_66
6,335000000,340000000,11,337500000.0,6_67
6,340000000,345000000,1,342500000.0,6_68
6,345000000,350000000,5,347500000.0,6_69
6,350000000,355000000,0,352500000.0,6_70
6,355000000,360000000,15,357500000.0,6_71
6,360000000,365000000,15,362500000.0,6_72
6,365000000,370000000,13,367500000.0,6_73
6,370000000,375000000,16,372500000.0,6_74
6,375000000,380000000,2,377500000.0,6_75
6,380000000,385000000,10,382500000.0,6_76
6,385000000,390000000,7,387500000.0,6_77
6,390000000,395000000,4,392500000.0,6_78
6,395000000,400000000,5,397500000.0,6_79
6,400000000,405000000,4,402500000.0,6_80
6,405000000,410000000,0,407500000.0,6_81
6,410000000,415000000,12,412500000.0,6_82
6,415000000,420000000,0,417500000.0,6_83
6,420000000,425000000,0,422500000.0,6_84
6,425000000,430000000,0,427500000.0,6_85
6,430000000,435000000,0,432500000.0,6_86
6,435000000,440000000,0,437500000.0,6_87
6,440000000,445000000,0,442500000.0,6_88
6,445000000,450000000,11,447500000.0,6_89
6,450000000,455000000,8,452500000.0,6_90
6,455000000,460000000,16,457500000.0,6_91
6,460000000,465000000,0,462500000.0,6_92
6,465000000,470000000,9,467500000.0,6_93
6,470000000,475000000,6,472500000.0,6_94
6,475000000,480000000,0,477500000.0,6_95
6,480000000,485000000,0,482500000.0,6_96
6,485000000,490000000,0,487500000.0,6_97
6,490000000,495000000,0,492500000.0,6_98
6,495000000,500000000,4,497500000.0,6_99
6,500000000,505000000,0,502500000.0,6_100
6,505000000,510000000,3,507500000.0,6_101
6,510000000,515000000,8,512500000.0,6_102
6,515000000,520000000,10,517500000.0,6_103
6,520000000,525000000,1,522500000.0,6_104
6,525000000,530000000,14,527500000.0,6_105
6,530000000,535000000,9,532500000.0,6_106
6,535000000,540000000,5,537500000.0,6_107
6,540000000,545000000,2,542500000.0,6_108
6,545000000,550000000,2,547500000.0,6_109
6,550000000,555000000,0,552500000.0,6_110
6,555000000,560000000,1,557500000.0,6_111
6,560000000,565000000,0,562500000.0,6_112
6,565000000,570000000,13,567500000.0,6_113
6,570000000,575000000,3,572500000.0,6_114
6,575000000,580000000,0,577500000.0,6_115
6,580000000,585000000,2,582500000.0,6_116
6,585000000,590000000,0,587500000.0,6_117
6,590000000,595000000,4,592500000.0,6_118
6,595000000,600000000,7,597500000.0,6_119
6,600000000,605000000,0,602500000.0,6_120
6,605000000,610000000,3,607500000.0,6_121
6,610000000,615000000,0,612500000.0,6_122
6,615000000,620000000,1,617500000.0,6_123
6,620000000,625000000,3,622500000.0,6_124
6,625000000,630000000,10,627500000.0,6_125
6,630000000,635000000,5,632500000.0,6_126
6,635000000,640000000,12,637500000.0,6_127
6,640000000,645000000,1,642500000.0,6_128
6,645000000,650000000,12,647500000.0,6_129
6,650000000,655000000,3,652500000.0,6_130
6,655000000,660000000,12,657500000.0,6_131
6,660000000,665000000,0,662500000.0,6_132
6,665000000,670000000,0,667500000.0,6_133
6,670000000,675000000,9,672500000.0,6_134
6,675000000,680000000,12,677500000.0,6_135
6,680000000,685000000,6,682500000.0,6_136
6,685000000,690000000,11,687500000.0,6_137
6,690000000,695000000,24,692500000.0,6_138
6,695000000,700000000,21,697500000.0,6_139
6,700000000,705000000,9,702500000.0,6_140
6,705000000,710000000,12,707500000.0,6_141
6,710000000,715000000,6,712500000.0,6_142
6,715000000,720000000,2,717500000.0,6_143
6,720000000,725000000,5,722500000.0,6_144
6,725000000,730000000,17,727500000.0,6_145
6,730000000,735000000,8,732500000.0,6_146
6,735000000,740000000,0,737500000.0,6_147
6,740000000,745000000,23,742500000.0,6_148
6,745000000,750000000,8,747500000.0,6_149
6,750000000,755000000,0,752500000.0,6_150
6,755000000,760000000,19,757500000.0,6_151
6,760000000,765000000,6,762500000.0,6_152
6,765000000,770000000,6,767500000.0,6_153
6,770000000,775000000,10,772500000.0,6_154
6,775000000,780000000,2,777500000.0,6_155
6,780000000,785000000,0,782500000.0,6_156
6,785000000,790000000,8,787500000.0,6_157
6,790000000,795000000,9,792500000.0,6_158
6,795000000,800000000,4,797500000.0,6_159
6,800000000,805000000,2,802500000.0,6_160
6,805000000,810000000,1,807500000.0,6_161
6,810000000,815000000,9,812500000.0,6_162
6,815000000,820000000,5,817500000.0,6_163
6,820000000,825000000,11,822500000.0,6_164
6,825000000,830000000,4,827500000.0,6_165
6,830000000,835000000,3,832500000.0,6_166
6,835000000,840000000,0,837500000.0,6_167
6,840000000,845000000,4,842500000.0,6_168
6,845000000,850000000,17,847500000.0,6_169
6,850000000,855000000,13,852500000.0,6_170
6,855000000,860000000,2,857500000.0,6_171
6,860000000,865000000,3,862500000.0,6_172
6,865000000,870000000,7,867500000.0,6_173
6,870000000,875000000,7,872500000.0,6_174
6,875000000,880000000,3,877500000.0,6_175
6,880000000,885000000,0,882500000.0,6_176
6,885000000,890000000,3,887500000.0,6_177
6,890000000,895000000,15,892500000.0,6_178
6,895000000,900000000,3,897500000.0,6_179
6,900000000,905000000,11,902500000.0,6_180
6,905000000,910000000,14,907500000.0,6_181
6,910000000,915000000,3,912500000.0,6_182
6,915000000,920000000,1,917500000.0,6_183
6,920000000,925000000,5,922500000.0,6_184
6,925000000,930000000,1,927500000.0,6_185
6,930000000,935000000,4,932500000.0,6_186
6,935000000,940000000,4,937500000.0,6_187
6,940000000,945000000,9,942500000.0,6_188
6,945000000,950000000,4,947500000.0,6_189
6,950000000,955000000,7,952500000.0,6_190
6,955000000,960000000,0,957500000.0,6_191
6,960000000,965000000,8,962500000.0,6_192
6,965000000,970000000,13,967500000.0,6_193
6,970000000,975000000,12,972500000.0,6_194
6,975000000,980000000,3,977500000.0,6_195
6,980000000,985000000,14,982500000.0,6_196
6,985000000,990000000,7,987500000.0,6_197
6,990000000,995000000,9,992500000.0,6_198
6,995000000,1000000000,3,997500000.0,6_199
6,1000000000,1005000000,7,1002500000.0,6_200
6,1005000000,1010000000,5,1007500000.0,6_201
6,1010000000,1015000000,2,1012500000.0,6_202
6,1015000000,1020000000,17,1017500000.0,6_203
6,1020000000,1025000000,6,1022500000.0,6_204
6,1025000000,1030000000,6,1027500000.0,6_205
6,1030000000,1035000000,1,1032500000.0,6_206
6,1035000000,1040000000,16,1037500000.0,6_207
6,1040000000,1045000000,2,1042500000.0,6_208
6,1045000000,1050000000,16,1047500000.0,6_209
6,1050000000,1055000000,5,1052500000.0,6_210
6,1055000000,1060000000,11,1057500000.0,6_211
6,1060000000,1065000000,2,1062500000.0,6_212
6,1065000000,1070000000,0,1067500000.0,6_213
6,1070000000,1075000000,20,1072500000.0,6_214
6,1075000000,1080000000,0,1077500000.0,6_215
6,1080000000,1085000000,11,1082500000.0,6_216
6,1085000000,1090000000,10,1087500000.0,6_217
6,1090000000,1095000000,1,1092500000.0,6_218
6,1095000000,1100000000,2,1097500000.0,6_219
6,1100000000,1105000000,6,1102500000.0,6_220
6,1105000000,1110000000,14,1107500000.0,6_221
6,1110000000,1115000000,2,1112500000.0,6_222
6,1115000000,1120000000,3,1117500000.0,6_223
6,1120000000,1125000000,3,1122500000.0,6_224
6,1125000000,1130000000,3,1127500000.0,6_225
6,1130000000,1135000000,6,1132500000.0,6_226
6,1135000000,1140000000,3,1137500000.0,6_227
6,1140000000,1145000000,1,1142500000.0,6_228
6,1145000000,1150000000,2,1147500000.0,6_229
6,1150000000,1155000000,0,1152500000.0,6_230
6,1155000000,1160000000,11,1157500000.0,6_231
6,1160000000,1165000000,12,1162500000.0,6_232
6,1165000000,1170000000,1,1167500000.0,6_233
6,1170000000,1175000000,1,1172500000.0,6_234
6,1175000000,1180000000,3,1177500000.0,6_235
6,1180000000,1185000000,4,1182500000.0,6_236
6,1185000000,1190000000,5,1187500000.0,6_237
6,1190000000,1195000000,4,1192500000.0,6_238
6,1195000000,1200000000,2,1197500000.0,6_239
6,1200000000,1205000000,7,1202500000.0,6_240
6,1205000000,1210000000,1,1207500000.0,6_241
6,1210000000,1215000000,2,1212500000.0,6_242
6,1215000000,1220000000,4,1217500000.0,6_243
6,1220000000,1225000000,4,1222500000.0,6_244
6,1225000000,1230000000,8,1227500000.0,6_245
6,1230000000,1235000000,10,1232500000.0,6_246
6,1235000000,1240000000,13,1237500000.0,6_247
6,1240000000,1245000000,0,1242500000.0,6_248
6,1245000000,1250000000,3,1247500000.0,6_249
6,1250000000,1255000000,5,1252500000.0,6_250
6,1255000000,1260000000,5,1257500000.0,6_251
6,1260000000,1265000000,4,1262500000.0,6_252
6,1265000000,1270000000,4,1267500000.0,6_253
6,1270000000,1275000000,5,1272500000.0,6_254
6,1275000000,1280000000,6,1277500000.0,6_255
6,1280000000,1285000000,4,1282500000.0,6_256
6,1285000000,1290000000,13,1287500000.0,6_257
6,1290000000,1295000000,22,1292500000.0,6_258
6,1295000000,1300000000,7,1297500000.0,6_259
6,1300000000,1305000000,21,1302500000.0,6_260
6,1305000000,1310000000,5,1307500000.0,6_261
6,1310000000,1315000000,1,1312500000.0,6_262
6,1315000000,1320000000,5,1317500000.0,6_263
6,1320000000,1325000000,3,1322500000.0,6_264
6,1325000000,1330000000,11,1327500000.0,6_265
6,1330000000,1335000000,2,1332500000.0,6_266
6,1335000000,1340000000,30,1337500000.0,6_267
6,1340000000,1345000000,3,1342500000.0,6_268
6,1345000000,1350000000,6,1347500000.0,6_269
6,1350000000,1355000000,11,1352500000.0,6_270
6,1355000000,1360000000,15,1357500000.0,6_271
6,1360000000,1365000000,4,1362500000.0,6_272
6,1365000000,1370000000,12,1367500000.0,6_273
6,1370000000,1375000000,7,1372500000.0,6_274
6,1375000000,1380000000,4,1377500000.0,6_275
