,chr1L,chr1S,chr2,chr3,chr4,chr5,chr6
0Mb,0.0,15.0,0.0,17.0,0.0,0.0,0.0
1Mb,3.0,0.0,0.0,5.0,2.0,1.0,0.0
2Mb,3.0,0.0,0.0,4.0,1.0,1.0,0.0
3Mb,1.0,0.0,9.0,0.0,0.0,0.0,0.0
4Mb,6.0,0.0,2.0,0.0,0.0,2.0,0.0
5Mb,6.0,0.0,0.0,6.0,0.0,4.0,0.0
6Mb,4.0,0.0,0.0,4.0,6.0,0.0,2.0
7Mb,1.0,0.0,4.0,4.0,0.0,0.0,1.0
8Mb,0.0,7.0,0.0,0.0,3.0,3.0,1.0
9Mb,1.0,0.0,3.0,0.0,7.0,2.0,0.0
10Mb,4.0,0.0,1.0,0.0,0.0,9.0,0.0
11Mb,3.0,0.0,6.0,1.0,0.0,6.0,0.0
12Mb,0.0,0.0,3.0,1.0,0.0,1.0,2.0
13Mb,0.0,2.0,1.0,2.0,0.0,0.0,0.0
14Mb,0.0,1.0,0.0,2.0,0.0,0.0,0.0
15Mb,0.0,1.0,0.0,0.0,5.0,0.0,1.0
16Mb,1.0,2.0,8.0,0.0,1.0,0.0,0.0
17Mb,0.0,0.0,21.0,0.0,0.0,0.0,0.0
18Mb,0.0,0.0,6.0,1.0,8.0,14.0,0.0
19Mb,0.0,4.0,0.0,5.0,3.0,4.0,0.0
20Mb,0.0,1.0,0.0,7.0,0.0,5.0,1.0
21Mb,3.0,9.0,6.0,4.0,0.0,0.0,0.0
22Mb,0.0,0.0,16.0,0.0,0.0,0.0,3.0
23Mb,0.0,8.0,1.0,0.0,0.0,8.0,0.0
24Mb,0.0,1.0,5.0,0.0,0.0,8.0,0.0
25Mb,0.0,3.0,3.0,7.0,2.0,0.0,0.0
26Mb,0.0,0.0,0.0,0.0,0.0,0.0,4.0
27Mb,0.0,0.0,11.0,0.0,1.0,0.0,0.0
28Mb,1.0,0.0,1.0,5.0,3.0,1.0,0.0
29Mb,0.0,7.0,0.0,7.0,2.0,4.0,0.0
30Mb,0.0,2.0,6.0,1.0,0.0,0.0,0.0
31Mb,0.0,0.0,0.0,1.0,0.0,0.0,0.0
32Mb,0.0,0.0,0.0,2.0,1.0,0.0,1.0
33Mb,6.0,2.0,0.0,0.0,0.0,0.0,1.0
34Mb,3.0,0.0,0.0,0.0,1.0,3.0,1.0
35Mb,0.0,0.0,0.0,7.0,4.0,2.0,14.0
36Mb,0.0,2.0,1.0,3.0,0.0,0.0,0.0
37Mb,0.0,0.0,0.0,2.0,0.0,0.0,5.0
38Mb,0.0,0.0,0.0,0.0,0.0,0.0,0.0
39Mb,1.0,0.0,2.0,7.0,0.0,2.0,10.0
40Mb,0.0,0.0,1.0,0.0,1.0,0.0,2.0
41Mb,2.0,0.0,0.0,0.0,5.0,2.0,4.0
42Mb,3.0,1.0,12.0,0.0,0.0,0.0,3.0
43Mb,0.0,0.0,7.0,0.0,0.0,0.0,0.0
44Mb,0.0,0.0,0.0,4.0,2.0,1.0,0.0
45Mb,0.0,0.0,0.0,0.0,0.0,0.0,4.0
46Mb,0.0,1.0,0.0,1.0,0.0,2.0,3.0
47Mb,0.0,0.0,0.0,0.0,0.0,4.0,2.0
48Mb,1.0,0.0,2.0,0.0,0.0,0.0,6.0
49Mb,6.0,0.0,0.0,0.0,10.0,0.0,14.0
50Mb,4.0,0.0,0.0,0.0,1.0,0.0,7.0
51Mb,9.0,4.0,7.0,6.0,0.0,3.0,6.0
52Mb,0.0,8.0,0.0,0.0,1.0,1.0,0.0
53Mb,0.0,0.0,0.0,13.0,0.0,0.0,2.0
54Mb,2.0,0.0,3.0,2.0,0.0,4.0,0.0
55Mb,0.0,0.0,0.0,9.0,0.0,1.0,6.0
56Mb,2.0,0.0,0.0,6.0,0.0,2.0,5.0
57Mb,1.0,4.0,1.0,0.0,0.0,2.0,5.0
58Mb,0.0,4.0,0.0,0.0,1.0,13.0,3.0
59Mb,0.0,0.0,0.0,1.0,0.0,1.0,5.0
60Mb,1.0,0.0,0.0,0.0,0.0,0.0,2.0
61Mb,5.0,2.0,0.0,0.0,1.0,0.0,0.0
62Mb,2.0,0.0,0.0,0.0,0.0,0.0,14.0
63Mb,0.0,0.0,0.0,17.0,3.0,4.0,5.0
64Mb,2.0,0.0,0.0,4.0,0.0,8.0,6.0
65Mb,1.0,0.0,0.0,2.0,0.0,7.0,1.0
66Mb,0.0,0.0,7.0,1.0,0.0,0.0,5.0
67Mb,0.0,0.0,0.0,0.0,9.0,1.0,0.0
68Mb,1.0,0.0,0.0,0.0,2.0,0.0,5.0
69Mb,3.0,0.0,1.0,1.0,3.0,3.0,2.0
70Mb,0.0,5.0,0.0,1.0,0.0,0.0,0.0
71Mb,2.0,3.0,0.0,0.0,4.0,0.0,9.0
72Mb,2.0,1.0,3.0,0.0,0.0,0.0,6.0
73Mb,0.0,0.0,1.0,0.0,2.0,0.0,2.0
74Mb,0.0,3.0,2.0,0.0,0.0,0.0,2.0
75Mb,0.0,0.0,3.0,7.0,0.0,0.0,4.0
76Mb,0.0,2.0,0.0,1.0,4.0,6.0,1.0
77Mb,0.0,2.0,0.0,0.0,2.0,0.0,3.0
78Mb,0.0,0.0,0.0,0.0,4.0,0.0,2.0
79Mb,0.0,0.0,3.0,1.0,6.0,0.0,13.0
80Mb,1.0,0.0,0.0,0.0,7.0,6.0,1.0
81Mb,0.0,0.0,6.0,0.0,2.0,2.0,0.0
82Mb,1.0,0.0,0.0,0.0,4.0,0.0,0.0
83Mb,2.0,2.0,2.0,2.0,2.0,0.0,0.0
84Mb,2.0,1.0,0.0,1.0,7.0,0.0,1.0
85Mb,0.0,5.0,0.0,6.0,2.0,0.0,0.0
86Mb,0.0,7.0,8.0,0.0,6.0,0.0,11.0
87Mb,0.0,1.0,0.0,0.0,1.0,0.0,1.0
88Mb,0.0,0.0,4.0,0.0,7.0,0.0,0.0
89Mb,2.0,1.0,2.0,0.0,0.0,0.0,2.0
90Mb,1.0,5.0,1.0,2.0,2.0,0.0,1.0
91Mb,2.0,0.0,0.0,0.0,1.0,1.0,0.0
92Mb,0.0,0.0,5.0,0.0,2.0,2.0,0.0
93Mb,0.0,0.0,0.0,1.0,1.0,0.0,2.0
94Mb,0.0,2.0,5.0,0.0,2.0,0.0,4.0
95Mb,0.0,1.0,0.0,0.0,0.0,7.0,0.0
96Mb,0.0,0.0,4.0,0.0,6.0,0.0,0.0
97Mb,3.0,0.0,0.0,0.0,1.0,3.0,0.0
98Mb,2.0,0.0,0.0,8.0,7.0,1.0,2.0
99Mb,0.0,10.0,0.0,1.0,0.0,2.0,0.0
100Mb,1.0,1.0,0.0,1.0,1.0,2.0,0.0
101Mb,5.0,0.0,0.0,1.0,0.0,4.0,0.0
102Mb,2.0,2.0,0.0,0.0,1.0,5.0,5.0
103Mb,0.0,0.0,0.0,4.0,0.0,2.0,0.0
104Mb,0.0,4.0,0.0,2.0,0.0,3.0,0.0
105Mb,0.0,0.0,4.0,4.0,4.0,11.0,0.0
106Mb,0.0,0.0,0.0,1.0,0.0,2.0,0.0
107Mb,0.0,0.0,2.0,6.0,0.0,5.0,7.0
108Mb,0.0,5.0,0.0,0.0,0.0,4.0,0.0
109Mb,0.0,1.0,0.0,2.0,0.0,2.0,0.0
110Mb,0.0,0.0,6.0,1.0,0.0,0.0,0.0
111Mb,0.0,3.0,0.0,1.0,0.0,18.0,0.0
112Mb,0.0,0.0,2.0,3.0,1.0,1.0,0.0
113Mb,0.0,0.0,4.0,0.0,3.0,0.0,0.0
114Mb,0.0,1.0,1.0,1.0,0.0,4.0,0.0
115Mb,0.0,3.0,5.0,2.0,7.0,2.0,1.0
116Mb,0.0,0.0,1.0,0.0,0.0,8.0,2.0
117Mb,0.0,2.0,0.0,4.0,0.0,10.0,1.0
118Mb,0.0,0.0,0.0,5.0,0.0,4.0,0.0
119Mb,0.0,0.0,4.0,3.0,7.0,0.0,0.0
120Mb,0.0,2.0,1.0,4.0,0.0,1.0,4.0
121Mb,0.0,0.0,0.0,3.0,7.0,5.0,0.0
122Mb,0.0,0.0,0.0,5.0,0.0,6.0,0.0
123Mb,0.0,0.0,0.0,11.0,0.0,6.0,0.0
124Mb,2.0,1.0,2.0,13.0,0.0,12.0,0.0
125Mb,0.0,0.0,1.0,0.0,0.0,2.0,12.0
126Mb,4.0,0.0,13.0,2.0,0.0,18.0,0.0
127Mb,1.0,1.0,0.0,1.0,6.0,4.0,0.0
128Mb,1.0,0.0,0.0,0.0,0.0,0.0,4.0
129Mb,0.0,0.0,3.0,1.0,0.0,3.0,0.0
130Mb,4.0,0.0,0.0,0.0,0.0,0.0,1.0
131Mb,1.0,0.0,5.0,0.0,0.0,3.0,2.0
132Mb,4.0,0.0,0.0,0.0,1.0,0.0,0.0
133Mb,0.0,1.0,0.0,9.0,2.0,0.0,2.0
134Mb,0.0,4.0,0.0,0.0,2.0,0.0,0.0
135Mb,0.0,1.0,0.0,0.0,0.0,0.0,0.0
136Mb,4.0,2.0,0.0,10.0,4.0,0.0,9.0
137Mb,1.0,0.0,3.0,0.0,2.0,0.0,2.0
138Mb,0.0,1.0,2.0,8.0,0.0,0.0,3.0
139Mb,1.0,3.0,0.0,0.0,0.0,4.0,0.0
140Mb,3.0,2.0,0.0,0.0,7.0,3.0,0.0
141Mb,0.0,4.0,8.0,3.0,0.0,3.0,0.0
142Mb,5.0,0.0,0.0,5.0,1.0,0.0,4.0
143Mb,0.0,0.0,4.0,0.0,0.0,0.0,0.0
144Mb,0.0,0.0,0.0,5.0,0.0,0.0,0.0
145Mb,1.0,0.0,7.0,1.0,0.0,0.0,6.0
146Mb,0.0,1.0,1.0,0.0,0.0,0.0,4.0
147Mb,0.0,0.0,7.0,3.0,0.0,0.0,1.0
148Mb,1.0,1.0,1.0,0.0,1.0,5.0,0.0
149Mb,0.0,0.0,0.0,0.0,0.0,1.0,0.0
150Mb,0.0,1.0,0.0,0.0,0.0,0.0,1.0
151Mb,0.0,0.0,6.0,7.0,0.0,0.0,0.0
152Mb,4.0,0.0,0.0,0.0,8.0,0.0,1.0
153Mb,0.0,0.0,13.0,1.0,0.0,1.0,1.0
154Mb,0.0,4.0,4.0,0.0,0.0,4.0,2.0
155Mb,1.0,0.0,4.0,0.0,0.0,0.0,0.0
156Mb,0.0,0.0,6.0,2.0,0.0,3.0,0.0
157Mb,0.0,0.0,0.0,1.0,2.0,7.0,2.0
158Mb,10.0,10.0,11.0,5.0,0.0,3.0,0.0
159Mb,0.0,0.0,2.0,0.0,0.0,0.0,2.0
160Mb,1.0,0.0,1.0,0.0,0.0,0.0,0.0
161Mb,0.0,0.0,1.0,7.0,0.0,0.0,0.0
162Mb,0.0,0.0,9.0,0.0,0.0,0.0,0.0
163Mb,3.0,0.0,0.0,0.0,0.0,3.0,0.0
164Mb,0.0,0.0,2.0,0.0,5.0,0.0,0.0
165Mb,0.0,0.0,3.0,3.0,3.0,1.0,0.0
166Mb,2.0,1.0,1.0,2.0,0.0,7.0,2.0
167Mb,0.0,4.0,4.0,8.0,0.0,0.0,1.0
168Mb,0.0,2.0,2.0,0.0,0.0,0.0,0.0
169Mb,0.0,0.0,1.0,0.0,0.0,1.0,0.0
170Mb,3.0,0.0,1.0,4.0,0.0,2.0,2.0
171Mb,2.0,2.0,0.0,4.0,0.0,1.0,0.0
172Mb,0.0,0.0,0.0,1.0,0.0,0.0,0.0
173Mb,0.0,0.0,1.0,4.0,0.0,2.0,0.0
174Mb,6.0,0.0,6.0,4.0,2.0,0.0,0.0
175Mb,0.0,0.0,0.0,8.0,0.0,0.0,0.0
176Mb,0.0,3.0,1.0,0.0,5.0,0.0,0.0
177Mb,9.0,1.0,0.0,0.0,0.0,1.0,0.0
178Mb,0.0,0.0,0.0,0.0,0.0,0.0,0.0
179Mb,11.0,12.0,0.0,10.0,0.0,0.0,5.0
180Mb,4.0,0.0,0.0,1.0,0.0,0.0,0.0
181Mb,0.0,0.0,7.0,0.0,6.0,0.0,4.0
182Mb,0.0,0.0,0.0,0.0,0.0,0.0,3.0
183Mb,1.0,2.0,9.0,0.0,0.0,0.0,1.0
184Mb,0.0,0.0,0.0,2.0,3.0,0.0,2.0
185Mb,0.0,0.0,14.0,0.0,2.0,0.0,0.0
186Mb,0.0,0.0,3.0,0.0,1.0,0.0,1.0
187Mb,0.0,0.0,3.0,4.0,2.0,4.0,0.0
188Mb,0.0,0.0,0.0,0.0,1.0,2.0,0.0
189Mb,4.0,0.0,0.0,6.0,0.0,0.0,0.0
190Mb,0.0,0.0,0.0,0.0,4.0,0.0,0.0
191Mb,2.0,2.0,0.0,1.0,3.0,0.0,1.0
192Mb,0.0,0.0,2.0,0.0,0.0,0.0,6.0
193Mb,3.0,0.0,2.0,3.0,0.0,0.0,0.0
194Mb,1.0,2.0,0.0,1.0,1.0,0.0,7.0
195Mb,1.0,0.0,0.0,1.0,4.0,0.0,3.0
196Mb,7.0,0.0,0.0,3.0,0.0,2.0,1.0
197Mb,0.0,0.0,7.0,0.0,0.0,1.0,1.0
198Mb,4.0,3.0,0.0,0.0,0.0,0.0,0.0
199Mb,0.0,4.0,0.0,1.0,0.0,0.0,0.0
200Mb,0.0,2.0,4.0,0.0,0.0,0.0,0.0
201Mb,5.0,0.0,4.0,0.0,8.0,5.0,2.0
202Mb,1.0,2.0,0.0,0.0,0.0,0.0,0.0
203Mb,0.0,0.0,3.0,3.0,3.0,3.0,0.0
204Mb,4.0,0.0,0.0,0.0,17.0,0.0,2.0
205Mb,0.0,0.0,0.0,7.0,3.0,0.0,3.0
206Mb,0.0,1.0,1.0,0.0,6.0,3.0,0.0
207Mb,0.0,1.0,0.0,0.0,1.0,2.0,4.0
208Mb,1.0,0.0,0.0,0.0,4.0,0.0,0.0
209Mb,0.0,1.0,0.0,0.0,3.0,0.0,2.0
210Mb,2.0,0.0,0.0,1.0,0.0,0.0,2.0
211Mb,0.0,3.0,0.0,0.0,3.0,0.0,0.0
212Mb,0.0,0.0,0.0,3.0,0.0,3.0,0.0
213Mb,1.0,0.0,4.0,0.0,0.0,3.0,0.0
214Mb,8.0,0.0,0.0,0.0,0.0,0.0,1.0
215Mb,0.0,3.0,3.0,0.0,0.0,1.0,1.0
216Mb,0.0,1.0,0.0,1.0,0.0,0.0,0.0
217Mb,1.0,4.0,0.0,2.0,0.0,0.0,0.0
218Mb,0.0,0.0,0.0,0.0,0.0,0.0,0.0
219Mb,0.0,2.0,0.0,0.0,2.0,0.0,0.0
220Mb,5.0,2.0,21.0,0.0,10.0,0.0,0.0
221Mb,2.0,0.0,0.0,0.0,5.0,2.0,0.0
222Mb,9.0,0.0,0.0,8.0,0.0,3.0,0.0
223Mb,0.0,6.0,0.0,1.0,0.0,1.0,1.0
224Mb,0.0,0.0,1.0,5.0,3.0,3.0,6.0
225Mb,1.0,9.0,7.0,0.0,0.0,11.0,2.0
226Mb,5.0,0.0,0.0,8.0,0.0,0.0,1.0
227Mb,0.0,1.0,3.0,10.0,3.0,8.0,0.0
228Mb,0.0,1.0,0.0,0.0,0.0,1.0,2.0
229Mb,1.0,0.0,0.0,3.0,13.0,1.0,0.0
230Mb,3.0,1.0,0.0,0.0,7.0,0.0,1.0
231Mb,3.0,0.0,3.0,3.0,3.0,0.0,0.0
232Mb,0.0,9.0,0.0,0.0,0.0,2.0,0.0
233Mb,2.0,2.0,0.0,2.0,0.0,0.0,0.0
234Mb,2.0,2.0,4.0,0.0,5.0,0.0,0.0
235Mb,2.0,0.0,3.0,0.0,9.0,0.0,0.0
236Mb,2.0,8.0,3.0,4.0,0.0,0.0,0.0
237Mb,1.0,0.0,0.0,1.0,0.0,0.0,12.0
238Mb,1.0,1.0,0.0,0.0,0.0,0.0,0.0
239Mb,0.0,0.0,0.0,0.0,1.0,0.0,2.0
240Mb,0.0,0.0,0.0,0.0,0.0,0.0,1.0
241Mb,0.0,0.0,0.0,0.0,0.0,0.0,2.0
242Mb,0.0,1.0,0.0,0.0,0.0,0.0,2.0
243Mb,0.0,2.0,0.0,5.0,1.0,1.0,1.0
244Mb,1.0,7.0,0.0,1.0,0.0,0.0,0.0
245Mb,4.0,0.0,0.0,12.0,2.0,0.0,0.0
246Mb,0.0,1.0,3.0,0.0,0.0,0.0,8.0
247Mb,0.0,2.0,0.0,0.0,0.0,0.0,3.0
248Mb,5.0,0.0,2.0,0.0,0.0,2.0,0.0
249Mb,10.0,0.0,0.0,0.0,0.0,0.0,2.0
250Mb,0.0,1.0,5.0,0.0,2.0,0.0,0.0
251Mb,0.0,6.0,0.0,5.0,3.0,0.0,0.0
252Mb,2.0,0.0,3.0,0.0,0.0,0.0,3.0
253Mb,3.0,5.0,10.0,2.0,5.0,5.0,1.0
254Mb,0.0,0.0,0.0,1.0,0.0,5.0,0.0
255Mb,0.0,0.0,0.0,1.0,0.0,0.0,0.0
256Mb,2.0,0.0,6.0,0.0,0.0,0.0,0.0
257Mb,0.0,0.0,3.0,10.0,0.0,1.0,0.0
258Mb,2.0,0.0,0.0,0.0,0.0,0.0,1.0
259Mb,0.0,3.0,0.0,0.0,1.0,1.0,2.0
260Mb,0.0,0.0,1.0,0.0,0.0,4.0,11.0
261Mb,1.0,0.0,0.0,3.0,0.0,4.0,0.0
262Mb,0.0,1.0,1.0,0.0,4.0,3.0,0.0
263Mb,7.0,0.0,0.0,1.0,1.0,8.0,0.0
264Mb,0.0,0.0,0.0,0.0,5.0,4.0,0.0
265Mb,2.0,0.0,0.0,0.0,0.0,7.0,0.0
266Mb,0.0,1.0,4.0,0.0,0.0,4.0,0.0
267Mb,0.0,0.0,1.0,4.0,1.0,0.0,0.0
268Mb,3.0,2.0,0.0,1.0,4.0,0.0,0.0
269Mb,1.0,0.0,0.0,0.0,0.0,0.0,2.0
270Mb,4.0,9.0,3.0,1.0,0.0,3.0,2.0
271Mb,0.0,0.0,0.0,0.0,0.0,0.0,0.0
272Mb,5.0,1.0,0.0,0.0,7.0,5.0,8.0
273Mb,0.0,3.0,0.0,0.0,0.0,1.0,0.0
274Mb,0.0,3.0,3.0,0.0,0.0,0.0,3.0
275Mb,0.0,4.0,0.0,3.0,0.0,0.0,1.0
276Mb,0.0,0.0,0.0,0.0,0.0,0.0,2.0
277Mb,2.0,0.0,0.0,0.0,0.0,0.0,0.0
278Mb,2.0,0.0,7.0,0.0,4.0,2.0,0.0
279Mb,6.0,2.0,2.0,0.0,0.0,0.0,0.0
280Mb,0.0,0.0,0.0,1.0,5.0,0.0,0.0
281Mb,0.0,0.0,0.0,0.0,3.0,3.0,0.0
282Mb,3.0,3.0,4.0,0.0,7.0,0.0,0.0
283Mb,15.0,3.0,4.0,5.0,1.0,0.0,5.0
284Mb,0.0,2.0,0.0,4.0,0.0,1.0,0.0
285Mb,2.0,0.0,4.0,0.0,4.0,5.0,0.0
286Mb,1.0,0.0,0.0,1.0,1.0,0.0,0.0
287Mb,0.0,1.0,4.0,2.0,1.0,6.0,0.0
288Mb,0.0,0.0,0.0,1.0,2.0,2.0,0.0
289Mb,0.0,2.0,0.0,5.0,0.0,0.0,0.0
290Mb,1.0,0.0,2.0,5.0,0.0,7.0,0.0
291Mb,0.0,0.0,1.0,0.0,5.0,3.0,0.0
292Mb,1.0,0.0,0.0,4.0,14.0,0.0,0.0
293Mb,7.0,2.0,3.0,0.0,0.0,0.0,3.0
294Mb,1.0,0.0,0.0,0.0,1.0,4.0,0.0
295Mb,0.0,0.0,0.0,0.0,12.0,4.0,1.0
296Mb,2.0,0.0,0.0,0.0,3.0,0.0,0.0
297Mb,2.0,0.0,0.0,1.0,2.0,0.0,0.0
298Mb,3.0,0.0,9.0,0.0,1.0,1.0,6.0
299Mb,0.0,7.0,6.0,0.0,0.0,2.0,1.0
300Mb,2.0,6.0,3.0,0.0,4.0,3.0,0.0
301Mb,1.0,0.0,0.0,0.0,3.0,0.0,7.0
302Mb,3.0,0.0,0.0,0.0,3.0,0.0,0.0
303Mb,7.0,0.0,0.0,0.0,2.0,0.0,0.0
304Mb,0.0,3.0,0.0,3.0,1.0,1.0,0.0
305Mb,0.0,0.0,1.0,1.0,1.0,0.0,2.0
306Mb,1.0,0.0,0.0,7.0,0.0,0.0,5.0
307Mb,1.0,1.0,0.0,0.0,0.0,2.0,0.0
308Mb,1.0,4.0,2.0,0.0,0.0,2.0,0.0
309Mb,0.0,0.0,0.0,0.0,5.0,0.0,0.0
310Mb,0.0,14.0,0.0,3.0,0.0,2.0,0.0
311Mb,2.0,5.0,1.0,1.0,0.0,4.0,0.0
312Mb,0.0,0.0,2.0,1.0,1.0,0.0,0.0
313Mb,0.0,0.0,0.0,1.0,1.0,0.0,7.0
314Mb,2.0,2.0,3.0,2.0,0.0,2.0,0.0
315Mb,0.0,0.0,0.0,3.0,0.0,0.0,0.0
316Mb,3.0,0.0,0.0,0.0,0.0,0.0,0.0
317Mb,0.0,0.0,0.0,0.0,5.0,0.0,1.0
318Mb,0.0,0.0,0.0,1.0,1.0,9.0,0.0
319Mb,1.0,0.0,0.0,5.0,0.0,1.0,0.0
320Mb,2.0,0.0,3.0,3.0,0.0,0.0,1.0
321Mb,2.0,5.0,0.0,0.0,2.0,0.0,6.0
322Mb,0.0,0.0,1.0,5.0,4.0,0.0,0.0
323Mb,10.0,0.0,1.0,7.0,2.0,1.0,0.0
324Mb,0.0,0.0,0.0,0.0,1.0,1.0,0.0
325Mb,0.0,0.0,0.0,1.0,0.0,1.0,0.0
326Mb,1.0,0.0,6.0,0.0,1.0,0.0,0.0
327Mb,0.0,0.0,5.0,0.0,0.0,7.0,0.0
328Mb,0.0,2.0,0.0,1.0,0.0,0.0,5.0
329Mb,9.0,3.0,7.0,0.0,0.0,8.0,4.0
330Mb,0.0,0.0,4.0,1.0,0.0,5.0,4.0
331Mb,3.0,0.0,0.0,3.0,0.0,0.0,3.0
332Mb,0.0,0.0,3.0,0.0,0.0,0.0,0.0
333Mb,0.0,0.0,3.0,0.0,0.0,0.0,0.0
334Mb,1.0,3.0,0.0,1.0,2.0,0.0,2.0
335Mb,5.0,0.0,0.0,3.0,1.0,0.0,0.0
336Mb,0.0,0.0,4.0,3.0,0.0,4.0,3.0
337Mb,0.0,9.0,2.0,2.0,0.0,0.0,3.0
338Mb,2.0,8.0,2.0,15.0,0.0,8.0,3.0
339Mb,0.0,3.0,0.0,9.0,4.0,0.0,2.0
340Mb,0.0,2.0,0.0,2.0,0.0,1.0,0.0
341Mb,6.0,4.0,0.0,0.0,1.0,0.0,0.0
342Mb,0.0,0.0,2.0,4.0,0.0,0.0,1.0
343Mb,4.0,0.0,0.0,0.0,0.0,1.0,0.0
344Mb,1.0,0.0,0.0,4.0,0.0,0.0,0.0
345Mb,0.0,0.0,3.0,0.0,0.0,0.0,0.0
346Mb,0.0,0.0,1.0,4.0,0.0,0.0,0.0
347Mb,0.0,0.0,1.0,0.0,3.0,0.0,0.0
348Mb,0.0,4.0,2.0,0.0,0.0,0.0,0.0
349Mb,1.0,0.0,0.0,1.0,1.0,0.0,5.0
350Mb,0.0,0.0,0.0,0.0,0.0,0.0,0.0
351Mb,0.0,9.0,1.0,0.0,2.0,2.0,0.0
352Mb,0.0,0.0,0.0,1.0,5.0,0.0,0.0
353Mb,1.0,0.0,2.0,12.0,2.0,1.0,0.0
354Mb,3.0,0.0,0.0,0.0,0.0,0.0,0.0
355Mb,0.0,1.0,1.0,7.0,2.0,2.0,1.0
356Mb,3.0,1.0,4.0,0.0,1.0,0.0,0.0
357Mb,0.0,4.0,6.0,0.0,1.0,1.0,6.0
358Mb,3.0,4.0,0.0,4.0,0.0,0.0,7.0
359Mb,1.0,0.0,0.0,4.0,0.0,1.0,1.0
360Mb,2.0,3.0,0.0,0.0,2.0,0.0,10.0
361Mb,3.0,3.0,0.0,3.0,10.0,0.0,3.0
362Mb,0.0,0.0,0.0,5.0,6.0,1.0,0.0
363Mb,0.0,0.0,2.0,3.0,3.0,0.0,0.0
364Mb,6.0,0.0,3.0,2.0,2.0,0.0,2.0
365Mb,0.0,0.0,0.0,0.0,0.0,0.0,0.0
366Mb,0.0,1.0,2.0,0.0,0.0,2.0,9.0
367Mb,0.0,1.0,4.0,0.0,1.0,0.0,1.0
368Mb,0.0,0.0,0.0,0.0,0.0,0.0,0.0
369Mb,0.0,1.0,0.0,0.0,5.0,0.0,3.0
370Mb,0.0,0.0,0.0,0.0,0.0,4.0,2.0
371Mb,0.0,7.0,0.0,0.0,0.0,1.0,2.0
372Mb,5.0,15.0,0.0,0.0,0.0,0.0,7.0
373Mb,0.0,6.0,0.0,0.0,0.0,0.0,4.0
374Mb,1.0,1.0,8.0,1.0,2.0,0.0,1.0
375Mb,0.0,0.0,9.0,0.0,1.0,3.0,0.0
376Mb,0.0,0.0,0.0,0.0,0.0,0.0,1.0
377Mb,1.0,1.0,3.0,1.0,0.0,0.0,0.0
378Mb,5.0,0.0,0.0,7.0,0.0,1.0,0.0
379Mb,0.0,0.0,0.0,0.0,2.0,0.0,1.0
380Mb,0.0,4.0,0.0,0.0,6.0,2.0,0.0
381Mb,0.0,0.0,0.0,3.0,0.0,0.0,5.0
382Mb,0.0,4.0,1.0,3.0,4.0,0.0,4.0
383Mb,0.0,0.0,0.0,0.0,0.0,0.0,0.0
384Mb,2.0,0.0,0.0,0.0,0.0,0.0,1.0
385Mb,0.0,0.0,4.0,0.0,0.0,2.0,0.0
386Mb,0.0,0.0,0.0,1.0,9.0,0.0,0.0
387Mb,0.0,0.0,13.0,0.0,0.0,0.0,6.0
388Mb,5.0,0.0,0.0,0.0,12.0,1.0,1.0
389Mb,0.0,3.0,7.0,0.0,3.0,0.0,0.0
390Mb,0.0,11.0,0.0,2.0,0.0,0.0,2.0
391Mb,0.0,6.0,1.0,0.0,0.0,1.0,0.0
392Mb,1.0,0.0,4.0,1.0,4.0,0.0,0.0
393Mb,0.0,4.0,1.0,1.0,2.0,2.0,2.0
394Mb,0.0,5.0,0.0,0.0,3.0,0.0,0.0
395Mb,0.0,0.0,0.0,0.0,5.0,0.0,0.0
396Mb,0.0,0.0,2.0,1.0,3.0,0.0,0.0
397Mb,0.0,0.0,0.0,7.0,0.0,2.0,0.0
398Mb,1.0,6.0,0.0,4.0,2.0,2.0,5.0
399Mb,2.0,0.0,4.0,0.0,2.0,2.0,0.0
400Mb,0.0,1.0,8.0,0.0,0.0,0.0,0.0
401Mb,1.0,1.0,7.0,0.0,0.0,0.0,1.0
402Mb,2.0,0.0,0.0,0.0,1.0,0.0,0.0
403Mb,0.0,0.0,0.0,0.0,0.0,0.0,3.0
404Mb,5.0,0.0,0.0,0.0,0.0,1.0,0.0
405Mb,1.0,3.0,4.0,0.0,0.0,0.0,0.0
406Mb,11.0,2.0,0.0,0.0,0.0,0.0,0.0
407Mb,0.0,0.0,1.0,1.0,0.0,0.0,0.0
408Mb,5.0,2.0,0.0,0.0,0.0,0.0,0.0
409Mb,7.0,0.0,4.0,3.0,0.0,0.0,0.0
410Mb,0.0,3.0,0.0,2.0,0.0,0.0,0.0
411Mb,2.0,0.0,3.0,0.0,0.0,0.0,4.0
412Mb,0.0,0.0,1.0,0.0,0.0,0.0,8.0
413Mb,0.0,1.0,0.0,2.0,0.0,0.0,0.0
414Mb,0.0,0.0,0.0,5.0,2.0,0.0,0.0
415Mb,10.0,0.0,0.0,3.0,5.0,0.0,0.0
416Mb,0.0,3.0,3.0,0.0,7.0,0.0,0.0
417Mb,0.0,0.0,0.0,2.0,0.0,12.0,0.0
418Mb,2.0,3.0,0.0,3.0,2.0,0.0,0.0
419Mb,0.0,0.0,3.0,5.0,0.0,2.0,0.0
420Mb,1.0,0.0,0.0,0.0,0.0,0.0,0.0
421Mb,6.0,0.0,0.0,3.0,5.0,4.0,0.0
422Mb,0.0,7.0,0.0,0.0,0.0,5.0,0.0
423Mb,0.0,3.0,0.0,0.0,4.0,0.0,0.0
424Mb,0.0,1.0,0.0,0.0,4.0,0.0,0.0
425Mb,1.0,3.0,6.0,1.0,0.0,0.0,0.0
426Mb,1.0,15.0,3.0,2.0,4.0,1.0,0.0
427Mb,2.0,1.0,15.0,2.0,4.0,0.0,0.0
428Mb,5.0,4.0,1.0,1.0,7.0,4.0,0.0
429Mb,0.0,0.0,0.0,1.0,1.0,10.0,0.0
430Mb,0.0,0.0,0.0,0.0,5.0,1.0,0.0
431Mb,1.0,0.0,1.0,0.0,8.0,0.0,0.0
432Mb,0.0,4.0,0.0,1.0,16.0,2.0,0.0
433Mb,2.0,0.0,1.0,1.0,9.0,0.0,0.0
434Mb,0.0,0.0,7.0,1.0,3.0,2.0,0.0
435Mb,1.0,0.0,0.0,8.0,0.0,14.0,0.0
436Mb,1.0,1.0,1.0,0.0,5.0,4.0,0.0
437Mb,1.0,4.0,0.0,0.0,2.0,5.0,0.0
438Mb,3.0,0.0,6.0,0.0,2.0,7.0,0.0
439Mb,2.0,5.0,0.0,1.0,5.0,0.0,0.0
440Mb,2.0,0.0,5.0,0.0,5.0,0.0,0.0
441Mb,0.0,0.0,0.0,3.0,0.0,0.0,0.0
442Mb,4.0,0.0,0.0,0.0,0.0,0.0,0.0
443Mb,2.0,0.0,0.0,0.0,4.0,1.0,0.0
444Mb,6.0,5.0,0.0,0.0,0.0,0.0,0.0
445Mb,0.0,10.0,0.0,0.0,1.0,0.0,0.0
446Mb,1.0,0.0,0.0,0.0,1.0,0.0,0.0
447Mb,0.0,0.0,1.0,2.0,10.0,0.0,1.0
448Mb,1.0,0.0,0.0,0.0,0.0,1.0,1.0
449Mb,0.0,0.0,4.0,1.0,5.0,0.0,9.0
450Mb,2.0,11.0,4.0,0.0,4.0,0.0,0.0
451Mb,0.0,5.0,0.0,0.0,1.0,1.0,1.0
452Mb,3.0,0.0,0.0,0.0,1.0,6.0,1.0
453Mb,6.0,1.0,2.0,0.0,8.0,1.0,4.0
454Mb,0.0,1.0,3.0,0.0,1.0,0.0,2.0
455Mb,6.0,0.0,1.0,0.0,0.0,0.0,3.0
456Mb,0.0,6.0,1.0,1.0,8.0,1.0,3.0
457Mb,10.0,7.0,0.0,0.0,0.0,0.0,7.0
458Mb,1.0,14.0,0.0,2.0,0.0,0.0,3.0
459Mb,0.0,0.0,0.0,4.0,0.0,0.0,0.0
460Mb,0.0,0.0,0.0,5.0,1.0,0.0,0.0
461Mb,0.0,0.0,9.0,2.0,0.0,0.0,0.0
462Mb,0.0,0.0,0.0,3.0,1.0,7.0,0.0
463Mb,0.0,0.0,0.0,1.0,4.0,0.0,0.0
464Mb,0.0,1.0,0.0,0.0,3.0,0.0,0.0
465Mb,0.0,4.0,0.0,0.0,0.0,0.0,0.0
466Mb,0.0,0.0,2.0,2.0,0.0,1.0,0.0
467Mb,8.0,0.0,0.0,0.0,5.0,0.0,0.0
468Mb,0.0,2.0,1.0,0.0,7.0,0.0,2.0
469Mb,0.0,0.0,7.0,0.0,0.0,0.0,7.0
470Mb,0.0,0.0,0.0,0.0,8.0,0.0,0.0
471Mb,0.0,0.0,6.0,1.0,0.0,0.0,4.0
472Mb,2.0,2.0,4.0,0.0,0.0,5.0,1.0
473Mb,1.0,0.0,1.0,5.0,0.0,0.0,1.0
474Mb,3.0,0.0,0.0,5.0,0.0,0.0,0.0
475Mb,7.0,0.0,0.0,0.0,0.0,0.0,0.0
476Mb,0.0,0.0,0.0,0.0,0.0,0.0,0.0
477Mb,3.0,8.0,0.0,4.0,0.0,0.0,0.0
478Mb,6.0,0.0,0.0,1.0,2.0,0.0,0.0
479Mb,0.0,0.0,6.0,0.0,8.0,0.0,0.0
480Mb,7.0,7.0,0.0,0.0,0.0,1.0,0.0
481Mb,0.0,0.0,0.0,0.0,4.0,0.0,0.0
482Mb,1.0,0.0,1.0,8.0,0.0,0.0,0.0
483Mb,2.0,0.0,1.0,2.0,4.0,0.0,0.0
484Mb,11.0,0.0,1.0,2.0,0.0,0.0,0.0
485Mb,0.0,3.0,0.0,1.0,0.0,0.0,0.0
486Mb,0.0,0.0,3.0,0.0,2.0,0.0,0.0
487Mb,1.0,0.0,0.0,1.0,2.0,0.0,0.0
488Mb,1.0,0.0,0.0,9.0,0.0,4.0,0.0
489Mb,0.0,0.0,0.0,9.0,5.0,4.0,0.0
490Mb,2.0,4.0,4.0,0.0,6.0,2.0,0.0
491Mb,13.0,0.0,1.0,0.0,1.0,0.0,0.0
492Mb,0.0,4.0,0.0,0.0,0.0,0.0,0.0
493Mb,0.0,1.0,0.0,0.0,0.0,0.0,0.0
494Mb,1.0,0.0,4.0,2.0,1.0,0.0,0.0
495Mb,0.0,0.0,0.0,0.0,4.0,0.0,0.0
496Mb,3.0,0.0,0.0,2.0,4.0,0.0,4.0
497Mb,2.0,3.0,1.0,0.0,0.0,0.0,0.0
498Mb,2.0,0.0,2.0,8.0,2.0,10.0,0.0
499Mb,2.0,0.0,0.0,8.0,5.0,0.0,0.0
500Mb,0.0,0.0,0.0,1.0,1.0,0.0,0.0
501Mb,0.0,3.0,0.0,1.0,6.0,2.0,0.0
502Mb,1.0,0.0,6.0,1.0,0.0,0.0,0.0
503Mb,0.0,0.0,0.0,8.0,5.0,1.0,0.0
504Mb,0.0,0.0,4.0,3.0,0.0,0.0,0.0
505Mb,8.0,0.0,13.0,5.0,4.0,1.0,0.0
506Mb,5.0,0.0,2.0,0.0,1.0,1.0,0.0
507Mb,0.0,0.0,0.0,0.0,0.0,0.0,0.0
508Mb,0.0,0.0,0.0,0.0,3.0,1.0,0.0
509Mb,2.0,0.0,1.0,0.0,1.0,3.0,3.0
510Mb,0.0,0.0,0.0,0.0,2.0,0.0,4.0
511Mb,0.0,7.0,2.0,4.0,0.0,0.0,0.0
512Mb,3.0,0.0,4.0,2.0,13.0,1.0,0.0
513Mb,0.0,0.0,3.0,0.0,0.0,0.0,0.0
514Mb,1.0,5.0,11.0,0.0,2.0,1.0,4.0
515Mb,0.0,0.0,2.0,5.0,0.0,0.0,2.0
516Mb,4.0,0.0,0.0,0.0,3.0,7.0,0.0
517Mb,0.0,5.0,6.0,0.0,5.0,0.0,6.0
518Mb,0.0,0.0,0.0,0.0,4.0,4.0,2.0
519Mb,0.0,0.0,21.0,0.0,2.0,3.0,0.0
520Mb,0.0,3.0,0.0,1.0,0.0,1.0,0.0
521Mb,1.0,0.0,3.0,5.0,1.0,0.0,0.0
522Mb,1.0,3.0,1.0,1.0,0.0,2.0,1.0
523Mb,0.0,5.0,0.0,0.0,0.0,0.0,0.0
524Mb,0.0,0.0,0.0,7.0,0.0,0.0,0.0
525Mb,0.0,0.0,0.0,0.0,1.0,6.0,8.0
526Mb,0.0,2.0,0.0,6.0,0.0,0.0,3.0
527Mb,5.0,0.0,0.0,0.0,0.0,0.0,2.0
528Mb,0.0,3.0,3.0,9.0,2.0,1.0,0.0
529Mb,0.0,9.0,0.0,1.0,0.0,3.0,1.0
530Mb,0.0,0.0,7.0,3.0,1.0,1.0,0.0
531Mb,3.0,0.0,9.0,0.0,1.0,0.0,1.0
532Mb,0.0,0.0,0.0,0.0,7.0,2.0,2.0
533Mb,0.0,0.0,0.0,8.0,3.0,4.0,6.0
534Mb,0.0,10.0,0.0,5.0,0.0,0.0,0.0
535Mb,0.0,1.0,0.0,0.0,3.0,0.0,1.0
536Mb,1.0,1.0,0.0,4.0,0.0,0.0,1.0
537Mb,3.0,0.0,0.0,0.0,0.0,3.0,0.0
538Mb,0.0,0.0,2.0,5.0,3.0,0.0,2.0
539Mb,0.0,0.0,0.0,0.0,0.0,3.0,1.0
540Mb,0.0,0.0,0.0,0.0,1.0,6.0,0.0
541Mb,1.0,6.0,3.0,1.0,0.0,0.0,1.0
542Mb,3.0,0.0,1.0,0.0,0.0,0.0,1.0
543Mb,2.0,0.0,1.0,0.0,0.0,2.0,0.0
544Mb,0.0,0.0,1.0,3.0,0.0,0.0,0.0
545Mb,6.0,1.0,2.0,0.0,0.0,4.0,0.0
546Mb,0.0,3.0,0.0,0.0,0.0,4.0,0.0
547Mb,0.0,0.0,0.0,0.0,0.0,0.0,2.0
548Mb,2.0,4.0,0.0,1.0,0.0,0.0,0.0
549Mb,7.0,0.0,1.0,0.0,0.0,1.0,0.0
550Mb,6.0,2.0,0.0,6.0,0.0,2.0,0.0
551Mb,11.0,0.0,1.0,1.0,0.0,0.0,0.0
552Mb,0.0,0.0,0.0,0.0,0.0,3.0,0.0
553Mb,2.0,0.0,0.0,2.0,0.0,0.0,0.0
554Mb,3.0,0.0,0.0,0.0,0.0,4.0,0.0
555Mb,2.0,2.0,0.0,10.0,0.0,3.0,0.0
556Mb,1.0,1.0,0.0,0.0,0.0,0.0,1.0
557Mb,3.0,0.0,0.0,1.0,0.0,1.0,0.0
558Mb,0.0,10.0,0.0,0.0,0.0,7.0,0.0
559Mb,0.0,0.0,0.0,0.0,0.0,0.0,0.0
560Mb,2.0,5.0,0.0,4.0,0.0,0.0,0.0
561Mb,0.0,9.0,4.0,0.0,3.0,0.0,0.0
562Mb,7.0,6.0,0.0,8.0,6.0,0.0,0.0
563Mb,8.0,1.0,4.0,0.0,18.0,0.0,0.0
564Mb,0.0,3.0,11.0,3.0,0.0,0.0,0.0
565Mb,12.0,6.0,3.0,1.0,0.0,0.0,3.0
566Mb,0.0,3.0,0.0,0.0,5.0,0.0,0.0
567Mb,0.0,0.0,2.0,0.0,1.0,0.0,0.0
568Mb,2.0,3.0,0.0,0.0,0.0,0.0,8.0
569Mb,3.0,0.0,0.0,4.0,1.0,0.0,2.0
570Mb,8.0,16.0,0.0,0.0,2.0,0.0,2.0
571Mb,2.0,1.0,0.0,1.0,3.0,0.0,1.0
572Mb,0.0,2.0,0.0,4.0,3.0,0.0,0.0
573Mb,4.0,0.0,1.0,9.0,2.0,0.0,0.0
574Mb,5.0,1.0,1.0,1.0,0.0,0.0,0.0
575Mb,0.0,1.0,3.0,6.0,3.0,0.0,0.0
576Mb,3.0,0.0,0.0,0.0,0.0,0.0,0.0
577Mb,0.0,1.0,5.0,2.0,3.0,0.0,0.0
578Mb,1.0,0.0,0.0,6.0,2.0,0.0,0.0
579Mb,2.0,0.0,2.0,0.0,1.0,0.0,0.0
580Mb,0.0,7.0,5.0,1.0,3.0,0.0,1.0
581Mb,0.0,0.0,7.0,4.0,1.0,0.0,0.0
582Mb,0.0,19.0,5.0,0.0,0.0,0.0,0.0
583Mb,0.0,15.0,2.0,0.0,5.0,0.0,1.0
584Mb,2.0,0.0,0.0,8.0,6.0,0.0,0.0
585Mb,0.0,0.0,0.0,5.0,0.0,0.0,0.0
586Mb,0.0,2.0,9.0,5.0,9.0,0.0,0.0
587Mb,0.0,4.0,0.0,0.0,3.0,0.0,0.0
588Mb,5.0,4.0,5.0,0.0,1.0,0.0,0.0
589Mb,0.0,0.0,1.0,4.0,2.0,0.0,0.0
590Mb,12.0,0.0,4.0,2.0,1.0,0.0,0.0
591Mb,3.0,0.0,3.0,0.0,0.0,0.0,0.0
592Mb,1.0,1.0,0.0,5.0,1.0,0.0,0.0
593Mb,4.0,11.0,0.0,0.0,4.0,0.0,0.0
594Mb,0.0,1.0,0.0,1.0,3.0,0.0,4.0
595Mb,2.0,0.0,0.0,1.0,0.0,0.0,2.0
596Mb,3.0,3.0,0.0,0.0,0.0,0.0,3.0
597Mb,0.0,0.0,0.0,1.0,0.0,0.0,0.0
598Mb,1.0,0.0,0.0,0.0,1.0,0.0,2.0
599Mb,8.0,0.0,0.0,0.0,0.0,0.0,0.0
600Mb,0.0,1.0,7.0,3.0,0.0,0.0,0.0
601Mb,0.0,3.0,4.0,7.0,0.0,0.0,0.0
602Mb,0.0,2.0,3.0,0.0,2.0,0.0,0.0
603Mb,2.0,0.0,14.0,7.0,8.0,0.0,0.0
604Mb,0.0,14.0,0.0,3.0,1.0,0.0,0.0
605Mb,0.0,0.0,2.0,2.0,0.0,0.0,3.0
606Mb,4.0,7.0,0.0,2.0,0.0,0.0,0.0
607Mb,0.0,0.0,0.0,4.0,0.0,0.0,0.0
608Mb,1.0,1.0,0.0,0.0,0.0,0.0,0.0
609Mb,0.0,0.0,3.0,1.0,0.0,0.0,0.0
610Mb,0.0,12.0,3.0,0.0,0.0,0.0,0.0
611Mb,1.0,0.0,0.0,0.0,0.0,0.0,0.0
612Mb,1.0,0.0,6.0,3.0,0.0,0.0,0.0
613Mb,5.0,0.0,3.0,2.0,0.0,0.0,0.0
614Mb,0.0,0.0,2.0,1.0,0.0,0.0,0.0
615Mb,1.0,6.0,1.0,0.0,0.0,0.0,0.0
616Mb,3.0,1.0,0.0,2.0,0.0,0.0,0.0
617Mb,4.0,0.0,2.0,0.0,0.0,0.0,1.0
618Mb,2.0,0.0,0.0,1.0,0.0,0.0,0.0
619Mb,2.0,0.0,1.0,9.0,0.0,0.0,0.0
620Mb,2.0,0.0,1.0,0.0,0.0,0.0,0.0
621Mb,5.0,0.0,1.0,13.0,0.0,0.0,0.0
622Mb,6.0,1.0,0.0,0.0,0.0,0.0,0.0
623Mb,1.0,6.0,5.0,2.0,0.0,0.0,0.0
624Mb,0.0,0.0,3.0,0.0,0.0,0.0,3.0
625Mb,4.0,0.0,2.0,0.0,0.0,0.0,6.0
626Mb,0.0,0.0,4.0,0.0,0.0,0.0,1.0
627Mb,2.0,9.0,0.0,0.0,0.0,0.0,1.0
628Mb,1.0,4.0,4.0,2.0,0.0,0.0,2.0
629Mb,4.0,0.0,4.0,0.0,0.0,0.0,0.0
630Mb,2.0,0.0,4.0,1.0,0.0,0.0,3.0
631Mb,3.0,0.0,6.0,0.0,0.0,0.0,0.0
632Mb,4.0,7.0,1.0,3.0,0.0,0.0,2.0
633Mb,0.0,0.0,0.0,3.0,0.0,0.0,0.0
634Mb,3.0,0.0,0.0,0.0,0.0,0.0,0.0
635Mb,0.0,3.0,3.0,0.0,0.0,0.0,1.0
636Mb,1.0,3.0,2.0,0.0,0.0,0.0,0.0
637Mb,2.0,1.0,8.0,0.0,0.0,0.0,0.0
638Mb,2.0,1.0,0.0,1.0,0.0,0.0,0.0
639Mb,5.0,2.0,2.0,1.0,0.0,0.0,11.0
640Mb,4.0,2.0,0.0,5.0,0.0,0.0,0.0
641Mb,4.0,2.0,2.0,0.0,0.0,0.0,0.0
642Mb,0.0,4.0,1.0,0.0,2.0,0.0,0.0
643Mb,0.0,4.0,6.0,0.0,0.0,0.0,1.0
644Mb,4.0,0.0,0.0,0.0,1.0,0.0,0.0
645Mb,0.0,0.0,0.0,0.0,5.0,0.0,0.0
646Mb,3.0,0.0,2.0,0.0,1.0,0.0,3.0
647Mb,1.0,0.0,2.0,1.0,1.0,0.0,9.0
648Mb,9.0,1.0,0.0,0.0,0.0,4.0,0.0
649Mb,0.0,2.0,0.0,0.0,5.0,2.0,0.0
650Mb,0.0,0.0,7.0,0.0,0.0,4.0,3.0
651Mb,0.0,0.0,2.0,0.0,4.0,1.0,0.0
652Mb,0.0,11.0,0.0,0.0,0.0,0.0,0.0
653Mb,1.0,4.0,2.0,0.0,2.0,0.0,0.0
654Mb,1.0,3.0,4.0,0.0,3.0,0.0,0.0
655Mb,1.0,1.0,0.0,0.0,0.0,5.0,0.0
656Mb,2.0,2.0,0.0,0.0,0.0,0.0,0.0
657Mb,0.0,5.0,4.0,0.0,3.0,3.0,1.0
658Mb,4.0,0.0,1.0,0.0,3.0,3.0,10.0
659Mb,0.0,4.0,0.0,0.0,0.0,0.0,1.0
660Mb,2.0,4.0,1.0,0.0,4.0,1.0,0.0
661Mb,0.0,0.0,0.0,0.0,2.0,0.0,0.0
662Mb,0.0,0.0,0.0,0.0,0.0,14.0,0.0
663Mb,0.0,2.0,5.0,0.0,2.0,5.0,0.0
664Mb,3.0,0.0,0.0,0.0,0.0,10.0,0.0
665Mb,5.0,0.0,0.0,0.0,0.0,14.0,0.0
666Mb,1.0,0.0,3.0,3.0,8.0,0.0,0.0
667Mb,7.0,4.0,2.0,3.0,0.0,9.0,0.0
668Mb,5.0,0.0,0.0,1.0,1.0,0.0,0.0
669Mb,0.0,1.0,0.0,19.0,0.0,0.0,0.0
670Mb,7.0,4.0,0.0,0.0,0.0,9.0,0.0
671Mb,1.0,7.0,0.0,1.0,1.0,0.0,0.0
672Mb,1.0,0.0,0.0,0.0,0.0,2.0,0.0
673Mb,0.0,0.0,0.0,0.0,0.0,1.0,3.0
674Mb,0.0,0.0,0.0,5.0,7.0,1.0,6.0
675Mb,1.0,1.0,0.0,4.0,3.0,0.0,3.0
676Mb,1.0,5.0,1.0,0.0,0.0,1.0,5.0
677Mb,4.0,0.0,0.0,0.0,1.0,3.0,3.0
678Mb,0.0,0.0,0.0,1.0,1.0,0.0,0.0
679Mb,0.0,0.0,6.0,0.0,1.0,3.0,1.0
680Mb,4.0,0.0,0.0,0.0,0.0,0.0,0.0
681Mb,0.0,0.0,2.0,1.0,6.0,4.0,0.0
682Mb,0.0,0.0,3.0,1.0,2.0,2.0,1.0
683Mb,1.0,5.0,0.0,0.0,0.0,4.0,5.0
684Mb,0.0,0.0,0.0,7.0,1.0,2.0,0.0
685Mb,0.0,0.0,4.0,18.0,0.0,8.0,4.0
686Mb,0.0,0.0,0.0,2.0,0.0,0.0,1.0
687Mb,13.0,1.0,0.0,3.0,0.0,1.0,0.0
688Mb,0.0,0.0,0.0,1.0,0.0,4.0,1.0
689Mb,2.0,0.0,0.0,5.0,5.0,2.0,5.0
690Mb,1.0,0.0,3.0,2.0,0.0,0.0,1.0
691Mb,0.0,0.0,3.0,0.0,1.0,0.0,14.0
692Mb,0.0,0.0,2.0,0.0,0.0,0.0,0.0
693Mb,15.0,0.0,1.0,2.0,0.0,0.0,2.0
694Mb,5.0,0.0,0.0,0.0,0.0,2.0,7.0
695Mb,2.0,0.0,3.0,1.0,1.0,4.0,3.0
696Mb,0.0,0.0,0.0,3.0,1.0,1.0,7.0
697Mb,7.0,0.0,2.0,0.0,0.0,0.0,8.0
698Mb,0.0,0.0,0.0,0.0,0.0,1.0,0.0
699Mb,0.0,0.0,1.0,0.0,0.0,14.0,3.0
700Mb,10.0,0.0,2.0,4.0,2.0,2.0,6.0
701Mb,0.0,0.0,2.0,0.0,4.0,0.0,0.0
702Mb,3.0,0.0,0.0,0.0,0.0,0.0,0.0
703Mb,0.0,0.0,0.0,1.0,1.0,0.0,3.0
704Mb,3.0,8.0,8.0,3.0,1.0,0.0,0.0
705Mb,0.0,0.0,1.0,2.0,0.0,0.0,0.0
706Mb,1.0,0.0,1.0,4.0,13.0,0.0,10.0
707Mb,0.0,13.0,1.0,0.0,2.0,0.0,0.0
708Mb,0.0,3.0,3.0,3.0,1.0,0.0,2.0
709Mb,0.0,4.0,0.0,1.0,7.0,0.0,0.0
710Mb,0.0,0.0,5.0,7.0,2.0,0.0,1.0
711Mb,5.0,3.0,0.0,18.0,2.0,0.0,0.0
712Mb,0.0,4.0,0.0,4.0,2.0,0.0,0.0
713Mb,0.0,0.0,5.0,0.0,0.0,0.0,5.0
714Mb,4.0,0.0,3.0,1.0,1.0,0.0,0.0
715Mb,2.0,0.0,1.0,1.0,0.0,1.0,0.0
716Mb,4.0,1.0,1.0,8.0,0.0,2.0,2.0
717Mb,0.0,0.0,4.0,0.0,3.0,4.0,0.0
718Mb,8.0,2.0,5.0,3.0,0.0,0.0,0.0
719Mb,0.0,0.0,3.0,0.0,0.0,6.0,0.0
720Mb,1.0,0.0,0.0,0.0,0.0,3.0,2.0
721Mb,3.0,0.0,2.0,0.0,2.0,5.0,1.0
722Mb,3.0,0.0,3.0,0.0,2.0,5.0,2.0
723Mb,0.0,2.0,3.0,6.0,0.0,0.0,0.0
724Mb,1.0,0.0,0.0,4.0,1.0,4.0,0.0
725Mb,0.0,0.0,0.0,1.0,1.0,1.0,2.0
726Mb,2.0,1.0,0.0,0.0,6.0,0.0,6.0
727Mb,1.0,6.0,0.0,0.0,0.0,9.0,5.0
728Mb,0.0,0.0,0.0,0.0,1.0,0.0,0.0
729Mb,2.0,1.0,0.0,0.0,1.0,2.0,4.0
730Mb,0.0,0.0,0.0,1.0,1.0,0.0,0.0
731Mb,0.0,0.0,0.0,4.0,0.0,6.0,0.0
732Mb,2.0,0.0,0.0,0.0,0.0,3.0,8.0
733Mb,0.0,0.0,0.0,0.0,0.0,0.0,0.0
734Mb,2.0,2.0,0.0,0.0,0.0,0.0,0.0
735Mb,0.0,1.0,0.0,0.0,0.0,0.0,0.0
736Mb,0.0,4.0,0.0,4.0,0.0,0.0,0.0
737Mb,0.0,7.0,0.0,0.0,3.0,0.0,0.0
738Mb,1.0,0.0,0.0,0.0,0.0,0.0,0.0
739Mb,0.0,0.0,0.0,0.0,0.0,0.0,0.0
740Mb,1.0,3.0,0.0,3.0,0.0,0.0,7.0
741Mb,3.0,5.0,0.0,1.0,8.0,0.0,2.0
742Mb,3.0,2.0,0.0,3.0,0.0,5.0,4.0
743Mb,0.0,0.0,0.0,2.0,0.0,1.0,10.0
744Mb,0.0,0.0,0.0,0.0,0.0,0.0,0.0
745Mb,8.0,0.0,4.0,0.0,0.0,5.0,3.0
746Mb,1.0,0.0,3.0,5.0,0.0,0.0,2.0
747Mb,1.0,0.0,1.0,1.0,6.0,0.0,0.0
748Mb,0.0,0.0,0.0,1.0,0.0,0.0,0.0
749Mb,0.0,0.0,2.0,2.0,0.0,0.0,3.0
750Mb,1.0,0.0,0.0,5.0,0.0,1.0,0.0
751Mb,0.0,1.0,1.0,0.0,4.0,4.0,0.0
752Mb,1.0,0.0,0.0,1.0,4.0,0.0,0.0
753Mb,1.0,1.0,7.0,5.0,0.0,3.0,0.0
754Mb,0.0,1.0,7.0,0.0,0.0,0.0,0.0
755Mb,0.0,0.0,2.0,0.0,9.0,1.0,15.0
756Mb,1.0,0.0,2.0,0.0,1.0,0.0,0.0
757Mb,0.0,0.0,8.0,4.0,3.0,5.0,0.0
758Mb,2.0,2.0,0.0,0.0,0.0,0.0,4.0
759Mb,2.0,0.0,1.0,0.0,2.0,0.0,0.0
760Mb,1.0,0.0,0.0,0.0,0.0,2.0,0.0
761Mb,1.0,0.0,0.0,1.0,0.0,16.0,2.0
762Mb,0.0,0.0,1.0,1.0,0.0,0.0,0.0
763Mb,0.0,9.0,0.0,0.0,7.0,4.0,3.0
764Mb,5.0,0.0,5.0,1.0,0.0,1.0,1.0
765Mb,0.0,0.0,4.0,3.0,0.0,0.0,5.0
766Mb,1.0,0.0,0.0,1.0,7.0,0.0,0.0
767Mb,1.0,0.0,5.0,0.0,0.0,2.0,0.0
768Mb,0.0,0.0,2.0,1.0,12.0,0.0,0.0
769Mb,2.0,0.0,0.0,0.0,2.0,1.0,1.0
770Mb,0.0,0.0,0.0,6.0,1.0,0.0,1.0
771Mb,0.0,0.0,0.0,1.0,0.0,2.0,1.0
772Mb,0.0,0.0,2.0,1.0,0.0,4.0,3.0
773Mb,0.0,5.0,0.0,0.0,3.0,0.0,0.0
774Mb,2.0,1.0,0.0,3.0,0.0,0.0,5.0
775Mb,0.0,0.0,1.0,0.0,0.0,0.0,0.0
776Mb,3.0,1.0,0.0,0.0,7.0,0.0,0.0
777Mb,4.0,0.0,9.0,0.0,0.0,1.0,0.0
778Mb,6.0,0.0,3.0,0.0,0.0,0.0,2.0
779Mb,0.0,0.0,0.0,2.0,0.0,6.0,0.0
780Mb,1.0,0.0,1.0,0.0,0.0,0.0,0.0
781Mb,0.0,0.0,0.0,0.0,0.0,3.0,0.0
782Mb,0.0,8.0,0.0,5.0,0.0,0.0,0.0
783Mb,0.0,0.0,4.0,0.0,6.0,0.0,0.0
784Mb,0.0,5.0,0.0,1.0,4.0,0.0,0.0
785Mb,7.0,3.0,0.0,8.0,0.0,0.0,3.0
786Mb,1.0,2.0,3.0,8.0,0.0,0.0,0.0
787Mb,2.0,0.0,2.0,0.0,1.0,1.0,0.0
788Mb,0.0,2.0,7.0,0.0,0.0,0.0,1.0
789Mb,0.0,0.0,10.0,0.0,0.0,1.0,4.0
790Mb,2.0,1.0,3.0,0.0,4.0,11.0,0.0
791Mb,1.0,5.0,0.0,1.0,0.0,0.0,1.0
792Mb,0.0,0.0,0.0,0.0,0.0,0.0,6.0
793Mb,1.0,1.0,2.0,0.0,0.0,0.0,1.0
794Mb,6.0,0.0,1.0,11.0,0.0,0.0,1.0
795Mb,1.0,0.0,0.0,3.0,0.0,2.0,0.0
796Mb,0.0,0.0,0.0,3.0,1.0,0.0,1.0
797Mb,0.0,0.0,0.0,0.0,0.0,0.0,0.0
798Mb,1.0,9.0,0.0,8.0,0.0,0.0,3.0
799Mb,0.0,4.0,0.0,3.0,0.0,0.0,0.0
800Mb,0.0,0.0,0.0,0.0,0.0,0.0,0.0
801Mb,0.0,7.0,0.0,0.0,0.0,0.0,0.0
802Mb,0.0,3.0,0.0,5.0,2.0,2.0,0.0
803Mb,0.0,0.0,0.0,0.0,0.0,5.0,2.0
804Mb,0.0,0.0,0.0,0.0,1.0,2.0,0.0
805Mb,0.0,3.0,0.0,0.0,2.0,7.0,0.0
806Mb,0.0,0.0,1.0,0.0,0.0,5.0,0.0
807Mb,2.0,0.0,1.0,4.0,2.0,2.0,0.0
808Mb,0.0,0.0,0.0,0.0,3.0,0.0,1.0
809Mb,3.0,0.0,0.0,2.0,9.0,0.0,0.0
810Mb,2.0,0.0,0.0,5.0,1.0,0.0,4.0
811Mb,0.0,1.0,10.0,0.0,0.0,0.0,3.0
812Mb,5.0,2.0,5.0,0.0,11.0,0.0,0.0
813Mb,0.0,0.0,3.0,0.0,0.0,0.0,0.0
814Mb,0.0,0.0,1.0,1.0,0.0,1.0,2.0
815Mb,2.0,0.0,0.0,0.0,0.0,0.0,0.0
816Mb,0.0,2.0,0.0,2.0,0.0,2.0,0.0
817Mb,0.0,0.0,2.0,0.0,0.0,0.0,4.0
818Mb,0.0,1.0,1.0,4.0,2.0,0.0,1.0
819Mb,0.0,6.0,4.0,3.0,0.0,0.0,0.0
820Mb,0.0,0.0,4.0,0.0,0.0,0.0,7.0
821Mb,1.0,0.0,0.0,2.0,1.0,0.0,0.0
822Mb,9.0,0.0,0.0,3.0,0.0,2.0,0.0
823Mb,0.0,0.0,0.0,7.0,0.0,0.0,3.0
824Mb,0.0,0.0,0.0,0.0,1.0,1.0,1.0
825Mb,0.0,0.0,0.0,1.0,0.0,1.0,2.0
826Mb,0.0,9.0,0.0,0.0,0.0,1.0,0.0
827Mb,0.0,0.0,0.0,3.0,8.0,0.0,2.0
828Mb,0.0,0.0,1.0,11.0,1.0,0.0,0.0
829Mb,0.0,0.0,6.0,0.0,3.0,0.0,0.0
830Mb,1.0,4.0,3.0,0.0,0.0,0.0,2.0
831Mb,0.0,5.0,0.0,0.0,0.0,0.0,1.0
832Mb,0.0,0.0,3.0,0.0,2.0,0.0,0.0
833Mb,1.0,7.0,0.0,3.0,2.0,14.0,0.0
834Mb,0.0,2.0,1.0,0.0,0.0,3.0,0.0
835Mb,7.0,1.0,10.0,2.0,2.0,0.0,0.0
836Mb,2.0,0.0,7.0,0.0,0.0,12.0,0.0
837Mb,2.0,0.0,4.0,0.0,5.0,0.0,0.0
838Mb,2.0,2.0,1.0,0.0,0.0,1.0,0.0
839Mb,2.0,1.0,0.0,5.0,5.0,3.0,0.0
840Mb,6.0,3.0,12.0,0.0,8.0,0.0,0.0
841Mb,1.0,0.0,1.0,2.0,1.0,0.0,0.0
842Mb,7.0,0.0,1.0,0.0,2.0,0.0,4.0
843Mb,0.0,3.0,0.0,0.0,2.0,4.0,0.0
844Mb,0.0,2.0,0.0,1.0,0.0,0.0,0.0
845Mb,0.0,8.0,0.0,0.0,0.0,3.0,0.0
846Mb,3.0,9.0,0.0,3.0,0.0,1.0,6.0
847Mb,0.0,0.0,4.0,0.0,3.0,3.0,0.0
848Mb,1.0,0.0,2.0,1.0,1.0,0.0,10.0
849Mb,1.0,1.0,0.0,0.0,2.0,0.0,1.0
850Mb,0.0,5.0,3.0,0.0,5.0,6.0,5.0
851Mb,7.0,3.0,3.0,0.0,1.0,0.0,2.0
852Mb,0.0,0.0,1.0,0.0,0.0,10.0,0.0
853Mb,0.0,0.0,0.0,0.0,3.0,0.0,2.0
854Mb,0.0,3.0,0.0,0.0,0.0,0.0,4.0
855Mb,0.0,0.0,0.0,3.0,0.0,2.0,0.0
856Mb,10.0,0.0,1.0,1.0,0.0,2.0,0.0
857Mb,5.0,0.0,0.0,0.0,3.0,3.0,0.0
858Mb,9.0,1.0,4.0,2.0,0.0,19.0,1.0
859Mb,6.0,11.0,2.0,0.0,0.0,0.0,1.0
860Mb,2.0,0.0,1.0,2.0,4.0,0.0,0.0
861Mb,0.0,0.0,0.0,0.0,0.0,0.0,1.0
862Mb,4.0,3.0,0.0,0.0,3.0,3.0,0.0
863Mb,1.0,1.0,0.0,0.0,0.0,0.0,2.0
864Mb,0.0,3.0,3.0,0.0,0.0,0.0,0.0
865Mb,3.0,0.0,0.0,0.0,0.0,0.0,0.0
866Mb,0.0,0.0,0.0,0.0,6.0,0.0,0.0
867Mb,8.0,11.0,0.0,0.0,0.0,0.0,3.0
868Mb,4.0,1.0,5.0,0.0,0.0,9.0,0.0
869Mb,0.0,0.0,0.0,1.0,2.0,0.0,4.0
870Mb,1.0,0.0,0.0,6.0,0.0,0.0,4.0
871Mb,0.0,0.0,0.0,2.0,0.0,0.0,0.0
872Mb,5.0,0.0,2.0,0.0,1.0,3.0,3.0
873Mb,0.0,5.0,0.0,8.0,0.0,0.0,0.0
874Mb,0.0,6.0,0.0,0.0,1.0,5.0,0.0
875Mb,0.0,0.0,0.0,7.0,0.0,0.0,0.0
876Mb,0.0,0.0,0.0,3.0,0.0,11.0,0.0
877Mb,3.0,0.0,0.0,3.0,0.0,0.0,0.0
878Mb,0.0,0.0,0.0,0.0,0.0,1.0,3.0
879Mb,10.0,3.0,4.0,0.0,0.0,0.0,0.0
880Mb,0.0,0.0,0.0,5.0,3.0,0.0,0.0
881Mb,4.0,0.0,0.0,0.0,0.0,1.0,0.0
882Mb,6.0,0.0,3.0,0.0,3.0,2.0,0.0
883Mb,0.0,0.0,4.0,0.0,2.0,0.0,0.0
884Mb,3.0,2.0,3.0,0.0,0.0,2.0,0.0
885Mb,1.0,2.0,8.0,1.0,0.0,0.0,0.0
886Mb,6.0,0.0,0.0,0.0,2.0,0.0,2.0
887Mb,0.0,0.0,1.0,0.0,0.0,4.0,0.0
888Mb,0.0,0.0,2.0,0.0,3.0,2.0,1.0
889Mb,3.0,0.0,0.0,0.0,0.0,0.0,0.0
890Mb,0.0,2.0,2.0,0.0,0.0,3.0,5.0
891Mb,0.0,0.0,5.0,0.0,0.0,0.0,0.0
892Mb,3.0,4.0,1.0,0.0,0.0,0.0,4.0
893Mb,4.0,0.0,0.0,0.0,0.0,0.0,0.0
894Mb,0.0,1.0,3.0,1.0,0.0,3.0,6.0
895Mb,0.0,0.0,1.0,1.0,0.0,2.0,0.0
896Mb,0.0,2.0,0.0,0.0,0.0,0.0,0.0
897Mb,0.0,1.0,10.0,2.0,0.0,0.0,0.0
898Mb,1.0,0.0,0.0,2.0,0.0,0.0,0.0
899Mb,0.0,0.0,1.0,0.0,2.0,0.0,3.0
900Mb,4.0,0.0,1.0,1.0,1.0,0.0,0.0
901Mb,0.0,0.0,7.0,0.0,0.0,1.0,0.0
902Mb,0.0,0.0,4.0,0.0,0.0,1.0,8.0
903Mb,1.0,1.0,3.0,0.0,0.0,0.0,2.0
904Mb,9.0,1.0,2.0,1.0,2.0,4.0,1.0
905Mb,0.0,0.0,0.0,0.0,6.0,1.0,0.0
906Mb,1.0,0.0,6.0,6.0,2.0,0.0,10.0
907Mb,3.0,1.0,0.0,0.0,1.0,11.0,2.0
908Mb,3.0,7.0,0.0,0.0,3.0,0.0,0.0
909Mb,1.0,6.0,4.0,15.0,0.0,5.0,2.0
910Mb,4.0,2.0,0.0,0.0,4.0,2.0,2.0
911Mb,0.0,0.0,0.0,0.0,0.0,0.0,1.0
912Mb,0.0,0.0,0.0,0.0,1.0,0.0,0.0
913Mb,5.0,0.0,1.0,2.0,1.0,0.0,0.0
914Mb,3.0,0.0,0.0,0.0,0.0,0.0,0.0
915Mb,0.0,0.0,8.0,1.0,0.0,0.0,0.0
916Mb,0.0,2.0,2.0,1.0,1.0,0.0,1.0
917Mb,0.0,1.0,2.0,0.0,0.0,0.0,0.0
918Mb,0.0,0.0,0.0,0.0,0.0,4.0,0.0
919Mb,2.0,0.0,0.0,2.0,0.0,2.0,0.0
920Mb,0.0,2.0,0.0,5.0,3.0,0.0,1.0
921Mb,0.0,5.0,0.0,0.0,0.0,0.0,0.0
922Mb,6.0,0.0,0.0,1.0,0.0,0.0,0.0
923Mb,5.0,0.0,6.0,2.0,0.0,0.0,4.0
924Mb,1.0,0.0,5.0,3.0,2.0,3.0,0.0
925Mb,9.0,1.0,1.0,1.0,0.0,0.0,0.0
926Mb,0.0,0.0,0.0,0.0,0.0,0.0,1.0
927Mb,1.0,2.0,6.0,1.0,0.0,3.0,0.0
928Mb,6.0,3.0,0.0,0.0,0.0,0.0,0.0
929Mb,3.0,5.0,3.0,1.0,1.0,3.0,0.0
930Mb,0.0,5.0,0.0,3.0,0.0,1.0,1.0
931Mb,3.0,2.0,0.0,3.0,0.0,0.0,0.0
932Mb,0.0,1.0,3.0,0.0,0.0,0.0,1.0
933Mb,0.0,4.0,0.0,0.0,1.0,2.0,1.0
934Mb,0.0,0.0,0.0,0.0,0.0,6.0,1.0
935Mb,1.0,0.0,0.0,2.0,7.0,0.0,0.0
936Mb,6.0,0.0,0.0,2.0,0.0,8.0,4.0
937Mb,0.0,0.0,0.0,0.0,6.0,8.0,0.0
938Mb,6.0,3.0,4.0,0.0,1.0,0.0,0.0
939Mb,0.0,2.0,0.0,2.0,5.0,0.0,0.0
940Mb,0.0,0.0,0.0,0.0,8.0,0.0,7.0
941Mb,1.0,0.0,3.0,0.0,0.0,0.0,2.0
942Mb,0.0,0.0,0.0,0.0,0.0,5.0,0.0
943Mb,0.0,1.0,0.0,0.0,0.0,5.0,0.0
944Mb,8.0,0.0,0.0,3.0,0.0,0.0,0.0
945Mb,1.0,1.0,0.0,0.0,0.0,0.0,0.0
946Mb,1.0,3.0,0.0,0.0,0.0,0.0,0.0
947Mb,1.0,0.0,0.0,0.0,3.0,0.0,2.0
948Mb,2.0,0.0,4.0,0.0,0.0,0.0,0.0
949Mb,0.0,0.0,0.0,0.0,1.0,2.0,2.0
950Mb,0.0,0.0,4.0,2.0,4.0,0.0,0.0
951Mb,0.0,2.0,0.0,0.0,1.0,1.0,0.0
952Mb,1.0,0.0,3.0,4.0,0.0,4.0,1.0
953Mb,0.0,0.0,0.0,7.0,0.0,7.0,6.0
954Mb,0.0,0.0,2.0,7.0,2.0,3.0,0.0
955Mb,0.0,0.0,0.0,1.0,1.0,0.0,0.0
956Mb,0.0,0.0,0.0,1.0,0.0,3.0,0.0
957Mb,0.0,2.0,0.0,1.0,0.0,1.0,0.0
958Mb,1.0,3.0,0.0,6.0,0.0,3.0,0.0
959Mb,0.0,1.0,1.0,0.0,1.0,1.0,0.0
960Mb,0.0,0.0,0.0,0.0,3.0,0.0,6.0
961Mb,0.0,0.0,0.0,3.0,1.0,3.0,1.0
962Mb,0.0,0.0,0.0,7.0,0.0,1.0,0.0
963Mb,3.0,0.0,0.0,3.0,0.0,0.0,0.0
964Mb,0.0,4.0,0.0,10.0,1.0,1.0,1.0
965Mb,0.0,0.0,2.0,0.0,0.0,0.0,0.0
966Mb,2.0,1.0,2.0,0.0,0.0,0.0,9.0
967Mb,0.0,7.0,1.0,0.0,1.0,0.0,4.0
968Mb,0.0,0.0,6.0,1.0,0.0,2.0,0.0
969Mb,0.0,0.0,1.0,0.0,2.0,0.0,0.0
970Mb,0.0,0.0,5.0,0.0,0.0,0.0,6.0
971Mb,8.0,0.0,0.0,0.0,4.0,4.0,3.0
972Mb,1.0,4.0,0.0,6.0,0.0,4.0,3.0
973Mb,1.0,2.0,5.0,0.0,0.0,0.0,0.0
974Mb,4.0,0.0,0.0,0.0,0.0,2.0,0.0
975Mb,0.0,2.0,1.0,29.0,0.0,0.0,0.0
976Mb,0.0,0.0,0.0,0.0,0.0,2.0,2.0
977Mb,0.0,0.0,0.0,8.0,0.0,0.0,0.0
978Mb,0.0,0.0,0.0,4.0,2.0,9.0,0.0
979Mb,13.0,5.0,2.0,7.0,1.0,0.0,1.0
980Mb,0.0,4.0,1.0,2.0,5.0,0.0,0.0
981Mb,0.0,5.0,0.0,0.0,0.0,0.0,3.0
982Mb,6.0,10.0,0.0,4.0,0.0,0.0,0.0
983Mb,5.0,1.0,4.0,0.0,2.0,0.0,0.0
984Mb,4.0,0.0,0.0,2.0,0.0,0.0,11.0
985Mb,0.0,1.0,3.0,0.0,17.0,5.0,4.0
986Mb,0.0,4.0,11.0,0.0,0.0,0.0,3.0
987Mb,1.0,2.0,0.0,1.0,0.0,0.0,0.0
988Mb,0.0,2.0,2.0,1.0,6.0,2.0,0.0
989Mb,0.0,0.0,0.0,0.0,0.0,0.0,0.0
990Mb,15.0,0.0,0.0,3.0,0.0,1.0,0.0
991Mb,5.0,0.0,2.0,0.0,3.0,0.0,2.0
992Mb,0.0,1.0,2.0,0.0,1.0,0.0,0.0
993Mb,3.0,0.0,0.0,2.0,1.0,0.0,1.0
994Mb,3.0,5.0,0.0,0.0,1.0,0.0,6.0
995Mb,2.0,1.0,1.0,0.0,0.0,0.0,0.0
996Mb,2.0,0.0,0.0,1.0,1.0,0.0,0.0
997Mb,0.0,0.0,3.0,0.0,0.0,0.0,0.0
998Mb,2.0,3.0,0.0,0.0,1.0,2.0,1.0
999Mb,0.0,2.0,0.0,0.0,1.0,8.0,2.0
1000Mb,0.0,2.0,30.0,0.0,3.0,0.0,0.0
1001Mb,4.0,1.0,0.0,0.0,6.0,2.0,0.0
1002Mb,0.0,3.0,0.0,0.0,0.0,0.0,0.0
1003Mb,3.0,0.0,4.0,0.0,4.0,1.0,0.0
1004Mb,1.0,0.0,0.0,1.0,6.0,4.0,7.0
1005Mb,0.0,3.0,4.0,9.0,4.0,0.0,1.0
1006Mb,0.0,6.0,0.0,6.0,0.0,4.0,0.0
1007Mb,4.0,0.0,0.0,5.0,0.0,6.0,4.0
1008Mb,7.0,0.0,1.0,3.0,0.0,2.0,0.0
1009Mb,0.0,0.0,2.0,6.0,0.0,0.0,0.0
1010Mb,0.0,9.0,0.0,11.0,5.0,3.0,0.0
1011Mb,0.0,0.0,2.0,1.0,0.0,2.0,0.0
1012Mb,0.0,0.0,0.0,0.0,7.0,0.0,2.0
1013Mb,1.0,3.0,0.0,0.0,7.0,1.0,0.0
1014Mb,3.0,0.0,4.0,0.0,10.0,1.0,0.0
1015Mb,2.0,0.0,4.0,0.0,0.0,3.0,0.0
1016Mb,3.0,0.0,0.0,0.0,9.0,0.0,0.0
1017Mb,0.0,0.0,1.0,0.0,1.0,0.0,2.0
1018Mb,0.0,5.0,7.0,1.0,0.0,11.0,15.0
1019Mb,2.0,8.0,0.0,0.0,1.0,0.0,0.0
1020Mb,1.0,0.0,3.0,0.0,0.0,0.0,2.0
1021Mb,0.0,2.0,0.0,0.0,0.0,5.0,0.0
1022Mb,0.0,3.0,0.0,6.0,0.0,0.0,2.0
1023Mb,0.0,3.0,1.0,0.0,0.0,5.0,1.0
1024Mb,0.0,0.0,0.0,4.0,7.0,7.0,1.0
1025Mb,4.0,0.0,0.0,1.0,0.0,0.0,5.0
1026Mb,1.0,2.0,0.0,0.0,0.0,0.0,0.0
1027Mb,2.0,0.0,0.0,3.0,1.0,0.0,0.0
1028Mb,0.0,0.0,3.0,0.0,0.0,3.0,1.0
1029Mb,0.0,0.0,3.0,0.0,4.0,0.0,0.0
1030Mb,5.0,0.0,6.0,3.0,2.0,1.0,0.0
1031Mb,0.0,0.0,0.0,0.0,1.0,2.0,0.0
1032Mb,0.0,1.0,1.0,12.0,0.0,5.0,1.0
1033Mb,0.0,7.0,0.0,1.0,4.0,0.0,0.0
1034Mb,0.0,0.0,0.0,3.0,5.0,11.0,0.0
1035Mb,0.0,0.0,2.0,2.0,0.0,0.0,11.0
1036Mb,0.0,0.0,0.0,6.0,0.0,4.0,0.0
1037Mb,0.0,4.0,5.0,2.0,7.0,0.0,0.0
1038Mb,0.0,1.0,4.0,0.0,0.0,0.0,0.0
1039Mb,0.0,1.0,8.0,0.0,1.0,0.0,5.0
1040Mb,1.0,4.0,2.0,0.0,1.0,2.0,0.0
1041Mb,1.0,0.0,3.0,0.0,1.0,0.0,1.0
1042Mb,2.0,4.0,0.0,0.0,0.0,3.0,1.0
1043Mb,0.0,0.0,0.0,0.0,0.0,0.0,0.0
1044Mb,1.0,0.0,0.0,0.0,0.0,0.0,0.0
1045Mb,0.0,0.0,0.0,0.0,0.0,0.0,7.0
1046Mb,9.0,0.0,4.0,0.0,0.0,0.0,0.0
1047Mb,1.0,0.0,0.0,0.0,0.0,0.0,6.0
1048Mb,0.0,0.0,2.0,1.0,0.0,0.0,0.0
1049Mb,1.0,0.0,1.0,0.0,1.0,4.0,3.0
1050Mb,0.0,0.0,5.0,3.0,2.0,0.0,0.0
1051Mb,3.0,0.0,0.0,0.0,0.0,2.0,0.0
1052Mb,0.0,0.0,1.0,1.0,0.0,0.0,0.0
1053Mb,0.0,3.0,0.0,0.0,1.0,2.0,3.0
1054Mb,0.0,0.0,6.0,0.0,2.0,0.0,2.0
1055Mb,4.0,2.0,0.0,0.0,12.0,0.0,0.0
1056Mb,0.0,0.0,4.0,1.0,4.0,0.0,0.0
1057Mb,2.0,0.0,8.0,0.0,6.0,0.0,6.0
1058Mb,0.0,0.0,0.0,1.0,7.0,0.0,0.0
1059Mb,9.0,0.0,1.0,0.0,5.0,1.0,5.0
1060Mb,2.0,0.0,0.0,2.0,0.0,4.0,0.0
1061Mb,3.0,0.0,0.0,0.0,1.0,0.0,0.0
1062Mb,11.0,4.0,7.0,0.0,0.0,0.0,2.0
1063Mb,3.0,0.0,2.0,14.0,0.0,0.0,0.0
1064Mb,0.0,3.0,0.0,4.0,1.0,4.0,0.0
1065Mb,4.0,0.0,2.0,5.0,1.0,0.0,0.0
1066Mb,0.0,0.0,3.0,1.0,0.0,2.0,0.0
1067Mb,1.0,6.0,0.0,0.0,0.0,0.0,0.0
1068Mb,2.0,0.0,0.0,5.0,4.0,0.0,0.0
1069Mb,0.0,0.0,2.0,5.0,4.0,3.0,0.0
1070Mb,5.0,0.0,0.0,0.0,1.0,0.0,11.0
1071Mb,0.0,0.0,0.0,0.0,0.0,0.0,1.0
1072Mb,4.0,0.0,0.0,1.0,0.0,4.0,3.0
1073Mb,0.0,10.0,0.0,0.0,3.0,2.0,0.0
1074Mb,0.0,4.0,0.0,0.0,0.0,1.0,5.0
1075Mb,0.0,0.0,1.0,3.0,8.0,2.0,0.0
1076Mb,8.0,0.0,4.0,0.0,0.0,4.0,0.0
1077Mb,0.0,0.0,0.0,0.0,4.0,4.0,0.0
1078Mb,0.0,3.0,2.0,0.0,0.0,0.0,0.0
1079Mb,0.0,0.0,10.0,0.0,0.0,6.0,0.0
1080Mb,0.0,0.0,0.0,0.0,0.0,1.0,0.0
1081Mb,2.0,0.0,0.0,0.0,1.0,3.0,0.0
1082Mb,0.0,0.0,0.0,0.0,0.0,6.0,0.0
1083Mb,4.0,1.0,0.0,4.0,0.0,0.0,0.0
1084Mb,3.0,0.0,16.0,6.0,0.0,0.0,11.0
1085Mb,0.0,0.0,8.0,0.0,6.0,0.0,0.0
1086Mb,5.0,0.0,1.0,4.0,2.0,0.0,6.0
1087Mb,0.0,0.0,6.0,4.0,0.0,0.0,4.0
1088Mb,2.0,0.0,0.0,5.0,1.0,0.0,0.0
1089Mb,0.0,0.0,0.0,0.0,0.0,0.0,0.0
1090Mb,0.0,3.0,0.0,5.0,8.0,2.0,1.0
1091Mb,3.0,1.0,0.0,0.0,0.0,0.0,0.0
1092Mb,1.0,2.0,1.0,5.0,0.0,1.0,0.0
1093Mb,4.0,3.0,3.0,1.0,2.0,0.0,0.0
1094Mb,0.0,1.0,1.0,0.0,6.0,3.0,0.0
1095Mb,4.0,0.0,1.0,3.0,0.0,3.0,0.0
1096Mb,0.0,0.0,0.0,4.0,5.0,0.0,2.0
1097Mb,3.0,3.0,0.0,0.0,1.0,2.0,0.0
1098Mb,8.0,0.0,0.0,5.0,3.0,0.0,0.0
1099Mb,4.0,0.0,2.0,3.0,2.0,1.0,0.0
1100Mb,8.0,0.0,2.0,7.0,0.0,0.0,0.0
1101Mb,0.0,0.0,4.0,7.0,0.0,0.0,0.0
1102Mb,10.0,1.0,0.0,2.0,0.0,0.0,0.0
1103Mb,0.0,1.0,1.0,1.0,3.0,0.0,1.0
1104Mb,3.0,0.0,0.0,0.0,0.0,5.0,5.0
1105Mb,0.0,0.0,1.0,0.0,2.0,6.0,8.0
1106Mb,0.0,0.0,3.0,4.0,5.0,0.0,0.0
1107Mb,0.0,0.0,6.0,0.0,0.0,3.0,3.0
1108Mb,0.0,0.0,2.0,1.0,1.0,8.0,3.0
1109Mb,0.0,0.0,0.0,0.0,2.0,0.0,0.0
1110Mb,2.0,5.0,0.0,0.0,6.0,0.0,0.0
1111Mb,0.0,0.0,2.0,0.0,1.0,1.0,0.0
1112Mb,0.0,0.0,4.0,0.0,0.0,0.0,0.0
1113Mb,4.0,0.0,0.0,0.0,1.0,0.0,2.0
1114Mb,2.0,0.0,0.0,0.0,0.0,1.0,0.0
1115Mb,0.0,0.0,0.0,0.0,0.0,0.0,0.0
1116Mb,0.0,1.0,0.0,10.0,1.0,1.0,0.0
1117Mb,3.0,0.0,2.0,0.0,0.0,0.0,1.0
1118Mb,0.0,0.0,0.0,0.0,0.0,0.0,0.0
1119Mb,0.0,0.0,0.0,1.0,2.0,0.0,2.0
1120Mb,4.0,0.0,0.0,0.0,1.0,0.0,3.0
1121Mb,4.0,0.0,9.0,0.0,0.0,2.0,0.0
1122Mb,3.0,1.0,3.0,0.0,0.0,0.0,0.0
1123Mb,2.0,0.0,0.0,0.0,2.0,3.0,0.0
1124Mb,1.0,5.0,10.0,1.0,1.0,0.0,0.0
1125Mb,0.0,0.0,7.0,0.0,0.0,0.0,0.0
1126Mb,0.0,0.0,12.0,0.0,4.0,6.0,0.0
1127Mb,0.0,0.0,0.0,1.0,0.0,0.0,0.0
1128Mb,4.0,2.0,0.0,0.0,0.0,1.0,3.0
1129Mb,0.0,0.0,0.0,0.0,0.0,2.0,0.0
1130Mb,2.0,0.0,13.0,3.0,0.0,0.0,0.0
1131Mb,1.0,3.0,0.0,4.0,3.0,2.0,3.0
1132Mb,2.0,0.0,0.0,2.0,0.0,0.0,0.0
1133Mb,1.0,0.0,1.0,0.0,0.0,1.0,1.0
1134Mb,1.0,4.0,0.0,4.0,0.0,3.0,2.0
1135Mb,0.0,0.0,5.0,2.0,3.0,0.0,2.0
1136Mb,0.0,0.0,0.0,0.0,0.0,0.0,0.0
1137Mb,2.0,0.0,0.0,4.0,4.0,0.0,1.0
1138Mb,0.0,0.0,3.0,0.0,0.0,7.0,0.0
1139Mb,0.0,0.0,2.0,0.0,0.0,1.0,0.0
1140Mb,0.0,0.0,7.0,0.0,2.0,0.0,0.0
1141Mb,6.0,0.0,5.0,0.0,0.0,2.0,1.0
1142Mb,0.0,0.0,0.0,0.0,0.0,0.0,0.0
1143Mb,4.0,0.0,3.0,0.0,2.0,2.0,0.0
1144Mb,0.0,0.0,0.0,2.0,0.0,0.0,0.0
1145Mb,0.0,0.0,0.0,0.0,0.0,1.0,1.0
1146Mb,3.0,0.0,0.0,0.0,5.0,0.0,0.0
1147Mb,3.0,0.0,4.0,0.0,5.0,6.0,1.0
1148Mb,1.0,0.0,5.0,2.0,0.0,1.0,0.0
1149Mb,0.0,0.0,0.0,0.0,2.0,0.0,0.0
1150Mb,1.0,0.0,3.0,0.0,9.0,6.0,0.0
1151Mb,0.0,0.0,0.0,2.0,0.0,0.0,0.0
1152Mb,0.0,7.0,0.0,1.0,0.0,0.0,0.0
1153Mb,2.0,4.0,9.0,1.0,0.0,0.0,0.0
1154Mb,3.0,1.0,0.0,2.0,0.0,1.0,0.0
1155Mb,2.0,1.0,3.0,0.0,0.0,1.0,3.0
1156Mb,0.0,0.0,0.0,3.0,0.0,1.0,3.0
1157Mb,1.0,3.0,0.0,4.0,0.0,1.0,0.0
1158Mb,0.0,0.0,0.0,0.0,3.0,1.0,5.0
1159Mb,0.0,0.0,0.0,0.0,1.0,0.0,0.0
1160Mb,0.0,0.0,2.0,4.0,4.0,0.0,0.0
1161Mb,6.0,0.0,1.0,7.0,2.0,6.0,0.0
1162Mb,0.0,0.0,0.0,0.0,0.0,3.0,0.0
1163Mb,0.0,0.0,5.0,0.0,0.0,0.0,6.0
1164Mb,0.0,0.0,4.0,0.0,0.0,1.0,6.0
1165Mb,0.0,0.0,0.0,0.0,0.0,2.0,0.0
1166Mb,1.0,1.0,10.0,2.0,0.0,0.0,0.0
1167Mb,0.0,0.0,0.0,1.0,0.0,1.0,0.0
1168Mb,3.0,3.0,0.0,0.0,0.0,0.0,0.0
1169Mb,0.0,1.0,1.0,0.0,2.0,0.0,1.0
1170Mb,0.0,1.0,2.0,0.0,0.0,0.0,1.0
1171Mb,2.0,0.0,0.0,0.0,0.0,0.0,0.0
1172Mb,0.0,0.0,2.0,0.0,3.0,7.0,0.0
1173Mb,0.0,0.0,8.0,19.0,0.0,0.0,0.0
1174Mb,0.0,2.0,1.0,0.0,4.0,6.0,0.0
1175Mb,0.0,0.0,0.0,5.0,0.0,1.0,0.0
1176Mb,0.0,0.0,0.0,2.0,6.0,0.0,0.0
1177Mb,0.0,0.0,0.0,0.0,1.0,1.0,2.0
1178Mb,0.0,4.0,5.0,3.0,0.0,0.0,0.0
1179Mb,0.0,1.0,0.0,6.0,0.0,4.0,1.0
1180Mb,6.0,5.0,0.0,3.0,0.0,0.0,2.0
1181Mb,0.0,0.0,0.0,0.0,2.0,4.0,0.0
1182Mb,0.0,0.0,1.0,0.0,0.0,0.0,0.0
1183Mb,3.0,5.0,0.0,1.0,0.0,0.0,0.0
1184Mb,16.0,1.0,9.0,1.0,2.0,0.0,2.0
1185Mb,6.0,0.0,0.0,0.0,1.0,6.0,0.0
1186Mb,1.0,2.0,1.0,0.0,0.0,0.0,0.0
1187Mb,7.0,2.0,3.0,2.0,0.0,4.0,0.0
1188Mb,1.0,0.0,1.0,1.0,0.0,18.0,3.0
1189Mb,0.0,0.0,0.0,1.0,1.0,2.0,2.0
1190Mb,1.0,0.0,6.0,5.0,3.0,3.0,0.0
1191Mb,1.0,0.0,1.0,0.0,2.0,18.0,0.0
1192Mb,1.0,0.0,0.0,2.0,7.0,0.0,0.0
1193Mb,1.0,0.0,3.0,1.0,0.0,0.0,3.0
1194Mb,0.0,0.0,0.0,0.0,13.0,2.0,1.0
1195Mb,2.0,0.0,0.0,0.0,0.0,1.0,2.0
1196Mb,0.0,0.0,1.0,1.0,3.0,0.0,0.0
1197Mb,3.0,0.0,5.0,7.0,0.0,0.0,0.0
1198Mb,3.0,0.0,1.0,0.0,0.0,0.0,0.0
1199Mb,0.0,0.0,0.0,0.0,0.0,0.0,0.0
1200Mb,3.0,0.0,2.0,0.0,0.0,0.0,1.0
1201Mb,0.0,0.0,0.0,0.0,0.0,3.0,1.0
1202Mb,6.0,0.0,0.0,3.0,0.0,1.0,2.0
1203Mb,10.0,0.0,3.0,0.0,4.0,8.0,2.0
1204Mb,0.0,0.0,0.0,0.0,0.0,15.0,1.0
1205Mb,0.0,0.0,0.0,0.0,0.0,0.0,0.0
1206Mb,0.0,0.0,0.0,5.0,3.0,1.0,0.0
1207Mb,2.0,0.0,0.0,2.0,1.0,3.0,0.0
1208Mb,0.0,0.0,3.0,0.0,0.0,0.0,0.0
1209Mb,0.0,0.0,0.0,0.0,0.0,0.0,1.0
1210Mb,12.0,0.0,0.0,6.0,0.0,0.0,0.0
1211Mb,2.0,0.0,9.0,0.0,0.0,2.0,0.0
1212Mb,9.0,0.0,1.0,0.0,0.0,2.0,0.0
1213Mb,1.0,0.0,0.0,3.0,2.0,2.0,2.0
1214Mb,1.0,1.0,0.0,0.0,0.0,8.0,0.0
1215Mb,0.0,5.0,0.0,0.0,1.0,1.0,2.0
1216Mb,7.0,0.0,0.0,0.0,1.0,0.0,0.0
1217Mb,1.0,0.0,4.0,0.0,6.0,0.0,2.0
1218Mb,0.0,5.0,0.0,0.0,1.0,1.0,0.0
1219Mb,0.0,7.0,0.0,0.0,2.0,2.0,0.0
1220Mb,0.0,0.0,0.0,0.0,0.0,0.0,0.0
1221Mb,9.0,3.0,5.0,1.0,1.0,4.0,4.0
1222Mb,16.0,7.0,3.0,0.0,0.0,6.0,0.0
1223Mb,0.0,1.0,0.0,0.0,0.0,0.0,0.0
1224Mb,0.0,0.0,0.0,2.0,0.0,0.0,0.0
1225Mb,0.0,0.0,3.0,0.0,10.0,0.0,1.0
1226Mb,0.0,4.0,7.0,2.0,0.0,3.0,0.0
1227Mb,12.0,0.0,6.0,0.0,0.0,1.0,7.0
1228Mb,5.0,7.0,0.0,0.0,7.0,0.0,0.0
1229Mb,0.0,0.0,0.0,0.0,0.0,2.0,0.0
1230Mb,0.0,8.0,0.0,2.0,0.0,6.0,3.0
1231Mb,0.0,0.0,2.0,3.0,0.0,0.0,0.0
1232Mb,0.0,9.0,1.0,0.0,0.0,0.0,0.0
1233Mb,0.0,0.0,3.0,4.0,0.0,1.0,5.0
1234Mb,0.0,0.0,4.0,0.0,7.0,1.0,2.0
1235Mb,0.0,0.0,0.0,0.0,2.0,0.0,0.0
1236Mb,7.0,0.0,2.0,0.0,0.0,0.0,2.0
1237Mb,0.0,0.0,4.0,0.0,5.0,0.0,5.0
1238Mb,2.0,6.0,0.0,4.0,4.0,3.0,6.0
1239Mb,7.0,5.0,0.0,4.0,0.0,0.0,0.0
1240Mb,0.0,1.0,3.0,5.0,0.0,0.0,0.0
1241Mb,0.0,0.0,1.0,0.0,0.0,0.0,0.0
1242Mb,0.0,0.0,3.0,0.0,1.0,6.0,0.0
1243Mb,0.0,0.0,0.0,4.0,10.0,0.0,0.0
1244Mb,11.0,0.0,3.0,1.0,0.0,0.0,0.0
1245Mb,7.0,0.0,0.0,0.0,1.0,0.0,1.0
1246Mb,1.0,0.0,0.0,1.0,0.0,0.0,0.0
1247Mb,0.0,0.0,0.0,0.0,0.0,1.0,0.0
1248Mb,0.0,0.0,4.0,0.0,7.0,0.0,2.0
1249Mb,0.0,4.0,0.0,2.0,0.0,0.0,0.0
1250Mb,0.0,0.0,7.0,0.0,2.0,3.0,0.0
1251Mb,0.0,0.0,4.0,0.0,0.0,2.0,3.0
1252Mb,8.0,0.0,0.0,0.0,0.0,0.0,2.0
1253Mb,13.0,0.0,6.0,0.0,0.0,5.0,0.0
1254Mb,3.0,1.0,0.0,0.0,3.0,1.0,0.0
1255Mb,2.0,0.0,0.0,0.0,10.0,0.0,0.0
1256Mb,6.0,0.0,4.0,0.0,2.0,2.0,3.0
1257Mb,0.0,0.0,0.0,2.0,1.0,0.0,1.0
1258Mb,0.0,9.0,2.0,1.0,0.0,0.0,1.0
1259Mb,0.0,5.0,0.0,0.0,0.0,0.0,0.0
1260Mb,0.0,3.0,2.0,0.0,10.0,1.0,0.0
1261Mb,0.0,0.0,2.0,0.0,3.0,0.0,0.0
1262Mb,0.0,0.0,3.0,0.0,0.0,0.0,3.0
1263Mb,6.0,0.0,0.0,1.0,1.0,0.0,1.0
1264Mb,8.0,0.0,0.0,0.0,0.0,3.0,0.0
1265Mb,0.0,0.0,2.0,11.0,1.0,0.0,2.0
1266Mb,2.0,0.0,1.0,0.0,10.0,0.0,0.0
1267Mb,1.0,3.0,0.0,3.0,3.0,0.0,0.0
1268Mb,3.0,0.0,0.0,1.0,1.0,0.0,2.0
1269Mb,4.0,0.0,0.0,3.0,0.0,2.0,0.0
1270Mb,1.0,0.0,0.0,1.0,0.0,1.0,0.0
1271Mb,0.0,0.0,0.0,1.0,1.0,0.0,4.0
1272Mb,0.0,0.0,0.0,0.0,0.0,2.0,0.0
1273Mb,0.0,0.0,1.0,0.0,1.0,1.0,0.0
1274Mb,0.0,0.0,0.0,0.0,0.0,0.0,1.0
1275Mb,2.0,0.0,7.0,1.0,1.0,0.0,0.0
1276Mb,0.0,0.0,0.0,0.0,0.0,4.0,1.0
1277Mb,3.0,0.0,0.0,0.0,0.0,0.0,5.0
1278Mb,5.0,2.0,0.0,4.0,0.0,4.0,0.0
1279Mb,12.0,0.0,0.0,0.0,0.0,0.0,0.0
1280Mb,0.0,3.0,3.0,0.0,0.0,0.0,0.0
1281Mb,1.0,0.0,0.0,5.0,0.0,0.0,1.0
1282Mb,6.0,0.0,0.0,0.0,0.0,3.0,0.0
1283Mb,6.0,2.0,3.0,0.0,0.0,0.0,1.0
1284Mb,0.0,0.0,0.0,0.0,0.0,2.0,2.0
1285Mb,0.0,3.0,5.0,3.0,5.0,0.0,2.0
1286Mb,1.0,0.0,5.0,10.0,0.0,0.0,0.0
1287Mb,6.0,1.0,0.0,0.0,0.0,4.0,9.0
1288Mb,3.0,0.0,0.0,0.0,0.0,0.0,0.0
1289Mb,0.0,1.0,0.0,0.0,0.0,1.0,2.0
1290Mb,3.0,2.0,0.0,0.0,0.0,1.0,3.0
1291Mb,10.0,8.0,0.0,0.0,0.0,0.0,0.0
1292Mb,6.0,0.0,0.0,0.0,0.0,0.0,2.0
1293Mb,0.0,0.0,0.0,2.0,2.0,1.0,11.0
1294Mb,1.0,1.0,3.0,1.0,0.0,0.0,6.0
1295Mb,0.0,1.0,0.0,5.0,1.0,2.0,0.0
1296Mb,1.0,0.0,0.0,0.0,0.0,4.0,2.0
1297Mb,0.0,0.0,0.0,0.0,1.0,3.0,0.0
1298Mb,3.0,0.0,1.0,0.0,13.0,0.0,3.0
1299Mb,9.0,0.0,7.0,0.0,2.0,0.0,2.0
1300Mb,0.0,0.0,0.0,4.0,0.0,0.0,9.0
1301Mb,0.0,0.0,3.0,1.0,3.0,0.0,2.0
1302Mb,3.0,1.0,0.0,0.0,0.0,0.0,5.0
1303Mb,4.0,0.0,3.0,0.0,0.0,0.0,5.0
1304Mb,0.0,0.0,0.0,0.0,0.0,0.0,0.0
1305Mb,18.0,0.0,5.0,0.0,5.0,0.0,0.0
1306Mb,1.0,0.0,3.0,0.0,1.0,0.0,0.0
1307Mb,0.0,0.0,2.0,0.0,9.0,0.0,3.0
1308Mb,7.0,5.0,0.0,0.0,0.0,0.0,0.0
1309Mb,0.0,0.0,0.0,0.0,0.0,0.0,2.0
1310Mb,0.0,0.0,2.0,0.0,0.0,0.0,0.0
1311Mb,0.0,1.0,0.0,1.0,0.0,0.0,0.0
1312Mb,0.0,0.0,5.0,1.0,3.0,0.0,0.0
1313Mb,0.0,3.0,1.0,0.0,2.0,0.0,1.0
1314Mb,2.0,0.0,0.0,0.0,3.0,0.0,0.0
1315Mb,2.0,0.0,5.0,0.0,0.0,0.0,0.0
1316Mb,0.0,0.0,1.0,6.0,1.0,0.0,2.0
1317Mb,4.0,0.0,0.0,0.0,0.0,0.0,0.0
1318Mb,0.0,0.0,0.0,0.0,0.0,0.0,1.0
1319Mb,1.0,0.0,0.0,0.0,0.0,0.0,2.0
1320Mb,8.0,0.0,0.0,3.0,1.0,0.0,3.0
1321Mb,3.0,0.0,0.0,0.0,0.0,0.0,0.0
1322Mb,2.0,0.0,8.0,0.0,0.0,0.0,0.0
1323Mb,6.0,0.0,3.0,7.0,3.0,0.0,0.0
1324Mb,0.0,2.0,0.0,2.0,0.0,0.0,0.0
1325Mb,2.0,0.0,0.0,0.0,0.0,0.0,0.0
1326Mb,0.0,0.0,1.0,0.0,0.0,0.0,7.0
1327Mb,0.0,0.0,1.0,0.0,4.0,0.0,0.0
1328Mb,0.0,0.0,0.0,0.0,0.0,0.0,0.0
1329Mb,3.0,0.0,0.0,0.0,0.0,0.0,4.0
1330Mb,0.0,0.0,2.0,0.0,2.0,0.0,0.0
1331Mb,0.0,0.0,0.0,1.0,0.0,0.0,2.0
1332Mb,0.0,0.0,2.0,8.0,0.0,0.0,0.0
1333Mb,0.0,0.0,0.0,2.0,8.0,0.0,0.0
1334Mb,0.0,0.0,1.0,0.0,4.0,0.0,0.0
1335Mb,0.0,0.0,1.0,0.0,0.0,0.0,1.0
1336Mb,0.0,0.0,0.0,0.0,5.0,0.0,0.0
1337Mb,0.0,0.0,1.0,0.0,0.0,0.0,16.0
1338Mb,6.0,0.0,0.0,0.0,0.0,0.0,5.0
1339Mb,0.0,0.0,0.0,3.0,1.0,0.0,8.0
1340Mb,0.0,0.0,0.0,0.0,0.0,0.0,2.0
1341Mb,0.0,3.0,0.0,0.0,1.0,0.0,0.0
1342Mb,1.0,0.0,1.0,0.0,0.0,0.0,0.0
1343Mb,0.0,0.0,0.0,3.0,0.0,0.0,0.0
1344Mb,0.0,5.0,9.0,1.0,0.0,0.0,1.0
1345Mb,1.0,0.0,0.0,0.0,1.0,0.0,0.0
1346Mb,5.0,7.0,0.0,0.0,0.0,0.0,1.0
1347Mb,2.0,0.0,0.0,0.0,0.0,0.0,2.0
1348Mb,0.0,0.0,1.0,2.0,0.0,0.0,0.0
1349Mb,2.0,0.0,1.0,0.0,0.0,0.0,3.0
1350Mb,0.0,0.0,1.0,2.0,1.0,0.0,11.0
1351Mb,3.0,0.0,4.0,2.0,0.0,0.0,0.0
1352Mb,0.0,0.0,4.0,0.0,0.0,0.0,0.0
1353Mb,0.0,0.0,0.0,0.0,2.0,0.0,0.0
1354Mb,12.0,1.0,0.0,0.0,4.0,0.0,0.0
1355Mb,9.0,4.0,0.0,0.0,4.0,0.0,3.0
1356Mb,1.0,1.0,0.0,0.0,0.0,0.0,4.0
1357Mb,0.0,4.0,0.0,1.0,0.0,0.0,0.0
1358Mb,0.0,0.0,0.0,0.0,3.0,0.0,8.0
1359Mb,3.0,0.0,0.0,3.0,5.0,0.0,0.0
1360Mb,2.0,0.0,0.0,0.0,0.0,0.0,0.0
1361Mb,0.0,2.0,0.0,1.0,0.0,0.0,1.0
1362Mb,9.0,11.0,0.0,3.0,2.0,0.0,3.0
1363Mb,0.0,1.0,2.0,5.0,0.0,0.0,0.0
1364Mb,0.0,0.0,0.0,0.0,0.0,0.0,0.0
1365Mb,0.0,0.0,3.0,0.0,0.0,0.0,0.0
1366Mb,0.0,1.0,1.0,4.0,0.0,0.0,0.0
1367Mb,1.0,0.0,0.0,1.0,1.0,0.0,0.0
1368Mb,1.0,0.0,4.0,1.0,0.0,0.0,1.0
1369Mb,0.0,2.0,0.0,0.0,6.0,0.0,11.0
1370Mb,1.0,0.0,4.0,1.0,0.0,0.0,0.0
1371Mb,2.0,0.0,2.0,2.0,3.0,0.0,0.0
1372Mb,2.0,2.0,3.0,0.0,0.0,0.0,3.0
1373Mb,2.0,1.0,4.0,0.0,3.0,0.0,0.0
1374Mb,0.0,0.0,0.0,3.0,1.0,0.0,4.0
1375Mb,0.0,0.0,0.0,0.0,0.0,0.0,2.0
1376Mb,1.0,0.0,0.0,11.0,0.0,0.0,2.0
1377Mb,12.0,0.0,6.0,0.0,0.0,0.0,0.0
1378Mb,0.0,0.0,0.0,6.0,0.0,0.0,0.0
1379Mb,0.0,0.0,0.0,0.0,3.0,0.0,0.0
1380Mb,0.0,0.0,1.0,0.0,0.0,0.0,0.0
1381Mb,0.0,0.0,2.0,1.0,0.0,0.0,0.0
1382Mb,0.0,0.0,2.0,2.0,1.0,0.0,0.0
1383Mb,5.0,0.0,2.0,0.0,0.0,0.0,0.0
1384Mb,5.0,0.0,1.0,2.0,0.0,0.0,0.0
1385Mb,0.0,0.0,9.0,0.0,0.0,0.0,0.0
1386Mb,0.0,0.0,1.0,0.0,1.0,0.0,0.0
1387Mb,0.0,0.0,8.0,3.0,2.0,0.0,0.0
1388Mb,0.0,0.0,0.0,0.0,1.0,0.0,0.0
1389Mb,6.0,7.0,3.0,0.0,2.0,0.0,0.0
1390Mb,0.0,0.0,0.0,5.0,0.0,0.0,0.0
1391Mb,5.0,0.0,0.0,0.0,4.0,0.0,0.0
1392Mb,1.0,0.0,1.0,0.0,8.0,0.0,0.0
1393Mb,2.0,0.0,12.0,5.0,1.0,0.0,0.0
1394Mb,6.0,0.0,0.0,0.0,4.0,0.0,0.0
1395Mb,0.0,0.0,0.0,6.0,0.0,0.0,0.0
1396Mb,0.0,0.0,0.0,0.0,0.0,0.0,0.0
1397Mb,0.0,0.0,0.0,0.0,0.0,0.0,0.0
1398Mb,0.0,0.0,0.0,0.0,0.0,0.0,0.0
1399Mb,4.0,0.0,0.0,10.0,0.0,0.0,0.0
1400Mb,2.0,0.0,0.0,0.0,0.0,0.0,0.0
1401Mb,1.0,0.0,0.0,0.0,0.0,0.0,0.0
1402Mb,0.0,0.0,0.0,2.0,5.0,0.0,0.0
1403Mb,0.0,0.0,0.0,1.0,0.0,0.0,0.0
1404Mb,0.0,0.0,10.0,0.0,0.0,0.0,0.0
1405Mb,0.0,1.0,1.0,1.0,5.0,0.0,0.0
1406Mb,2.0,0.0,7.0,0.0,0.0,0.0,0.0
1407Mb,3.0,1.0,0.0,0.0,0.0,0.0,0.0
1408Mb,1.0,0.0,0.0,0.0,2.0,0.0,0.0
1409Mb,0.0,12.0,0.0,4.0,0.0,0.0,0.0
1410Mb,7.0,0.0,9.0,0.0,1.0,0.0,0.0
1411Mb,2.0,0.0,3.0,9.0,7.0,0.0,0.0
1412Mb,0.0,0.0,0.0,0.0,1.0,0.0,0.0
1413Mb,0.0,0.0,0.0,1.0,1.0,0.0,0.0
1414Mb,0.0,0.0,4.0,1.0,1.0,0.0,0.0
1415Mb,0.0,0.0,13.0,0.0,2.0,0.0,0.0
1416Mb,4.0,0.0,0.0,0.0,4.0,0.0,0.0
1417Mb,3.0,0.0,4.0,0.0,0.0,0.0,0.0
1418Mb,0.0,6.0,1.0,0.0,3.0,0.0,0.0
1419Mb,1.0,1.0,2.0,0.0,0.0,0.0,0.0
1420Mb,10.0,0.0,0.0,0.0,0.0,0.0,0.0
1421Mb,1.0,0.0,0.0,0.0,2.0,0.0,0.0
1422Mb,0.0,0.0,1.0,0.0,1.0,0.0,0.0
1423Mb,0.0,0.0,1.0,0.0,0.0,0.0,0.0
1424Mb,0.0,0.0,0.0,1.0,4.0,0.0,0.0
1425Mb,2.0,0.0,0.0,5.0,1.0,0.0,0.0
1426Mb,0.0,1.0,5.0,0.0,0.0,0.0,0.0
1427Mb,0.0,0.0,0.0,3.0,3.0,0.0,0.0
1428Mb,0.0,0.0,0.0,0.0,4.0,0.0,0.0
1429Mb,7.0,0.0,0.0,0.0,1.0,0.0,0.0
1430Mb,0.0,0.0,2.0,2.0,8.0,0.0,0.0
1431Mb,0.0,0.0,3.0,0.0,8.0,0.0,0.0
1432Mb,6.0,0.0,0.0,0.0,1.0,0.0,0.0
1433Mb,1.0,0.0,0.0,0.0,0.0,0.0,0.0
1434Mb,1.0,0.0,0.0,1.0,8.0,0.0,0.0
1435Mb,0.0,0.0,3.0,1.0,0.0,0.0,0.0
1436Mb,0.0,0.0,0.0,0.0,0.0,0.0,0.0
1437Mb,10.0,0.0,10.0,6.0,0.0,0.0,0.0
1438Mb,3.0,10.0,0.0,0.0,0.0,0.0,0.0
1439Mb,2.0,5.0,0.0,0.0,2.0,0.0,0.0
1440Mb,2.0,0.0,1.0,0.0,2.0,0.0,0.0
1441Mb,0.0,0.0,9.0,0.0,2.0,0.0,0.0
1442Mb,8.0,0.0,0.0,3.0,1.0,0.0,0.0
1443Mb,0.0,0.0,0.0,1.0,2.0,0.0,0.0
1444Mb,0.0,4.0,5.0,0.0,0.0,0.0,0.0
1445Mb,0.0,2.0,3.0,0.0,16.0,0.0,0.0
1446Mb,2.0,2.0,5.0,2.0,3.0,0.0,0.0
1447Mb,1.0,0.0,3.0,2.0,3.0,0.0,0.0
1448Mb,1.0,1.0,0.0,4.0,1.0,0.0,0.0
1449Mb,10.0,0.0,0.0,0.0,0.0,0.0,0.0
1450Mb,7.0,6.0,2.0,0.0,0.0,0.0,0.0
1451Mb,4.0,0.0,0.0,0.0,0.0,0.0,0.0
1452Mb,0.0,1.0,1.0,0.0,3.0,0.0,0.0
1453Mb,0.0,1.0,3.0,1.0,0.0,0.0,0.0
1454Mb,0.0,0.0,2.0,0.0,4.0,0.0,0.0
1455Mb,1.0,1.0,0.0,4.0,0.0,0.0,0.0
1456Mb,0.0,0.0,0.0,0.0,0.0,0.0,0.0
1457Mb,13.0,0.0,0.0,0.0,0.0,0.0,0.0
1458Mb,0.0,0.0,0.0,9.0,0.0,0.0,0.0
1459Mb,0.0,0.0,0.0,0.0,0.0,0.0,0.0
1460Mb,5.0,4.0,1.0,4.0,0.0,0.0,0.0
1461Mb,4.0,0.0,4.0,0.0,0.0,0.0,0.0
1462Mb,5.0,0.0,0.0,0.0,0.0,0.0,0.0
1463Mb,0.0,2.0,0.0,2.0,0.0,0.0,0.0
1464Mb,4.0,0.0,0.0,0.0,0.0,0.0,0.0
1465Mb,2.0,0.0,0.0,0.0,0.0,0.0,0.0
1466Mb,0.0,3.0,0.0,0.0,1.0,0.0,0.0
1467Mb,0.0,11.0,0.0,6.0,3.0,0.0,0.0
1468Mb,0.0,3.0,0.0,1.0,0.0,0.0,0.0
1469Mb,6.0,3.0,0.0,0.0,0.0,0.0,0.0
1470Mb,1.0,0.0,2.0,7.0,0.0,0.0,0.0
1471Mb,0.0,5.0,1.0,3.0,1.0,0.0,0.0
1472Mb,7.0,6.0,2.0,0.0,0.0,0.0,0.0
1473Mb,8.0,7.0,0.0,7.0,0.0,0.0,0.0
1474Mb,5.0,2.0,13.0,1.0,0.0,0.0,0.0
1475Mb,1.0,4.0,1.0,1.0,2.0,0.0,0.0
1476Mb,0.0,3.0,6.0,8.0,0.0,0.0,0.0
1477Mb,1.0,0.0,0.0,2.0,0.0,0.0,0.0
1478Mb,1.0,2.0,4.0,0.0,2.0,0.0,0.0
1479Mb,0.0,1.0,0.0,0.0,0.0,0.0,0.0
1480Mb,0.0,4.0,0.0,0.0,0.0,0.0,0.0
1481Mb,1.0,1.0,0.0,0.0,0.0,0.0,0.0
1482Mb,6.0,2.0,0.0,0.0,0.0,0.0,0.0
1483Mb,4.0,0.0,5.0,0.0,1.0,0.0,0.0
1484Mb,0.0,0.0,0.0,0.0,0.0,0.0,0.0
1485Mb,0.0,0.0,0.0,0.0,0.0,0.0,0.0
1486Mb,7.0,0.0,0.0,0.0,0.0,0.0,0.0
1487Mb,0.0,0.0,0.0,1.0,0.0,0.0,0.0
1488Mb,0.0,1.0,0.0,0.0,0.0,0.0,0.0
1489Mb,1.0,0.0,0.0,0.0,0.0,0.0,0.0
1490Mb,0.0,0.0,1.0,5.0,1.0,0.0,0.0
1491Mb,0.0,0.0,3.0,0.0,0.0,0.0,0.0
1492Mb,0.0,0.0,2.0,2.0,0.0,0.0,0.0
1493Mb,0.0,0.0,0.0,0.0,0.0,0.0,0.0
1494Mb,0.0,1.0,0.0,0.0,2.0,0.0,0.0
1495Mb,3.0,0.0,6.0,0.0,1.0,0.0,0.0
1496Mb,1.0,0.0,0.0,0.0,2.0,0.0,0.0
1497Mb,0.0,0.0,0.0,0.0,0.0,0.0,0.0
1498Mb,0.0,0.0,4.0,0.0,1.0,0.0,0.0
1499Mb,0.0,0.0,0.0,0.0,1.0,0.0,0.0
1500Mb,0.0,0.0,14.0,4.0,0.0,0.0,0.0
1501Mb,3.0,0.0,2.0,2.0,0.0,0.0,0.0
1502Mb,1.0,0.0,0.0,0.0,0.0,0.0,0.0
1503Mb,0.0,0.0,1.0,0.0,0.0,0.0,0.0
1504Mb,3.0,0.0,1.0,0.0,0.0,0.0,0.0
1505Mb,0.0,0.0,9.0,3.0,7.0,0.0,0.0
1506Mb,4.0,0.0,0.0,0.0,0.0,0.0,0.0
1507Mb,0.0,0.0,2.0,5.0,1.0,0.0,0.0
1508Mb,0.0,0.0,0.0,6.0,6.0,0.0,0.0
1509Mb,0.0,0.0,0.0,0.0,3.0,0.0,0.0
1510Mb,1.0,0.0,0.0,0.0,5.0,0.0,0.0
1511Mb,10.0,0.0,2.0,2.0,0.0,0.0,0.0
1512Mb,3.0,0.0,0.0,0.0,0.0,0.0,0.0
1513Mb,3.0,0.0,0.0,0.0,2.0,0.0,0.0
1514Mb,0.0,0.0,0.0,5.0,0.0,0.0,0.0
1515Mb,0.0,0.0,0.0,1.0,1.0,0.0,0.0
1516Mb,0.0,0.0,4.0,1.0,0.0,0.0,0.0
1517Mb,6.0,0.0,0.0,0.0,0.0,0.0,0.0
1518Mb,2.0,0.0,2.0,2.0,5.0,0.0,0.0
1519Mb,3.0,0.0,0.0,1.0,0.0,0.0,0.0
1520Mb,0.0,0.0,1.0,0.0,4.0,0.0,0.0
1521Mb,0.0,0.0,1.0,0.0,0.0,0.0,0.0
1522Mb,0.0,0.0,2.0,2.0,0.0,0.0,0.0
1523Mb,11.0,0.0,5.0,0.0,5.0,0.0,0.0
1524Mb,1.0,0.0,1.0,1.0,0.0,0.0,0.0
1525Mb,0.0,0.0,8.0,1.0,1.0,0.0,0.0
1526Mb,0.0,0.0,1.0,1.0,0.0,0.0,0.0
1527Mb,5.0,0.0,0.0,0.0,0.0,0.0,0.0
1528Mb,0.0,0.0,0.0,0.0,3.0,0.0,0.0
1529Mb,0.0,0.0,0.0,0.0,0.0,0.0,0.0
1530Mb,1.0,0.0,2.0,0.0,0.0,0.0,0.0
1531Mb,0.0,0.0,0.0,0.0,1.0,0.0,0.0
1532Mb,0.0,0.0,1.0,0.0,1.0,0.0,0.0
1533Mb,0.0,0.0,1.0,0.0,0.0,0.0,0.0
1534Mb,7.0,0.0,1.0,0.0,0.0,0.0,0.0
1535Mb,1.0,0.0,5.0,0.0,6.0,0.0,0.0
1536Mb,0.0,0.0,0.0,0.0,0.0,0.0,0.0
1537Mb,4.0,0.0,0.0,0.0,1.0,0.0,0.0
1538Mb,0.0,0.0,2.0,0.0,0.0,0.0,0.0
1539Mb,5.0,0.0,3.0,0.0,0.0,0.0,0.0
1540Mb,0.0,0.0,0.0,0.0,0.0,0.0,0.0
1541Mb,0.0,0.0,2.0,0.0,3.0,0.0,0.0
1542Mb,0.0,0.0,0.0,0.0,0.0,0.0,0.0
1543Mb,1.0,0.0,0.0,0.0,7.0,0.0,0.0
1544Mb,6.0,0.0,2.0,0.0,0.0,0.0,0.0
1545Mb,3.0,0.0,0.0,0.0,4.0,0.0,0.0
1546Mb,2.0,0.0,0.0,0.0,6.0,0.0,0.0
1547Mb,0.0,0.0,0.0,0.0,0.0,0.0,0.0
1548Mb,0.0,0.0,7.0,0.0,5.0,0.0,0.0
1549Mb,1.0,0.0,2.0,0.0,2.0,0.0,0.0
1550Mb,0.0,0.0,1.0,0.0,0.0,0.0,0.0
1551Mb,2.0,0.0,0.0,0.0,0.0,0.0,0.0
1552Mb,10.0,0.0,0.0,0.0,0.0,0.0,0.0
1553Mb,0.0,0.0,0.0,0.0,0.0,0.0,0.0
1554Mb,5.0,0.0,0.0,0.0,1.0,0.0,0.0
1555Mb,2.0,0.0,0.0,0.0,0.0,0.0,0.0
1556Mb,1.0,0.0,1.0,0.0,0.0,0.0,0.0
1557Mb,3.0,0.0,0.0,0.0,1.0,0.0,0.0
1558Mb,13.0,0.0,2.0,0.0,0.0,0.0,0.0
1559Mb,0.0,0.0,7.0,0.0,0.0,0.0,0.0
1560Mb,0.0,0.0,13.0,0.0,0.0,0.0,0.0
1561Mb,4.0,0.0,0.0,0.0,0.0,0.0,0.0
1562Mb,4.0,0.0,0.0,0.0,0.0,0.0,0.0
1563Mb,0.0,0.0,0.0,0.0,0.0,0.0,0.0
1564Mb,1.0,0.0,0.0,0.0,0.0,0.0,0.0
1565Mb,0.0,0.0,0.0,0.0,0.0,0.0,0.0
1566Mb,0.0,0.0,0.0,0.0,0.0,0.0,0.0
1567Mb,5.0,0.0,4.0,0.0,0.0,0.0,0.0
1568Mb,12.0,0.0,0.0,0.0,1.0,0.0,0.0
1569Mb,0.0,0.0,0.0,0.0,0.0,0.0,0.0
1570Mb,3.0,0.0,0.0,0.0,0.0,0.0,0.0
1571Mb,0.0,0.0,0.0,0.0,0.0,0.0,0.0
1572Mb,2.0,0.0,4.0,0.0,0.0,0.0,0.0
1573Mb,0.0,0.0,4.0,0.0,1.0,0.0,0.0
1574Mb,7.0,0.0,0.0,0.0,0.0,0.0,0.0
1575Mb,4.0,0.0,0.0,0.0,0.0,0.0,0.0
1576Mb,0.0,0.0,1.0,0.0,0.0,0.0,0.0
1577Mb,0.0,0.0,0.0,0.0,0.0,0.0,0.0
1578Mb,5.0,0.0,0.0,0.0,6.0,0.0,0.0
1579Mb,1.0,0.0,0.0,0.0,0.0,0.0,0.0
1580Mb,2.0,0.0,0.0,0.0,1.0,0.0,0.0
1581Mb,1.0,0.0,5.0,0.0,0.0,0.0,0.0
1582Mb,0.0,0.0,6.0,0.0,0.0,0.0,0.0
1583Mb,4.0,0.0,0.0,0.0,10.0,0.0,0.0
1584Mb,0.0,0.0,4.0,0.0,1.0,0.0,0.0
1585Mb,0.0,0.0,0.0,0.0,0.0,0.0,0.0
1586Mb,3.0,0.0,0.0,0.0,0.0,0.0,0.0
1587Mb,0.0,0.0,0.0,0.0,0.0,0.0,0.0
1588Mb,0.0,0.0,0.0,0.0,2.0,0.0,0.0
1589Mb,0.0,0.0,0.0,0.0,0.0,0.0,0.0
1590Mb,0.0,0.0,0.0,0.0,0.0,0.0,0.0
1591Mb,0.0,0.0,0.0,0.0,0.0,0.0,0.0
1592Mb,0.0,0.0,4.0,0.0,0.0,0.0,0.0
1593Mb,0.0,0.0,0.0,0.0,0.0,0.0,0.0
1594Mb,4.0,0.0,2.0,0.0,0.0,0.0,0.0
1595Mb,1.0,0.0,0.0,0.0,0.0,0.0,0.0
1596Mb,0.0,0.0,2.0,0.0,0.0,0.0,0.0
1597Mb,1.0,0.0,0.0,0.0,0.0,0.0,0.0
1598Mb,1.0,0.0,0.0,0.0,0.0,0.0,0.0
1599Mb,5.0,0.0,0.0,0.0,0.0,0.0,0.0
1600Mb,0.0,0.0,1.0,0.0,0.0,0.0,0.0
1601Mb,5.0,0.0,3.0,0.0,0.0,0.0,0.0
1602Mb,1.0,0.0,0.0,0.0,0.0,0.0,0.0
1603Mb,1.0,0.0,1.0,0.0,0.0,0.0,0.0
1604Mb,0.0,0.0,0.0,0.0,0.0,0.0,0.0
1605Mb,4.0,0.0,0.0,0.0,0.0,0.0,0.0
1606Mb,0.0,0.0,0.0,0.0,0.0,0.0,0.0
1607Mb,8.0,0.0,4.0,0.0,0.0,0.0,0.0
1608Mb,1.0,0.0,6.0,0.0,0.0,0.0,0.0
1609Mb,4.0,0.0,0.0,0.0,0.0,0.0,0.0
1610Mb,1.0,0.0,1.0,0.0,0.0,0.0,0.0
1611Mb,8.0,0.0,0.0,0.0,0.0,0.0,0.0
1612Mb,0.0,0.0,0.0,0.0,0.0,0.0,0.0
1613Mb,0.0,0.0,1.0,0.0,0.0,0.0,0.0
1614Mb,0.0,0.0,0.0,0.0,0.0,0.0,0.0
1615Mb,0.0,0.0,0.0,0.0,0.0,0.0,0.0
1616Mb,8.0,0.0,1.0,0.0,0.0,0.0,0.0
1617Mb,2.0,0.0,0.0,0.0,0.0,0.0,0.0
1618Mb,11.0,0.0,6.0,0.0,0.0,0.0,0.0
1619Mb,0.0,0.0,1.0,0.0,0.0,0.0,0.0
1620Mb,2.0,0.0,2.0,0.0,0.0,0.0,0.0
1621Mb,4.0,0.0,0.0,0.0,0.0,0.0,0.0
1622Mb,0.0,0.0,0.0,0.0,0.0,0.0,0.0
1623Mb,1.0,0.0,0.0,0.0,0.0,0.0,0.0
1624Mb,0.0,0.0,1.0,0.0,0.0,0.0,0.0
1625Mb,0.0,0.0,0.0,0.0,0.0,0.0,0.0
1626Mb,3.0,0.0,1.0,0.0,0.0,0.0,0.0
1627Mb,5.0,0.0,0.0,0.0,0.0,0.0,0.0
1628Mb,0.0,0.0,0.0,0.0,0.0,0.0,0.0
1629Mb,0.0,0.0,0.0,0.0,0.0,0.0,0.0
1630Mb,3.0,0.0,6.0,0.0,0.0,0.0,0.0
1631Mb,0.0,0.0,0.0,0.0,0.0,0.0,0.0
1632Mb,2.0,0.0,1.0,0.0,0.0,0.0,0.0
1633Mb,3.0,0.0,0.0,0.0,0.0,0.0,0.0
1634Mb,0.0,0.0,0.0,0.0,0.0,0.0,0.0
1635Mb,0.0,0.0,0.0,0.0,0.0,0.0,0.0
1636Mb,1.0,0.0,6.0,0.0,0.0,0.0,0.0
1637Mb,0.0,0.0,1.0,0.0,0.0,0.0,0.0
1638Mb,7.0,0.0,1.0,0.0,0.0,0.0,0.0
1639Mb,0.0,0.0,2.0,0.0,0.0,0.0,0.0
1640Mb,2.0,0.0,0.0,0.0,0.0,0.0,0.0
1641Mb,0.0,0.0,2.0,0.0,0.0,0.0,0.0
1642Mb,0.0,0.0,1.0,0.0,0.0,0.0,0.0
1643Mb,0.0,0.0,4.0,0.0,0.0,0.0,0.0
1644Mb,0.0,0.0,0.0,0.0,0.0,0.0,0.0
1645Mb,0.0,0.0,0.0,0.0,0.0,0.0,0.0
1646Mb,0.0,0.0,3.0,0.0,0.0,0.0,0.0
1647Mb,2.0,0.0,4.0,0.0,0.0,0.0,0.0
1648Mb,0.0,0.0,0.0,0.0,0.0,0.0,0.0
1649Mb,0.0,0.0,6.0,0.0,0.0,0.0,0.0
1650Mb,0.0,0.0,15.0,0.0,0.0,0.0,0.0
1651Mb,2.0,0.0,1.0,0.0,0.0,0.0,0.0
1652Mb,1.0,0.0,0.0,0.0,0.0,0.0,0.0
1653Mb,4.0,0.0,0.0,0.0,0.0,0.0,0.0
1654Mb,0.0,0.0,1.0,0.0,0.0,0.0,0.0
1655Mb,3.0,0.0,7.0,0.0,0.0,0.0,0.0
1656Mb,0.0,0.0,0.0,0.0,0.0,0.0,0.0
1657Mb,1.0,0.0,0.0,0.0,0.0,0.0,0.0
1658Mb,3.0,0.0,0.0,0.0,0.0,0.0,0.0
1659Mb,14.0,0.0,0.0,0.0,0.0,0.0,0.0
1660Mb,10.0,0.0,0.0,0.0,0.0,0.0,0.0
1661Mb,0.0,0.0,0.0,0.0,0.0,0.0,0.0
1662Mb,0.0,0.0,0.0,0.0,0.0,0.0,0.0
1663Mb,6.0,0.0,12.0,0.0,0.0,0.0,0.0
1664Mb,0.0,0.0,5.0,0.0,0.0,0.0,0.0
1665Mb,1.0,0.0,0.0,0.0,0.0,0.0,0.0
1666Mb,1.0,0.0,0.0,0.0,0.0,0.0,0.0
1667Mb,1.0,0.0,1.0,0.0,0.0,0.0,0.0
1668Mb,0.0,0.0,0.0,0.0,0.0,0.0,0.0
1669Mb,0.0,0.0,3.0,0.0,0.0,0.0,0.0
1670Mb,0.0,0.0,1.0,0.0,0.0,0.0,0.0
1671Mb,0.0,0.0,0.0,0.0,0.0,0.0,0.0
1672Mb,12.0,0.0,1.0,0.0,0.0,0.0,0.0
1673Mb,0.0,0.0,4.0,0.0,0.0,0.0,0.0
1674Mb,0.0,0.0,0.0,0.0,0.0,0.0,0.0
1675Mb,0.0,0.0,4.0,0.0,0.0,0.0,0.0
1676Mb,3.0,0.0,0.0,0.0,0.0,0.0,0.0
1677Mb,0.0,0.0,0.0,0.0,0.0,0.0,0.0
1678Mb,5.0,0.0,1.0,0.0,0.0,0.0,0.0
1679Mb,0.0,0.0,6.0,0.0,0.0,0.0,0.0
1680Mb,0.0,0.0,2.0,0.0,0.0,0.0,0.0
1681Mb,2.0,0.0,10.0,0.0,0.0,0.0,0.0
1682Mb,1.0,0.0,0.0,0.0,0.0,0.0,0.0
1683Mb,0.0,0.0,3.0,0.0,0.0,0.0,0.0
1684Mb,7.0,0.0,5.0,0.0,0.0,0.0,0.0
1685Mb,0.0,0.0,6.0,0.0,0.0,0.0,0.0
1686Mb,4.0,0.0,7.0,0.0,0.0,0.0,0.0
1687Mb,0.0,0.0,0.0,0.0,0.0,0.0,0.0
1688Mb,1.0,0.0,1.0,0.0,0.0,0.0,0.0
1689Mb,1.0,0.0,0.0,0.0,0.0,0.0,0.0
1690Mb,4.0,0.0,0.0,0.0,0.0,0.0,0.0
1691Mb,0.0,0.0,3.0,0.0,0.0,0.0,0.0
1692Mb,0.0,0.0,3.0,0.0,0.0,0.0,0.0
1693Mb,3.0,0.0,0.0,0.0,0.0,0.0,0.0
1694Mb,0.0,0.0,0.0,0.0,0.0,0.0,0.0
1695Mb,3.0,0.0,0.0,0.0,0.0,0.0,0.0
1696Mb,1.0,0.0,8.0,0.0,0.0,0.0,0.0
1697Mb,6.0,0.0,1.0,0.0,0.0,0.0,0.0
1698Mb,1.0,0.0,0.0,0.0,0.0,0.0,0.0
1699Mb,1.0,0.0,3.0,0.0,0.0,0.0,0.0
1700Mb,0.0,0.0,1.0,0.0,0.0,0.0,0.0
1701Mb,0.0,0.0,0.0,0.0,0.0,0.0,0.0
1702Mb,0.0,0.0,0.0,0.0,0.0,0.0,0.0
1703Mb,0.0,0.0,1.0,0.0,0.0,0.0,0.0
1704Mb,0.0,0.0,0.0,0.0,0.0,0.0,0.0
1705Mb,0.0,0.0,0.0,0.0,0.0,0.0,0.0
1706Mb,0.0,0.0,9.0,0.0,0.0,0.0,0.0
1707Mb,0.0,0.0,2.0,0.0,0.0,0.0,0.0
1708Mb,7.0,0.0,0.0,0.0,0.0,0.0,0.0
1709Mb,0.0,0.0,0.0,0.0,0.0,0.0,0.0
1710Mb,1.0,0.0,0.0,0.0,0.0,0.0,0.0
1711Mb,0.0,0.0,0.0,0.0,0.0,0.0,0.0
1712Mb,5.0,0.0,0.0,0.0,0.0,0.0,0.0
1713Mb,2.0,0.0,0.0,0.0,0.0,0.0,0.0
1714Mb,2.0,0.0,0.0,0.0,0.0,0.0,0.0
1715Mb,0.0,0.0,0.0,0.0,0.0,0.0,0.0
1716Mb,2.0,0.0,0.0,0.0,0.0,0.0,0.0
1717Mb,5.0,0.0,0.0,0.0,0.0,0.0,0.0
1718Mb,0.0,0.0,0.0,0.0,0.0,0.0,0.0
1719Mb,0.0,0.0,0.0,0.0,0.0,0.0,0.0
1720Mb,0.0,0.0,0.0,0.0,0.0,0.0,0.0
1721Mb,11.0,0.0,0.0,0.0,0.0,0.0,0.0
1722Mb,3.0,0.0,0.0,0.0,0.0,0.0,0.0
1723Mb,0.0,0.0,0.0,0.0,0.0,0.0,0.0
1724Mb,0.0,0.0,0.0,0.0,0.0,0.0,0.0
1725Mb,3.0,0.0,0.0,0.0,0.0,0.0,0.0
1726Mb,1.0,0.0,0.0,0.0,0.0,0.0,0.0
1727Mb,0.0,0.0,0.0,0.0,0.0,0.0,0.0
1728Mb,0.0,0.0,0.0,0.0,0.0,0.0,0.0
1729Mb,14.0,0.0,0.0,0.0,0.0,0.0,0.0
1730Mb,0.0,0.0,0.0,0.0,0.0,0.0,0.0
1731Mb,0.0,0.0,0.0,0.0,0.0,0.0,0.0
1732Mb,0.0,0.0,0.0,0.0,0.0,0.0,0.0
1733Mb,0.0,0.0,0.0,0.0,0.0,0.0,0.0
1734Mb,4.0,0.0,0.0,0.0,0.0,0.0,0.0
1735Mb,0.0,0.0,0.0,0.0,0.0,0.0,0.0
1736Mb,8.0,0.0,0.0,0.0,0.0,0.0,0.0
1737Mb,0.0,0.0,0.0,0.0,0.0,0.0,0.0
1738Mb,7.0,0.0,0.0,0.0,0.0,0.0,0.0
1739Mb,0.0,0.0,0.0,0.0,0.0,0.0,0.0
1740Mb,10.0,0.0,0.0,0.0,0.0,0.0,0.0
1741Mb,0.0,0.0,0.0,0.0,0.0,0.0,0.0
1742Mb,0.0,0.0,0.0,0.0,0.0,0.0,0.0
1743Mb,5.0,0.0,0.0,0.0,0.0,0.0,0.0
1744Mb,0.0,0.0,0.0,0.0,0.0,0.0,0.0
1745Mb,0.0,0.0,0.0,0.0,0.0,0.0,0.0
1746Mb,0.0,0.0,0.0,0.0,0.0,0.0,0.0
1747Mb,0.0,0.0,0.0,0.0,0.0,0.0,0.0
1748Mb,0.0,0.0,0.0,0.0,0.0,0.0,0.0
1749Mb,2.0,0.0,0.0,0.0,0.0,0.0,0.0
1750Mb,1.0,0.0,0.0,0.0,0.0,0.0,0.0
1751Mb,2.0,0.0,0.0,0.0,0.0,0.0,0.0
1752Mb,0.0,0.0,0.0,0.0,0.0,0.0,0.0
1753Mb,6.0,0.0,0.0,0.0,0.0,0.0,0.0
1754Mb,0.0,0.0,0.0,0.0,0.0,0.0,0.0
1755Mb,7.0,0.0,0.0,0.0,0.0,0.0,0.0
1756Mb,15.0,0.0,0.0,0.0,0.0,0.0,0.0
1757Mb,0.0,0.0,0.0,0.0,0.0,0.0,0.0
1758Mb,10.0,0.0,0.0,0.0,0.0,0.0,0.0
1759Mb,0.0,0.0,0.0,0.0,0.0,0.0,0.0
1760Mb,0.0,0.0,0.0,0.0,0.0,0.0,0.0
1761Mb,2.0,0.0,0.0,0.0,0.0,0.0,0.0
1762Mb,0.0,0.0,0.0,0.0,0.0,0.0,0.0
1763Mb,3.0,0.0,0.0,0.0,0.0,0.0,0.0
1764Mb,0.0,0.0,0.0,0.0,0.0,0.0,0.0
1765Mb,12.0,0.0,0.0,0.0,0.0,0.0,0.0
1766Mb,1.0,0.0,0.0,0.0,0.0,0.0,0.0
1767Mb,0.0,0.0,0.0,0.0,0.0,0.0,0.0
1768Mb,2.0,0.0,0.0,0.0,0.0,0.0,0.0
1769Mb,1.0,0.0,0.0,0.0,0.0,0.0,0.0
1770Mb,2.0,0.0,0.0,0.0,0.0,0.0,0.0
1771Mb,2.0,0.0,0.0,0.0,0.0,0.0,0.0
1772Mb,1.0,0.0,0.0,0.0,0.0,0.0,0.0
1773Mb,3.0,0.0,0.0,0.0,0.0,0.0,0.0
1774Mb,0.0,0.0,0.0,0.0,0.0,0.0,0.0
1775Mb,7.0,0.0,0.0,0.0,0.0,0.0,0.0
1776Mb,3.0,0.0,0.0,0.0,0.0,0.0,0.0
1777Mb,7.0,0.0,0.0,0.0,0.0,0.0,0.0
1778Mb,0.0,0.0,0.0,0.0,0.0,0.0,0.0
1779Mb,0.0,0.0,0.0,0.0,0.0,0.0,0.0
1780Mb,0.0,0.0,0.0,0.0,0.0,0.0,0.0
1781Mb,1.0,0.0,0.0,0.0,0.0,0.0,0.0
1782Mb,3.0,0.0,0.0,0.0,0.0,0.0,0.0
1783Mb,2.0,0.0,0.0,0.0,0.0,0.0,0.0
1784Mb,0.0,0.0,0.0,0.0,0.0,0.0,0.0
1785Mb,0.0,0.0,0.0,0.0,0.0,0.0,0.0
1786Mb,0.0,0.0,0.0,0.0,0.0,0.0,0.0
1787Mb,4.0,0.0,0.0,0.0,0.0,0.0,0.0
1788Mb,6.0,0.0,0.0,0.0,0.0,0.0,0.0
1789Mb,0.0,0.0,0.0,0.0,0.0,0.0,0.0
1790Mb,3.0,0.0,0.0,0.0,0.0,0.0,0.0
1791Mb,0.0,0.0,0.0,0.0,0.0,0.0,0.0
1792Mb,0.0,0.0,0.0,0.0,0.0,0.0,0.0
1793Mb,1.0,0.0,0.0,0.0,0.0,0.0,0.0
1794Mb,2.0,0.0,0.0,0.0,0.0,0.0,0.0
1795Mb,0.0,0.0,0.0,0.0,0.0,0.0,0.0
1796Mb,6.0,0.0,0.0,0.0,0.0,0.0,0.0
1797Mb,0.0,0.0,0.0,0.0,0.0,0.0,0.0
1798Mb,0.0,0.0,0.0,0.0,0.0,0.0,0.0
1799Mb,4.0,0.0,0.0,0.0,0.0,0.0,0.0
1800Mb,3.0,0.0,0.0,0.0,0.0,0.0,0.0
1801Mb,3.0,0.0,0.0,0.0,0.0,0.0,0.0
1802Mb,6.0,0.0,0.0,0.0,0.0,0.0,0.0
1803Mb,0.0,0.0,0.0,0.0,0.0,0.0,0.0
1804Mb,0.0,0.0,0.0,0.0,0.0,0.0,0.0
1805Mb,2.0,0.0,0.0,0.0,0.0,0.0,0.0
1806Mb,0.0,0.0,0.0,0.0,0.0,0.0,0.0
1807Mb,0.0,0.0,0.0,0.0,0.0,0.0,0.0
1808Mb,0.0,0.0,0.0,0.0,0.0,0.0,0.0
1809Mb,0.0,0.0,0.0,0.0,0.0,0.0,0.0
1810Mb,2.0,0.0,0.0,0.0,0.0,0.0,0.0
1811Mb,0.0,0.0,0.0,0.0,0.0,0.0,0.0
1812Mb,1.0,0.0,0.0,0.0,0.0,0.0,0.0
1813Mb,10.0,0.0,0.0,0.0,0.0,0.0,0.0
1814Mb,2.0,0.0,0.0,0.0,0.0,0.0,0.0
1815Mb,0.0,0.0,0.0,0.0,0.0,0.0,0.0
1816Mb,0.0,0.0,0.0,0.0,0.0,0.0,0.0
1817Mb,4.0,0.0,0.0,0.0,0.0,0.0,0.0
1818Mb,4.0,0.0,0.0,0.0,0.0,0.0,0.0
1819Mb,0.0,0.0,0.0,0.0,0.0,0.0,0.0
1820Mb,1.0,0.0,0.0,0.0,0.0,0.0,0.0
1821Mb,1.0,0.0,0.0,0.0,0.0,0.0,0.0
1822Mb,0.0,0.0,0.0,0.0,0.0,0.0,0.0
1823Mb,1.0,0.0,0.0,0.0,0.0,0.0,0.0
1824Mb,5.0,0.0,0.0,0.0,0.0,0.0,0.0
1825Mb,0.0,0.0,0.0,0.0,0.0,0.0,0.0
1826Mb,0.0,0.0,0.0,0.0,0.0,0.0,0.0
1827Mb,4.0,0.0,0.0,0.0,0.0,0.0,0.0
1828Mb,5.0,0.0,0.0,0.0,0.0,0.0,0.0
1829Mb,0.0,0.0,0.0,0.0,0.0,0.0,0.0
1830Mb,2.0,0.0,0.0,0.0,0.0,0.0,0.0
1831Mb,0.0,0.0,0.0,0.0,0.0,0.0,0.0
1832Mb,9.0,0.0,0.0,0.0,0.0,0.0,0.0
1833Mb,2.0,0.0,0.0,0.0,0.0,0.0,0.0
1834Mb,0.0,0.0,0.0,0.0,0.0,0.0,0.0
1835Mb,0.0,0.0,0.0,0.0,0.0,0.0,0.0
1836Mb,1.0,0.0,0.0,0.0,0.0,0.0,0.0
1837Mb,1.0,0.0,0.0,0.0,0.0,0.0,0.0
1838Mb,0.0,0.0,0.0,0.0,0.0,0.0,0.0
1839Mb,1.0,0.0,0.0,0.0,0.0,0.0,0.0
1840Mb,0.0,0.0,0.0,0.0,0.0,0.0,0.0
1841Mb,1.0,0.0,0.0,0.0,0.0,0.0,0.0
1842Mb,6.0,0.0,0.0,0.0,0.0,0.0,0.0
1843Mb,1.0,0.0,0.0,0.0,0.0,0.0,0.0
1844Mb,3.0,0.0,0.0,0.0,0.0,0.0,0.0
1845Mb,7.0,0.0,0.0,0.0,0.0,0.0,0.0
1846Mb,4.0,0.0,0.0,0.0,0.0,0.0,0.0
1847Mb,0.0,0.0,0.0,0.0,0.0,0.0,0.0
1848Mb,6.0,0.0,0.0,0.0,0.0,0.0,0.0
1849Mb,0.0,0.0,0.0,0.0,0.0,0.0,0.0
1850Mb,0.0,0.0,0.0,0.0,0.0,0.0,0.0
1851Mb,12.0,0.0,0.0,0.0,0.0,0.0,0.0
1852Mb,3.0,0.0,0.0,0.0,0.0,0.0,0.0
